listing_id,suburb,property_type,bedrooms,floor_size_m2,list_date,sold_date,status,list_price_zar,sold_price_zar
L103983,Brooklyn,Apartment,2,136.0,2023-01-01,2023-02-17,Sold,2624000.0,2390000.0
L103686,Menlo Park,Apartment,2,104.0,2023-01-01,2023-01-19,Sold,1999000.0,1975000.0
L102403,Bryanston,Apartment,2,76.0,2023-01-01,2023-01-20,Sold,1725000.0,1725000.0
L102506,Sandton,Apartment,3,169.0,2023-01-01,2023-02-09,Sold,5132000.0,5132000.0
L100981,Bryanston,Townhouse,3,213.0,2023-01-01,,Withdrawn,4926000.0,
L105546,Sandton,Apartment,1,52.0,2023-01-01,2023-02-10,Sold,1275000.0,1229000.0
L104823,Centurion,House,2,170.0,2023-01-02,2023-01-19,Sold,2952000.0,2814000.0
L101832,Lynnwood,House,2,148.0,2023-01-02,2023-02-02,Sold,3740000.0,3666000.0
L104092,Bryanston,House,5,350.0,2023-01-02,2023-02-14,Sold,8256000.0,8256000.0
L103838,Rooihuiskraal,Apartment,1,51.0,2023-01-02,2023-02-09,Sold,594000.0,573000.0
L102364,Centurion,Apartment,3,115.0,2023-01-02,2023-02-19,Sold,2302000.0,2201000.0
L101050,Centurion,Townhouse,3,222.0,2023-01-03,,Withdrawn,3486000.0,
L104513,Waterkloof Ridge,House,3,125.0,2023-01-03,,Withdrawn,3016000.0,
L105004,Waterkloof,Apartment,2,86.0,2023-01-03,2023-01-16,Sold,2104000.0,2004000.0
L101310,Lynnwood,House,5,328.0,2023-01-03,2023-01-24,Sold,6927000.0,6769000.0
L102131,Rooihuiskraal,Townhouse,3,191.0,2023-01-03,2023-02-28,Sold,2260000.0,2219000.0
L102800,Sandton,House,3,206.0,2023-01-04,2023-01-18,Sold,6105000.0,5833000.0
L105735,Sandton,Townhouse,3,250.0,2023-01-04,2023-01-31,Sold,6271000.0,5966000.0
L101587,Faerie Glen,Townhouse,1,163.0,2023-01-04,2023-03-17,Sold,2758000.0,2716000.0
L100835,Irene,House,1,135.0,2023-01-04,2023-02-20,Sold,2028000.0,1912000.0
L100218,Sandton,House,4,341.0,2023-01-05,2023-02-23,Sold,11105000.0,10855000.0
L105880,Menlo Park,Apartment,1,71.0,2023-01-05,2023-01-22,Sold,1359000.0,1359000.0
L104898,Bryanston,House,3,230.0,2023-01-05,2023-02-04,Sold,7132000.0,7027000.0
L102563,Faerie Glen,House,3,195.0,2023-01-05,2023-03-29,Sold,2840000.0,2621000.0
L103381,Bryanston,House,3,382.0,2023-01-05,2023-01-23,Sold,10636000.0,10468000.0
L100166,Bryanston,Apartment,3,83.0,2023-01-06,,Withdrawn,2184000.0,
L102069,Faerie Glen,Townhouse,2,177.0,2023-01-06,2023-01-30,Sold,2553000.0,2419000.0
L104497,Faerie Glen,Apartment,1,59.0,2023-01-06,2023-03-03,Sold,701000.0,701000.0
L105850,Sandton,House,6,409.0,2023-01-06,2023-02-21,Sold,9633000.0,9337000.0
L101021,Centurion,Townhouse,4,206.0,2023-01-06,2023-02-14,Sold,3488000.0,3424000.0
L102132,Sandton,Apartment,1,53.0,2023-01-06,2023-02-03,Sold,1288000.0,1248000.0
L100792,Menlo Park,Apartment,2,94.0,2023-01-06,2023-03-06,Sold,1637000.0,1620000.0
L100515,Groenkloof,House,3,179.0,2023-01-06,2023-03-19,Sold,2697000.0,2578000.0
L105559,Waterkloof Ridge,Apartment,1,114.0,2023-01-07,2023-02-21,Sold,2878000.0,2854000.0
L105615,Brooklyn,House,4,296.0,2023-01-07,2023-04-06,Sold,6117000.0,6034000.0
L101594,Bryanston,Apartment,2,76.0,2023-01-07,2023-02-18,Sold,2103000.0,2055000.0
L104701,Lynnwood,House,2,173.0,2023-01-07,2023-03-02,Sold,3974000.0,3934000.0
L100724,Waterkloof Ridge,House,4,361.0,2023-01-08,2023-03-12,Sold,8800000.0,8408000.0
L101208,Brooklyn,House,1,88.0,2023-01-08,2023-01-28,Sold,1902000.0,1893000.0
L102061,Brooklyn,House,2,207.0,2023-01-08,2023-02-02,Sold,3976000.0,3899000.0
L100366,Rooihuiskraal,House,,264.0,2023-01-08,2023-02-17,Sold,4006000.0,3743000.0
L105619,Waterkloof,House,4,340.0,2023-01-09,2023-01-27,Sold,8169000.0,7847000.0
L103070,Waterkloof,House,2,196.0,2023-01-09,2023-02-28,Sold,5194000.0,5054000.0
L102283,Centurion,House,3,219.0,2023-01-09,2023-01-17,Sold,3313000.0,3163000.0
L102206,Centurion,House,,418.0,2023-01-09,2023-02-17,Sold,5886000.0,5801000.0
L103273,Centurion,Apartment,2,70.0,2023-01-09,2023-03-23,Sold,943000.0,907000.0
L102630,Waterkloof,House,3,223.0,2023-01-10,2023-03-21,Sold,5245000.0,5166000.0
L102612,Faerie Glen,Apartment,2,78.0,2023-01-10,2023-01-31,Sold,1075000.0,971000.0
L104173,Brooklyn,House,2,219.0,2023-01-10,2023-01-23,Sold,4463000.0,4264000.0
L104824,Lynnwood,House,3,245.0,2023-01-10,2023-03-22,Sold,5509000.0,5127000.0
L103237,Brooklyn,Apartment,2,79.0,2023-01-11,,Withdrawn,1451000.0,
L105920,Lynnwood,Apartment,1,58.0,2023-01-11,,Withdrawn,1118000.0,
L102140,Bryanston,House,3,252.0,2023-01-11,,Withdrawn,7358000.0,
L103659,Waterkloof,House,4,219.0,2023-01-11,2023-01-16,Sold,5300000.0,5220000.0
L100714,Rooihuiskraal,Apartment,1,72.0,2023-01-12,2023-02-21,Sold,997000.0,921000.0
L104479,Sandton,Townhouse,1,117.0,2023-01-12,2023-02-18,Sold,3113000.0,3098000.0
L102736,Groenkloof,House,2,126.0,2023-01-12,2023-02-05,Sold,2758000.0,2602000.0
L103638,Rooihuiskraal,Apartment,2,64.0,2023-01-12,2023-05-06,Sold,997000.0,944000.0
L101273,Irene,House,4,240.0,2023-01-12,2023-03-08,Sold,4662000.0,4449000.0
L105022,Bryanston,Townhouse,2,171.0,2023-01-13,2023-03-01,Sold,4038000.0,3915000.0
L100414,Waterkloof,House,4,257.0,2023-01-13,2023-05-13,Sold,5621000.0,5389000.0
L102397,Groenkloof,Apartment,1,144.0,2023-01-13,2023-01-26,Sold,2354000.0,2187000.0
L103567,Faerie Glen,Apartment,3,155.0,2023-01-13,2023-01-30,Sold,2263000.0,2140000.0
L105761,Sandton,House,3,237.0,2023-01-13,2023-02-16,Sold,6429000.0,6325000.0
L102589,Lynnwood,Apartment,2,140.0,2023-01-14,,Withdrawn,2522000.0,
L104732,Menlo Park,Apartment,2,83.0,2023-01-14,2023-02-19,Sold,1442000.0,1374000.0
L100847,Centurion,House,6,385.0,2023-01-14,,Withdrawn,5712000.0,
L103770,Sandton,House,3,220.0,2023-01-14,2023-02-06,Sold,6849000.0,6837000.0
L104693,Bryanston,House,3,222.0,2023-01-14,2023-02-05,Sold,5596000.0,5388000.0
L100626,Rooihuiskraal,Apartment,1,81.0,2023-01-14,2023-02-02,Sold,995000.0,934000.0
L105816,Brooklyn,Apartment,1,77.0,2023-01-14,2023-01-29,Sold,1385000.0,1350000.0
L103710,Bryanston,Apartment,2,95.0,2023-01-14,2023-02-02,Sold,1908000.0,1826000.0
L103213,Irene,House,3,238.0,2023-01-14,2023-04-05,Sold,5338000.0,5338000.0
L101055,Centurion,House,,251.0,2023-01-14,2023-01-29,Sold,3979000.0,3854000.0
L100747,Lynnwood,House,4,289.0,2023-01-15,2023-03-21,Sold,5388000.0,5380000.0
L105627,Rooihuiskraal,Townhouse,2,160.0,2023-01-15,2023-02-28,Sold,2354000.0,2263000.0
L105221,Irene,Apartment,1,93.0,2023-01-15,2023-02-16,Sold,1490000.0,1483000.0
L100276,Menlo Park,House,2,,2023-01-15,2023-02-02,Sold,3560000.0,3448000.0
L103850,Lynnwood,House,4,264.0,2023-01-15,2023-01-25,Sold,5831000.0,5831000.0
L102503,Bryanston,Apartment,2,57.0,2023-01-16,2023-04-09,Sold,1466000.0,1429000.0
L100373,Menlo Park,Apartment,2,,2023-01-16,2023-04-24,Sold,2584000.0,2584000.0
L100453,Groenkloof,House,,188.0,2023-01-16,2023-03-20,Sold,3577000.0,3577000.0
L101802,Waterkloof Ridge,House,3,255.0,2023-01-17,2023-02-19,Sold,7100000.0,6958000.0
L103823,Waterkloof,House,2,152.0,2023-01-17,2023-02-16,Sold,3452000.0,3452000.0
L104439,Brooklyn,House,3,239.0,2023-01-17,2023-02-14,Sold,5598000.0,5545000.0
L105893,Bryanston,Apartment,1,55.0,2023-01-17,2023-03-20,Sold,1311000.0,1233000.0
L100614,Brooklyn,Townhouse,2,165.0,2023-01-17,2023-02-26,Sold,3801000.0,3759000.0
L102625,Lynnwood,House,4,224.0,2023-01-17,2023-03-12,Sold,4521000.0,4351000.0
L101180,Rooihuiskraal,House,2,127.0,2023-01-18,2023-02-06,Sold,1853000.0,1852000.0
L103888,Sandton,House,3,168.0,2023-01-18,2023-02-18,Sold,4400000.0,4063000.0
L104453,Centurion,House,4,275.0,2023-01-18,2023-02-02,Sold,4384000.0,4087000.0
L105338,Bryanston,House,5,396.0,2023-01-18,2023-01-31,Sold,10103000.0,10103000.0
L105329,Menlo Park,Townhouse,2,134.0,2023-01-19,2023-02-12,Sold,2221000.0,2114000.0
L105978,Groenkloof,House,5,381.0,2023-01-19,2023-04-12,Sold,7783000.0,7181000.0
L101555,Rooihuiskraal,Townhouse,3,138.0,2023-01-19,2023-02-07,Sold,2274000.0,2122000.0
L104507,Groenkloof,House,3,255.0,2023-01-19,2023-01-29,Sold,5115000.0,5106000.0
L104058,Lynnwood,Apartment,1,59.0,2023-01-19,2023-02-08,Sold,939000.0,914000.0
L101278,Bryanston,Apartment,2,91.0,2023-01-19,2023-01-27,Sold,1994000.0,1949000.0
L102149,Waterkloof Ridge,House,3,273.0,2023-01-20,2023-03-19,Sold,6720000.0,6451000.0
L102511,Lynnwood,House,3,,2023-01-20,2023-03-06,Sold,4142000.0,4066000.0
L100644,Irene,Apartment,2,78.0,2023-01-20,2023-03-02,Sold,1315000.0,1306000.0
L101374,Sandton,House,4,275.0,2023-01-20,2023-02-10,Sold,8165000.0,7942000.0
L105982,Bryanston,House,4,208.0,2023-01-20,2023-02-28,Sold,5916000.0,5828000.0
L105407,Groenkloof,House,3,236.0,2023-01-21,2023-03-27,Sold,3650000.0,3476000.0
L100322,Menlo Park,Apartment,1,83.0,2023-01-21,2023-02-24,Sold,1537000.0,1495000.0
L103410,Centurion,House,1,179.0,2023-01-21,2023-01-28,Sold,3301000.0,3283000.0
L100219,Lynnwood,House,4,269.0,2023-01-22,2023-02-17,Sold,5150000.0,4896000.0
L101786,Menlo Park,Apartment,2,66.0,2023-01-22,2023-04-06,Sold,1343000.0,1343000.0
L100875,Bryanston,House,3,148.0,2023-01-23,2023-02-07,Sold,3901000.0,3766000.0
L103457,Sandton,House,4,329.0,2023-01-23,,Withdrawn,9276000.0,
L102416,Brooklyn,Townhouse,2,177.0,2023-01-23,2023-01-31,Sold,3655000.0,3655000.0
L102152,Rooihuiskraal,Apartment,2,93.0,2023-01-23,2023-03-09,Sold,1131000.0,1104000.0
L100148,Lynnwood,Townhouse,2,129.0,2023-01-23,2023-03-20,Sold,3050000.0,3047000.0
L105126,Lynnwood,House,5,309.0,2023-01-24,2023-03-26,Sold,5125000.0,4925000.0
L103304,Centurion,House,4,,2023-01-24,2023-04-10,Sold,5423000.0,5423000.0
L103532,Lynnwood,Townhouse,2,146.0,2023-01-24,2023-02-23,Sold,2511000.0,2469000.0
L104943,Sandton,House,6,545.0,2023-01-25,2023-03-05,Sold,15074000.0,15045000.0
L105772,Brooklyn,House,1,124.0,2023-01-26,2023-02-12,Sold,2226000.0,2054000.0
L100047,Brooklyn,House,2,204.0,2023-01-26,2023-02-16,Sold,4467000.0,4246000.0
L101819,Irene,House,2,161.0,2023-01-27,2023-05-04,Sold,2451000.0,2306000.0
L103611,Menlo Park,Apartment,1,72.0,2023-01-27,2023-03-15,Sold,1250000.0,1217000.0
L105099,Bryanston,House,3,224.0,2023-01-27,2023-04-11,Sold,5806000.0,5806000.0
L103895,Irene,Apartment,1,74.0,2023-01-28,2023-02-15,Sold,877000.0,844000.0
L100762,Waterkloof,Townhouse,1,,2023-01-28,2023-02-23,Sold,2733000.0,2733000.0
L105848,Waterkloof Ridge,House,3,242.0,2023-01-28,2023-02-11,Sold,5090000.0,5090000.0
L102643,Bryanston,House,2,147.0,2023-01-28,2023-04-02,Sold,4115000.0,4034000.0
L102676,Lynnwood,Apartment,1,67.0,2023-01-28,2023-02-24,Sold,1019000.0,958000.0
L102321,Waterkloof,House,2,180.0,2023-01-28,2023-02-26,Sold,4712000.0,4712000.0
L103121,Menlo Park,Townhouse,3,192.0,2023-01-28,2023-02-07,Sold,3946000.0,3854000.0
L100321,Faerie Glen,House,2,,2023-01-28,2023-04-05,Sold,2301000.0,2282000.0
L103984,Menlo Park,Apartment,2,98.0,2023-01-28,2023-03-08,Sold,1796000.0,1786000.0
L102723,Lynnwood,Apartment,1,80.0,2023-01-29,2023-02-17,Sold,1431000.0,1372000.0
L104235,Groenkloof,House,6,506.0,2023-01-29,2023-02-16,Sold,9759000.0,9545000.0
L102767,Centurion,Townhouse,4,217.0,2023-01-30,2023-02-14,Sold,3623000.0,3564000.0
L100507,Bryanston,House,2,231.0,2023-01-30,2023-02-17,Sold,6686000.0,6686000.0
L102562,Centurion,Apartment,1,75.0,2023-01-30,2023-03-08,Sold,1315000.0,1249000.0
L101745,Centurion,Apartment,2,104.0,2023-01-30,2023-02-27,Sold,1580000.0,1554000.0
L103044,Centurion,House,2,179.0,2023-01-30,2023-03-19,Sold,3630000.0,3434000.0
L103945,Bryanston,House,2,184.0,2023-01-30,2023-03-29,Sold,4988000.0,4988000.0
L102130,Groenkloof,Apartment,,47.0,2023-01-31,2023-03-06,Sold,813000.0,779000.0
L105846,Sandton,Apartment,2,142.0,2023-01-31,2023-03-08,Sold,4069000.0,4069000.0
L101445,Irene,Apartment,2,109.0,2023-01-31,2023-02-14,Sold,2100000.0,1889000.0
L102978,Centurion,Apartment,1,138.0,2023-01-31,2023-03-24,Sold,2281000.0,2135000.0
L103008,Waterkloof,Apartment,1,97.0,2023-02-01,2023-02-19,Sold,2352000.0,2192000.0
L103606,Waterkloof Ridge,House,3,184.0,2023-02-01,,Withdrawn,5068000.0,
L102291,Centurion,Townhouse,2,136.0,2023-02-01,2023-03-10,Sold,2067000.0,2067000.0
L102370,Lynnwood,House,4,273.0,2023-02-01,2023-03-05,Sold,4941000.0,4906000.0
L105961,Groenkloof,House,,206.0,2023-02-01,2023-03-22,Sold,4008000.0,3947000.0
L102113,Irene,Apartment,2,83.0,2023-02-01,2023-02-18,Sold,1398000.0,1319000.0
L104282,Irene,House,3,222.0,2023-02-02,2023-03-19,Sold,3425000.0,3413000.0
L105411,Rooihuiskraal,House,3,244.0,2023-02-02,2023-03-04,Sold,2760000.0,2597000.0
L103478,Sandton,House,3,201.0,2023-02-02,2023-04-01,Sold,6484000.0,6484000.0
L105871,Brooklyn,Apartment,1,69.0,2023-02-02,2023-02-25,Sold,1270000.0,1270000.0
L101800,Irene,House,3,218.0,2023-02-02,2023-02-13,Sold,3785000.0,3685000.0
L102556,Waterkloof,Apartment,2,148.0,2023-02-03,2023-03-05,Sold,3423000.0,3333000.0
L101084,Sandton,Apartment,1,77.0,2023-02-03,2023-04-14,Sold,2057000.0,1995000.0
L102741,Bryanston,Apartment,2,56.0,2023-02-03,2023-02-20,Sold,1506000.0,1506000.0
L103365,Menlo Park,House,3,223.0,2023-02-03,2023-03-23,Sold,4337000.0,4271000.0
L103442,Waterkloof,Apartment,1,99.0,2023-02-04,2023-03-31,Sold,2215000.0,2004000.0
L101547,Rooihuiskraal,House,2,130.0,2023-02-04,2023-02-22,Sold,1909000.0,1775000.0
L105672,Menlo Park,House,2,147.0,2023-02-04,2023-02-20,Sold,3055000.0,2910000.0
L101432,Waterkloof,Apartment,2,120.0,2023-02-05,2023-02-20,Sold,2356000.0,2340000.0
L102002,Sandton,House,3,215.0,2023-02-05,2023-03-22,Sold,6983000.0,6366000.0
L104902,Groenkloof,House,5,365.0,2023-02-05,2023-03-09,Sold,8017000.0,7461000.0
L100851,Groenkloof,House,4,199.0,2023-02-05,2023-03-23,Sold,3348000.0,3348000.0
L102386,Sandton,Townhouse,1,129.0,2023-02-05,2023-03-15,Sold,3247000.0,2989000.0
L102852,Bryanston,House,3,167.0,2023-02-06,2023-03-19,Sold,4472000.0,4464000.0
L105132,Groenkloof,House,3,233.0,2023-02-06,2023-02-20,Sold,4593000.0,4538000.0
L102792,Centurion,House,4,305.0,2023-02-06,2023-03-22,Sold,4829000.0,4767000.0
L105829,Rooihuiskraal,House,3,213.0,2023-02-07,2023-02-21,Sold,2602000.0,2404000.0
L100320,Sandton,House,3,196.0,2023-02-07,2023-03-21,Sold,4732000.0,4732000.0
L104189,Faerie Glen,House,4,259.0,2023-02-07,2023-03-26,Sold,4273000.0,4068000.0
L105113,Sandton,House,6,388.0,2023-02-08,2023-03-04,Sold,11779000.0,11638000.0
L100260,Waterkloof Ridge,Townhouse,3,161.0,2023-02-08,2023-04-21,Sold,4225000.0,3994000.0
L102106,Centurion,House,6,572.0,2023-02-08,2023-03-16,Sold,7741000.0,7329000.0
L104947,Rooihuiskraal,Apartment,1,75.0,2023-02-09,2023-04-25,Sold,878000.0,841000.0
L100947,Bryanston,Apartment,1,64.0,2023-02-09,2023-03-06,Sold,1915000.0,1912000.0
L105517,Groenkloof,House,4,206.0,2023-02-09,2023-04-10,Sold,4307000.0,4229000.0
L100214,Centurion,House,4,307.0,2023-02-10,,Withdrawn,4342000.0,
L102886,Waterkloof,House,4,292.0,2023-02-10,2023-04-04,Sold,6099000.0,5756000.0
L101682,Centurion,House,4,263.0,2023-02-10,,Withdrawn,4551000.0,
L105574,Menlo Park,Apartment,1,68.0,2023-02-10,2023-03-23,Sold,1534000.0,1521000.0
L105104,Bryanston,Apartment,1,78.0,2023-02-10,2023-04-14,Sold,1940000.0,1900000.0
L101578,Sandton,House,5,381.0,2023-02-10,2023-03-21,Sold,10207000.0,10030000.0
L100764,Sandton,House,2,146.0,2023-02-11,2023-03-26,Sold,4456000.0,4320000.0
L101975,Groenkloof,Townhouse,1,93.0,2023-02-11,2023-03-17,Sold,1411000.0,1348000.0
L101949,Sandton,Townhouse,2,179.0,2023-02-11,2023-03-04,Sold,4634000.0,4434000.0
L104146,Waterkloof,House,4,197.0,2023-02-11,2023-03-23,Sold,4971000.0,4743000.0
L102319,Sandton,House,5,298.0,2023-02-11,2023-03-23,Sold,8903000.0,8522000.0
L105437,Groenkloof,House,4,257.0,2023-02-11,,Withdrawn,4761000.0,
L104667,Menlo Park,House,4,327.0,2023-02-11,,Withdrawn,5286000.0,
L102201,Sandton,Townhouse,1,102.0,2023-02-12,2023-03-17,Sold,3111000.0,2809000.0
L104621,Sandton,House,4,246.0,2023-02-12,2023-04-22,Sold,6992000.0,6475000.0
L101365,Faerie Glen,House,4,265.0,2023-02-12,2023-03-10,Sold,4277000.0,4255000.0
L103646,Menlo Park,House,6,343.0,2023-02-12,2023-04-11,Sold,6788000.0,6332000.0
L101354,Bryanston,House,5,,2023-02-12,2023-03-27,Sold,7615000.0,7286000.0
L103613,Bryanston,House,6,345.0,2023-02-13,2023-06-01,Sold,10482000.0,10482000.0
L103642,Bryanston,Townhouse,1,126.0,2023-02-13,2023-03-31,Sold,3000000.0,2890000.0
L101625,Centurion,House,6,372.0,2023-02-13,2023-03-22,Sold,7343000.0,6779000.0
L102745,Rooihuiskraal,House,6,346.0,2023-02-13,2023-03-11,Sold,3826000.0,3586000.0
L100412,Waterkloof Ridge,House,2,178.0,2023-02-14,2023-04-26,Sold,4298000.0,4201000.0
L100301,Waterkloof Ridge,House,2,137.0,2023-02-14,2023-02-28,Sold,3257000.0,2979000.0
L104448,Faerie Glen,House,5,,2023-02-15,2023-03-09,Sold,7472000.0,7472000.0
L102094,Sandton,House,4,,2023-02-15,2023-04-30,Sold,7889000.0,7434000.0
L105095,Faerie Glen,Apartment,1,59.0,2023-02-15,2023-05-22,Sold,837000.0,837000.0
L105689,Bryanston,Apartment,2,72.0,2023-02-16,2023-05-05,Sold,1708000.0,1667000.0
L101713,Bryanston,House,5,355.0,2023-02-16,2023-03-11,Sold,9602000.0,9602000.0
L104286,Sandton,Townhouse,3,176.0,2023-02-16,2023-03-28,Sold,4846000.0,4846000.0
L100636,Centurion,House,5,360.0,2023-02-17,2023-06-02,Sold,6586000.0,6586000.0
L101468,Centurion,Apartment,1,82.0,2023-02-17,2023-04-18,Sold,1277000.0,1128000.0
L102918,Waterkloof,Apartment,2,153.0,2023-02-17,2023-03-23,Sold,2983000.0,2983000.0
L104009,Irene,House,1,110.0,2023-02-17,2023-04-26,Sold,1746000.0,1746000.0
L105990,Waterkloof Ridge,Townhouse,2,207.0,2023-02-17,2023-03-10,Sold,5303000.0,5303000.0
L105797,Sandton,House,6,578.0,2023-02-18,2023-03-29,Sold,16009000.0,15020000.0
L100314,Menlo Park,Apartment,2,72.0,2023-02-18,2023-03-20,Sold,1434000.0,1344000.0
L100595,Brooklyn,House,3,253.0,2023-02-18,2023-03-17,Sold,5140000.0,5140000.0
L104982,Menlo Park,House,5,,2023-02-19,2023-03-11,Sold,6737000.0,6737000.0
L104498,Bryanston,Apartment,2,133.0,2023-02-19,2023-05-28,Sold,3293000.0,3140000.0
L102639,Groenkloof,House,4,355.0,2023-02-19,2023-05-03,Sold,6783000.0,6606000.0
L100561,Brooklyn,House,3,166.0,2023-02-19,2023-03-15,Sold,3946000.0,3797000.0
L102679,Menlo Park,Apartment,2,75.0,2023-02-20,2023-03-06,Sold,1364000.0,1306000.0
L104276,Lynnwood,Apartment,2,74.0,2023-02-20,2023-03-27,Sold,1386000.0,1386000.0
L103996,Waterkloof Ridge,House,2,132.0,2023-02-20,2023-03-27,Sold,2912000.0,2721000.0
L102456,Irene,Townhouse,2,162.0,2023-02-21,2023-06-18,Sold,3132000.0,2871000.0
L103181,Brooklyn,House,4,206.0,2023-02-21,2023-04-05,Sold,3785000.0,3662000.0
L100354,Lynnwood,House,6,315.0,2023-02-21,,Withdrawn,6687000.0,
L104254,Bryanston,Apartment,1,67.0,2023-02-21,2023-05-09,Sold,1478000.0,1478000.0
L101697,Rooihuiskraal,Apartment,2,78.0,2023-02-21,2023-03-26,Sold,1024000.0,1011000.0
L105310,Lynnwood,House,3,268.0,2023-02-21,,Withdrawn,4188000.0,
L104194,Brooklyn,House,3,256.0,2023-02-21,2023-04-06,Sold,4918000.0,4450000.0
L103663,Centurion,Apartment,2,53.0,2023-02-21,2023-04-03,Sold,835000.0,794000.0
L105035,Groenkloof,Townhouse,3,231.0,2023-02-21,2023-05-19,Sold,2753000.0,2693000.0
L105580,Centurion,House,3,222.0,2023-02-21,2023-03-04,Sold,3644000.0,3581000.0
L100828,Bryanston,Apartment,2,81.0,2023-02-21,2023-04-20,Sold,2281000.0,2281000.0
L102350,Waterkloof,Townhouse,2,107.0,2023-02-21,2023-04-02,Sold,2478000.0,2396000.0
L105602,Bryanston,House,5,302.0,2023-02-22,2023-04-11,Sold,8769000.0,8341000.0
L103338,Brooklyn,Apartment,2,94.0,2023-02-22,2023-04-06,Sold,1688000.0,1687000.0
L100147,Faerie Glen,House,,521.0,2023-02-22,2023-03-06,Sold,8885000.0,8835000.0
L100136,Sandton,Townhouse,3,218.0,2023-02-22,,Withdrawn,6539000.0,
L104508,Rooihuiskraal,House,3,236.0,2023-02-23,2023-04-18,Sold,3139000.0,2843000.0
L101772,Centurion,House,5,313.0,2023-02-23,2023-06-13,Sold,5537000.0,5322000.0
L102810,Waterkloof,Apartment,2,87.0,2023-02-23,2023-04-05,Sold,1576000.0,1517000.0
L101140,Menlo Park,House,4,275.0,2023-02-23,2023-04-17,Sold,5669000.0,5226000.0
L105231,Sandton,Townhouse,2,136.0,2023-02-24,2023-03-07,Sold,3957000.0,3713000.0
L104869,Centurion,Townhouse,,167.0,2023-02-24,2023-04-24,Sold,2806000.0,2685000.0
L102892,Irene,Apartment,2,91.0,2023-02-24,2023-03-14,Sold,1415000.0,1359000.0
L103272,Centurion,Townhouse,2,196.0,2023-02-24,2023-05-11,Sold,3200000.0,3094000.0
L100122,Waterkloof,Apartment,1,55.0,2023-02-24,2023-03-05,Sold,1375000.0,1307000.0
L105641,Rooihuiskraal,House,2,163.0,2023-02-24,2023-04-20,Sold,2710000.0,2649000.0
L105458,Groenkloof,Townhouse,2,,2023-02-25,2023-03-25,Sold,2406000.0,2337000.0
L105263,Bryanston,House,3,270.0,2023-02-25,2023-03-27,Sold,6489000.0,6025000.0
L100034,Lynnwood,Townhouse,4,245.0,2023-02-25,2023-03-25,Sold,4298000.0,4125000.0
L103036,Irene,Townhouse,3,167.0,2023-02-25,2023-03-15,Sold,2937000.0,2918000.0
L105431,Lynnwood,House,4,282.0,2023-02-25,2023-05-14,Sold,5625000.0,5545000.0
L101011,Irene,Townhouse,2,125.0,2023-02-26,2023-05-20,Sold,2328000.0,2213000.0
L101132,Waterkloof Ridge,House,2,99.0,2023-02-26,,Withdrawn,2238000.0,
L102517,Brooklyn,House,1,97.0,2023-02-26,2023-03-07,Sold,2086000.0,2086000.0
L103249,Lynnwood,Apartment,2,104.0,2023-02-26,2023-03-28,Sold,1861000.0,1794000.0
L105750,Waterkloof,Apartment,2,117.0,2023-02-26,2023-04-07,Sold,2726000.0,2686000.0
L100537,Groenkloof,Apartment,1,71.0,2023-02-26,2023-03-29,Sold,1081000.0,1071000.0
L104928,Centurion,Townhouse,3,246.0,2023-02-26,,Withdrawn,3957000.0,
L103684,Groenkloof,House,3,124.0,2023-02-27,2023-03-17,Sold,2358000.0,2238000.0
L104957,Brooklyn,Apartment,1,50.0,2023-02-27,2023-03-26,Sold,1088000.0,1088000.0
L104099,Sandton,House,5,321.0,2023-02-27,2023-05-20,Sold,8541000.0,8486000.0
L103593,Waterkloof,Apartment,1,56.0,2023-02-28,2023-04-18,Sold,1426000.0,1426000.0
L103154,Groenkloof,House,1,135.0,2023-03-01,2023-03-22,Sold,2681000.0,2639000.0
L104417,Waterkloof,House,3,296.0,2023-03-01,2023-04-04,Sold,6998000.0,6912000.0
L101595,Centurion,Townhouse,2,148.0,2023-03-01,2023-03-12,Sold,2147000.0,2079000.0
L102272,Rooihuiskraal,Townhouse,2,203.0,2023-03-01,2023-03-31,Sold,2716000.0,2498000.0
L105679,Menlo Park,House,3,152.0,2023-03-01,2023-04-18,Sold,3180000.0,3180000.0
L104769,Centurion,Apartment,2,113.0,2023-03-01,,Withdrawn,1583000.0,
L104998,Menlo Park,House,3,174.0,2023-03-02,2023-04-15,Sold,3754000.0,3486000.0
L101296,Waterkloof Ridge,Apartment,2,81.0,2023-03-02,2023-05-05,Sold,2305000.0,2305000.0
L103284,Groenkloof,House,5,227.0,2023-03-02,2023-03-30,Sold,4095000.0,4095000.0
L101665,Bryanston,House,2,122.0,2023-03-02,2023-04-10,Sold,3014000.0,2996000.0
L105906,Centurion,Apartment,2,63.0,2023-03-03,2023-05-21,Sold,1245000.0,1192000.0
L103864,Sandton,House,4,259.0,2023-03-03,2023-03-22,Sold,9060000.0,8737000.0
L104307,Menlo Park,House,4,248.0,2023-03-03,2023-05-02,Sold,5028000.0,4815000.0
L105878,Centurion,House,4,331.0,2023-03-04,2023-05-12,Sold,6558000.0,6294000.0
L102945,Lynnwood,Apartment,2,101.0,2023-03-04,2023-05-26,Sold,1730000.0,1654000.0
L104779,Centurion,House,6,482.0,2023-03-04,2023-04-11,Sold,8847000.0,8847000.0
L104820,Centurion,Townhouse,4,225.0,2023-03-05,2023-04-22,Sold,4044000.0,4044000.0
L100509,Waterkloof Ridge,Apartment,,106.0,2023-03-05,2023-04-04,Sold,2792000.0,2792000.0
L101551,Lynnwood,Apartment,1,70.0,2023-03-05,2023-04-24,Sold,1154000.0,1148000.0
L102225,Brooklyn,House,5,311.0,2023-03-05,2023-05-10,Sold,7281000.0,6942000.0
L100538,Groenkloof,House,2,222.0,2023-03-05,2023-03-30,Sold,4819000.0,4607000.0
L100802,Bryanston,House,1,168.0,2023-03-05,2023-04-14,Sold,4742000.0,4418000.0
L100721,Lynnwood,House,5,332.0,2023-03-05,2023-04-01,Sold,6065000.0,6065000.0
L101066,Lynnwood,Apartment,2,104.0,2023-03-05,2023-04-08,Sold,1831000.0,1831000.0
L102494,Bryanston,Apartment,1,71.0,2023-03-05,2023-04-01,Sold,1951000.0,1872000.0
L100023,Bryanston,Apartment,1,75.0,2023-03-06,2023-04-01,Sold,1875000.0,1875000.0
L103203,Centurion,House,2,131.0,2023-03-06,2023-03-20,Sold,2293000.0,2206000.0
L102952,Waterkloof Ridge,House,3,287.0,2023-03-06,,Withdrawn,8673000.0,
L103400,Waterkloof,Apartment,2,90.0,2023-03-06,2023-03-15,Sold,2366000.0,2349000.0
L100087,Lynnwood,House,3,278.0,2023-03-06,2023-04-14,Sold,4966000.0,4785000.0
L102450,Centurion,Townhouse,2,129.0,2023-03-07,2023-03-17,Sold,2427000.0,2394000.0
L103809,Rooihuiskraal,Apartment,1,114.0,2023-03-07,,Withdrawn,1547000.0,
L105103,Irene,Apartment,3,76.0,2023-03-07,2023-04-07,Sold,1268000.0,1247000.0
L100286,Waterkloof,House,5,414.0,2023-03-07,2023-03-14,Sold,13053000.0,12809000.0
L103518,Faerie Glen,House,3,213.0,2023-03-07,2023-04-18,Sold,3759000.0,3756000.0
L100031,Sandton,House,2,175.0,2023-03-07,2023-04-23,Sold,6004000.0,5853000.0
L105576,Sandton,House,5,365.0,2023-03-08,2023-04-10,Sold,11244000.0,11244000.0
L100787,Menlo Park,Apartment,2,91.0,2023-03-08,2023-03-29,Sold,1608000.0,1533000.0
L105448,Faerie Glen,Apartment,1,85.0,2023-03-08,2023-05-07,Sold,1264000.0,1247000.0
L102921,Waterkloof,Apartment,2,90.0,2023-03-08,2023-04-17,Sold,2095000.0,2095000.0
L100423,Waterkloof,Apartment,2,65.0,2023-03-09,2023-07-01,Sold,1524000.0,1472000.0
L105925,Groenkloof,House,4,292.0,2023-03-09,2023-06-10,Sold,5141000.0,5087000.0
L102724,Groenkloof,House,4,298.0,2023-03-09,2023-05-15,Sold,6714000.0,6483000.0
L105333,Groenkloof,House,2,148.0,2023-03-09,2023-04-09,Sold,2833000.0,2833000.0
L102352,Brooklyn,Apartment,1,126.0,2023-03-10,,Withdrawn,2453000.0,
L104502,Irene,House,4,287.0,2023-03-10,2023-05-18,Sold,5609000.0,5556000.0
L100291,Waterkloof,Townhouse,4,264.0,2023-03-10,2023-04-21,Sold,6492000.0,6412000.0
L100120,Irene,House,4,266.0,2023-03-10,2023-05-21,Sold,4354000.0,4027000.0
L103142,Sandton,House,3,205.0,2023-03-10,2023-04-27,Sold,6454000.0,6454000.0
L101937,Irene,House,5,278.0,2023-03-10,2023-06-26,Sold,5294000.0,5294000.0
L102342,Centurion,Apartment,2,125.0,2023-03-10,2023-04-13,Sold,2196000.0,2196000.0
L104111,Bryanston,House,4,197.0,2023-03-10,2023-04-06,Sold,4824000.0,4769000.0
L104481,Centurion,House,,186.0,2023-03-10,2023-03-31,Sold,2963000.0,2841000.0
L103104,Centurion,Apartment,1,69.0,2023-03-11,2023-03-29,Sold,1088000.0,1064000.0
L103322,Centurion,House,4,253.0,2023-03-11,2023-05-20,Sold,4423000.0,4407000.0
L104174,Rooihuiskraal,House,4,324.0,2023-03-11,2023-03-30,Sold,4304000.0,4259000.0
L104698,Faerie Glen,Apartment,4,202.0,2023-03-11,2023-05-03,Sold,2828000.0,2745000.0
L100862,Rooihuiskraal,House,6,340.0,2023-03-12,2023-04-18,Sold,6745000.0,6587000.0
L102320,Waterkloof,House,6,459.0,2023-03-12,2023-04-11,Sold,12899000.0,12558000.0
L105601,Waterkloof,House,3,253.0,2023-03-12,2023-03-25,Sold,6736000.0,6735000.0
L102193,Waterkloof,Townhouse,,208.0,2023-03-12,2023-04-14,Sold,5520000.0,5520000.0
L103889,Brooklyn,Townhouse,2,,2023-03-12,2023-04-18,Sold,3194000.0,3001000.0
L105875,Lynnwood,House,5,301.0,2023-03-12,2023-05-21,Sold,6234000.0,6234000.0
L102137,Rooihuiskraal,House,4,272.0,2023-03-13,2023-06-17,Sold,3980000.0,3747000.0
L103973,Groenkloof,House,3,252.0,2023-03-13,,Withdrawn,5341000.0,
L104298,Faerie Glen,Apartment,1,78.0,2023-03-13,2023-04-17,Sold,1331000.0,1243000.0
L102687,Centurion,House,5,283.0,2023-03-13,2023-04-21,Sold,5407000.0,5220000.0
L104142,Waterkloof,House,5,247.0,2023-03-13,2023-04-23,Sold,6212000.0,6094000.0
L100344,Rooihuiskraal,House,4,356.0,2023-03-13,2023-04-19,Sold,4129000.0,4077000.0
L101350,Rooihuiskraal,House,6,,2023-03-13,2023-04-17,Sold,7244000.0,6956000.0
L104381,Menlo Park,Apartment,1,71.0,2023-03-13,2023-04-24,Sold,1470000.0,1414000.0
L103288,Waterkloof Ridge,House,1,174.0,2023-03-13,2023-05-09,Sold,4410000.0,4299000.0
L100860,Centurion,House,5,306.0,2023-03-13,2023-04-11,Sold,5613000.0,5613000.0
L101882,Lynnwood,House,6,474.0,2023-03-14,2023-04-10,Sold,8565000.0,7922000.0
L104950,Brooklyn,House,3,180.0,2023-03-14,2023-04-19,Sold,3376000.0,3201000.0
L101173,Rooihuiskraal,Apartment,1,148.0,2023-03-14,2023-04-05,Sold,1884000.0,1845000.0
L105518,Waterkloof Ridge,House,5,325.0,2023-03-14,2023-05-30,Sold,7818000.0,7604000.0
L105512,Lynnwood,Apartment,2,94.0,2023-03-14,2023-05-02,Sold,1730000.0,1718000.0
L100446,Sandton,Apartment,2,96.0,2023-03-15,2023-05-06,Sold,2801000.0,2780000.0
L103105,Centurion,Apartment,2,163.0,2023-03-15,2023-05-11,Sold,2535000.0,2535000.0
L100027,Waterkloof,House,2,131.0,2023-03-15,2023-04-26,Sold,3122000.0,2999000.0
L101855,Sandton,Apartment,1,71.0,2023-03-15,2023-03-24,Sold,1932000.0,1769000.0
L105244,Lynnwood,Apartment,3,108.0,2023-03-15,2023-04-14,Sold,2100000.0,2100000.0
L103413,Waterkloof,Townhouse,3,185.0,2023-03-16,2023-04-20,Sold,4976000.0,4850000.0
L101770,Irene,House,,189.0,2023-03-16,2023-05-30,Sold,3868000.0,3868000.0
L102168,Menlo Park,House,3,222.0,2023-03-16,2023-04-05,Sold,4336000.0,4203000.0
L102420,Waterkloof Ridge,House,6,552.0,2023-03-16,2023-04-17,Sold,13334000.0,12497000.0
L100760,Centurion,House,2,120.0,2023-03-16,2023-03-28,Sold,2019000.0,1927000.0
L103399,Centurion,Apartment,1,78.0,2023-03-16,2023-05-31,Sold,1377000.0,1338000.0
L102100,Centurion,House,5,370.0,2023-03-16,2023-03-25,Sold,6357000.0,6095000.0
L105793,Waterkloof Ridge,House,4,270.0,2023-03-16,2023-04-01,Sold,6019000.0,5818000.0
L102685,Centurion,House,3,243.0,2023-03-17,2023-04-13,Sold,3967000.0,3967000.0
L104662,Lynnwood,Townhouse,4,181.0,2023-03-17,2023-04-13,Sold,3784000.0,3588000.0
L102899,Lynnwood,House,4,247.0,2023-03-17,2023-05-12,Sold,5203000.0,5021000.0
L101941,Lynnwood,House,2,184.0,2023-03-17,2023-06-17,Sold,3654000.0,3654000.0
L100424,Irene,House,6,375.0,2023-03-17,2023-03-22,Sold,6946000.0,6739000.0
L105658,Waterkloof Ridge,House,3,233.0,2023-03-18,2023-04-14,Sold,6254000.0,6032000.0
L103143,Waterkloof,Apartment,1,57.0,2023-03-18,2023-05-17,Sold,1259000.0,1217000.0
L104231,Waterkloof,Apartment,1,88.0,2023-03-18,2023-04-02,Sold,1917000.0,1917000.0
L100992,Rooihuiskraal,Townhouse,2,115.0,2023-03-18,2023-06-13,Sold,1320000.0,1194000.0
L104590,Brooklyn,House,2,141.0,2023-03-19,2023-04-20,Sold,2765000.0,2765000.0
L104669,Brooklyn,House,4,327.0,2023-03-19,2023-04-18,Sold,6960000.0,6960000.0
L103359,Centurion,House,1,132.0,2023-03-20,2023-04-18,Sold,2367000.0,2328000.0
L101645,Lynnwood,House,2,144.0,2023-03-20,2023-04-18,Sold,2720000.0,2680000.0
L105089,Brooklyn,Apartment,2,110.0,2023-03-20,2023-05-08,Sold,1976000.0,1976000.0
L102227,Waterkloof,House,,337.0,2023-03-20,2023-04-13,Sold,8276000.0,8135000.0
L102789,Menlo Park,Apartment,1,81.0,2023-03-21,2023-05-15,Sold,1764000.0,1764000.0
L101400,Lynnwood,House,6,343.0,2023-03-21,2023-05-12,Sold,6201000.0,6201000.0
L105681,Menlo Park,House,5,343.0,2023-03-21,2023-04-13,Sold,6452000.0,6425000.0
L102174,Menlo Park,House,4,283.0,2023-03-21,,Withdrawn,5421000.0,
L103833,Lynnwood,Apartment,2,119.0,2023-03-22,,Withdrawn,2288000.0,
L102657,Irene,House,4,265.0,2023-03-22,2023-05-13,Sold,4618000.0,4553000.0
L100449,Irene,Apartment,1,68.0,2023-03-22,2023-04-12,Sold,1253000.0,1175000.0
L105015,Brooklyn,Apartment,2,188.0,2023-03-23,2023-07-06,Sold,4973000.0,4973000.0
L104483,Brooklyn,Apartment,,163.0,2023-03-23,2023-03-31,Sold,3276000.0,3249000.0
L101333,Sandton,Apartment,1,92.0,2023-03-24,2023-04-29,Sold,2641000.0,2626000.0
L103123,Lynnwood,House,3,261.0,2023-03-25,2023-04-23,Sold,5929000.0,5547000.0
L101412,Bryanston,House,4,271.0,2023-03-25,2023-04-27,Sold,8072000.0,8072000.0
L102118,Waterkloof Ridge,House,5,369.0,2023-03-26,,Withdrawn,9014000.0,
L100081,Lynnwood,House,,258.0,2023-03-26,2023-05-14,Sold,5078000.0,5078000.0
L101158,Lynnwood,House,2,171.0,2023-03-26,2023-04-16,Sold,3390000.0,3390000.0
L101951,Waterkloof,Apartment,1,61.0,2023-03-26,2023-04-08,Sold,1515000.0,1475000.0
L101390,Sandton,House,3,199.0,2023-03-26,2023-05-23,Sold,6172000.0,6172000.0
L105607,Irene,House,6,448.0,2023-03-26,2023-04-30,Sold,9707000.0,9104000.0
L103936,Menlo Park,House,3,261.0,2023-03-27,,Withdrawn,5024000.0,
L100212,Groenkloof,House,5,318.0,2023-03-27,2023-04-20,Sold,6303000.0,5965000.0
L100329,Brooklyn,House,3,205.0,2023-03-27,2023-04-11,Sold,3543000.0,3343000.0
L100431,Rooihuiskraal,House,4,227.0,2023-03-27,2023-04-16,Sold,3236000.0,3218000.0
L102644,Brooklyn,House,6,433.0,2023-03-28,2023-04-21,Sold,8997000.0,8827000.0
L100237,Rooihuiskraal,Apartment,2,68.0,2023-03-28,,Withdrawn,898000.0,
L102510,Lynnwood,House,,518.0,2023-03-28,2023-05-17,Sold,11036000.0,11036000.0
L103616,Menlo Park,House,6,458.0,2023-03-28,2023-06-04,Sold,9159000.0,8899000.0
L102914,Lynnwood,House,2,142.0,2023-03-28,2023-05-07,Sold,2595000.0,2497000.0
L103074,Bryanston,Apartment,2,71.0,2023-03-29,2023-06-28,Sold,1868000.0,1827000.0
L100789,Irene,Apartment,1,57.0,2023-03-29,2023-04-17,Sold,933000.0,901000.0
L101610,Brooklyn,Apartment,2,114.0,2023-03-29,2023-05-05,Sold,1899000.0,1855000.0
L100177,Sandton,House,4,277.0,2023-03-30,2023-05-13,Sold,6170000.0,6164000.0
L105794,Rooihuiskraal,Apartment,2,68.0,2023-03-30,,Withdrawn,982000.0,
L102099,Brooklyn,Townhouse,4,261.0,2023-03-30,2023-06-09,Sold,4736000.0,4510000.0
L103802,Menlo Park,Apartment,1,67.0,2023-03-31,2023-06-18,Sold,1426000.0,1307000.0
L100870,Centurion,Apartment,2,79.0,2023-03-31,2023-05-05,Sold,1282000.0,1232000.0
L105930,Sandton,Apartment,1,69.0,2023-03-31,2023-04-19,Sold,2118000.0,2109000.0
L105155,Waterkloof,House,2,202.0,2023-04-01,2023-05-31,Sold,4809000.0,4809000.0
L100467,Sandton,Apartment,1,85.0,2023-04-01,2023-04-19,Sold,1889000.0,1788000.0
L103063,Bryanston,Apartment,2,63.0,2023-04-01,2023-05-16,Sold,1601000.0,1547000.0
L101052,Brooklyn,House,3,263.0,2023-04-01,2023-04-24,Sold,6018000.0,5734000.0
L105292,Bryanston,House,5,433.0,2023-04-02,2023-04-20,Sold,12775000.0,11728000.0
L102809,Groenkloof,Townhouse,2,161.0,2023-04-02,2023-07-07,Sold,3275000.0,3239000.0
L105702,Waterkloof,House,,154.0,2023-04-02,2023-04-18,Sold,3434000.0,3421000.0
L100005,Sandton,House,3,168.0,2023-04-02,2023-06-06,Sold,4660000.0,4301000.0
L105533,Menlo Park,Apartment,2,123.0,2023-04-03,2023-05-12,Sold,2861000.0,2812000.0
L102640,Centurion,House,3,171.0,2023-04-03,2023-05-07,Sold,3502000.0,3435000.0
L102377,Irene,Apartment,1,40.0,2023-04-03,2023-06-23,Sold,614000.0,587000.0
L104527,Centurion,Apartment,1,98.0,2023-04-04,2023-05-08,Sold,1520000.0,1496000.0
L100262,Menlo Park,House,2,160.0,2023-04-04,,Withdrawn,3224000.0,
L101715,Rooihuiskraal,House,3,190.0,2023-04-04,2023-05-17,Sold,3393000.0,3312000.0
L102931,Groenkloof,House,5,371.0,2023-04-04,,Withdrawn,7105000.0,
L101857,Brooklyn,House,4,255.0,2023-04-04,2023-05-12,Sold,4856000.0,4650000.0
L101963,Groenkloof,Apartment,1,80.0,2023-04-05,2023-04-22,Sold,1342000.0,1259000.0
L100753,Lynnwood,Townhouse,3,207.0,2023-04-05,2023-04-16,Sold,3615000.0,3511000.0
L104665,Lynnwood,Apartment,1,68.0,2023-04-05,2023-04-30,Sold,1246000.0,1211000.0
L101622,Rooihuiskraal,House,2,164.0,2023-04-06,2023-06-14,Sold,2591000.0,2437000.0
L101491,Bryanston,Townhouse,2,154.0,2023-04-06,2023-05-06,Sold,3508000.0,3440000.0
L105910,Sandton,Townhouse,1,131.0,2023-04-06,2023-05-03,Sold,3948000.0,3794000.0
L100018,Bryanston,Apartment,2,79.0,2023-04-06,2023-05-11,Sold,1986000.0,1925000.0
L101886,Waterkloof Ridge,House,4,277.0,2023-04-06,,Withdrawn,7079000.0,
L103658,Bryanston,Townhouse,1,102.0,2023-04-07,2023-04-29,Sold,2922000.0,2922000.0
L102328,Irene,Apartment,1,56.0,2023-04-07,,Withdrawn,808000.0,
L102486,Rooihuiskraal,Townhouse,4,309.0,2023-04-07,2023-06-17,Sold,4218000.0,3922000.0
L105190,Irene,House,2,165.0,2023-04-07,2023-05-04,Sold,2905000.0,2849000.0
L100927,Bryanston,Townhouse,1,125.0,2023-04-07,2023-05-22,Sold,2955000.0,2863000.0
L105136,Waterkloof,Apartment,3,153.0,2023-04-07,2023-05-01,Sold,3516000.0,3516000.0
L104360,Brooklyn,Apartment,2,109.0,2023-04-08,,Withdrawn,2353000.0,
L105140,Irene,House,4,,2023-04-08,,Withdrawn,4387000.0,
L104905,Irene,House,6,471.0,2023-04-08,2023-04-14,Sold,8529000.0,8262000.0
L101003,Groenkloof,House,1,151.0,2023-04-08,,Withdrawn,3111000.0,
L102336,Bryanston,Apartment,1,67.0,2023-04-08,2023-05-27,Sold,1493000.0,1477000.0
L104758,Waterkloof,Townhouse,2,114.0,2023-04-09,2023-04-19,Sold,2676000.0,2589000.0
L104359,Centurion,Apartment,1,45.0,2023-04-09,,Withdrawn,701000.0,
L100331,Groenkloof,Townhouse,2,150.0,2023-04-09,2023-06-04,Sold,3232000.0,3115000.0
L105048,Groenkloof,House,5,284.0,2023-04-09,2023-04-30,Sold,5266000.0,5074000.0
L101097,Bryanston,House,2,206.0,2023-04-10,2023-05-14,Sold,5511000.0,5511000.0
L103233,Waterkloof Ridge,Townhouse,1,137.0,2023-04-10,2023-05-25,Sold,3451000.0,3315000.0
L101102,Rooihuiskraal,Apartment,1,78.0,2023-04-10,2023-04-27,Sold,1051000.0,1051000.0
L105872,Waterkloof Ridge,Apartment,1,63.0,2023-04-10,2023-04-26,Sold,1440000.0,1423000.0
L105309,Brooklyn,House,3,,2023-04-10,2023-04-26,Sold,4568000.0,4308000.0
L101113,Sandton,House,3,143.0,2023-04-11,,Withdrawn,3967000.0,
L104042,Waterkloof Ridge,Apartment,1,71.0,2023-04-11,2023-05-08,Sold,1907000.0,1876000.0
L100016,Faerie Glen,House,4,,2023-04-11,2023-06-01,Sold,3810000.0,3553000.0
L104708,Groenkloof,Apartment,2,66.0,2023-04-11,2023-05-15,Sold,1128000.0,1047000.0
L101085,Centurion,Apartment,1,73.0,2023-04-11,2023-05-28,Sold,1290000.0,1235000.0
L104631,Lynnwood,House,2,140.0,2023-04-12,2023-05-17,Sold,3177000.0,3103000.0
L103280,Centurion,Townhouse,2,134.0,2023-04-12,2023-05-20,Sold,2175000.0,2139000.0
L103458,Waterkloof,Apartment,1,108.0,2023-04-12,2023-04-19,Sold,2584000.0,2584000.0
L100257,Waterkloof Ridge,House,3,268.0,2023-04-12,2023-04-30,Sold,8398000.0,8139000.0
L105690,Faerie Glen,House,2,133.0,2023-04-12,2023-05-05,Sold,2590000.0,2539000.0
L104175,Faerie Glen,Apartment,1,77.0,2023-04-13,2023-05-21,Sold,1243000.0,1164000.0
L100090,Groenkloof,House,4,402.0,2023-04-13,2023-05-03,Sold,6945000.0,6643000.0
L102715,Brooklyn,House,3,171.0,2023-04-13,2023-05-26,Sold,3784000.0,3605000.0
L100965,Faerie Glen,Apartment,1,66.0,2023-04-13,2023-05-06,Sold,929000.0,892000.0
L104829,Sandton,House,2,196.0,2023-04-13,2023-08-04,Sold,5624000.0,5529000.0
L103306,Waterkloof,Apartment,2,61.0,2023-04-13,2023-05-20,Sold,1678000.0,1678000.0
L105383,Groenkloof,House,6,833.0,2023-04-14,2023-04-17,Sold,14937000.0,14426000.0
L105765,Lynnwood,House,4,268.0,2023-04-14,2023-06-14,Sold,4959000.0,4959000.0
L100501,Bryanston,House,3,163.0,2023-04-14,2023-06-04,Sold,4470000.0,4441000.0
L105654,Brooklyn,House,4,226.0,2023-04-14,,Withdrawn,5292000.0,
L105130,Brooklyn,House,4,365.0,2023-04-14,2023-04-28,Sold,6643000.0,6387000.0
L100266,Brooklyn,House,3,204.0,2023-04-14,2023-06-19,Sold,4611000.0,4611000.0
L100385,Sandton,Apartment,1,104.0,2023-04-15,2023-05-22,Sold,2669000.0,2569000.0
L105551,Waterkloof,Apartment,2,115.0,2023-04-15,2023-04-23,Sold,2800000.0,2726000.0
L100137,Faerie Glen,House,4,261.0,2023-04-15,2023-05-28,Sold,3807000.0,3807000.0
L105472,Sandton,House,4,271.0,2023-04-16,2023-06-30,Sold,9402000.0,9260000.0
L104425,Menlo Park,House,2,164.0,2023-04-16,2023-04-30,Sold,3081000.0,3054000.0
L105097,Centurion,Apartment,1,68.0,2023-04-16,2023-05-11,Sold,1205000.0,1140000.0
L100669,Lynnwood,Apartment,2,82.0,2023-04-17,2023-04-29,Sold,1512000.0,1434000.0
L101944,Bryanston,Apartment,2,115.0,2023-04-17,,Withdrawn,2924000.0,
L105351,Rooihuiskraal,House,6,411.0,2023-04-18,2023-06-04,Sold,4795000.0,4204000.0
L105037,Groenkloof,House,,230.0,2023-04-18,,Withdrawn,4755000.0,
L100582,Waterkloof Ridge,Apartment,2,95.0,2023-04-18,2023-06-17,Sold,2447000.0,2321000.0
L105949,Centurion,House,6,410.0,2023-04-18,2023-05-21,Sold,7081000.0,7081000.0
L103439,Irene,House,6,542.0,2023-04-18,2023-05-13,Sold,11652000.0,10809000.0
L100105,Centurion,Townhouse,3,265.0,2023-04-19,2023-05-24,Sold,4212000.0,4124000.0
L102330,Irene,House,3,147.0,2023-04-19,,Withdrawn,2497000.0,
L101170,Lynnwood,House,3,172.0,2023-04-19,2023-05-25,Sold,3153000.0,3153000.0
L103758,Sandton,House,5,308.0,2023-04-20,2023-07-02,Sold,9824000.0,9468000.0
L103470,Lynnwood,Apartment,1,121.0,2023-04-20,2023-05-18,Sold,2245000.0,2211000.0
L101732,Centurion,House,4,316.0,2023-04-20,2023-05-30,Sold,5419000.0,5106000.0
L101510,Waterkloof Ridge,Apartment,1,55.0,2023-04-20,2023-05-17,Sold,1395000.0,1320000.0
L103621,Brooklyn,Apartment,,90.0,2023-04-21,2023-05-28,Sold,2044000.0,1878000.0
L105884,Faerie Glen,House,4,,2023-04-21,2023-05-20,Sold,4063000.0,4010000.0
L105805,Centurion,Apartment,1,102.0,2023-04-21,2023-05-27,Sold,1660000.0,1573000.0
L102606,Irene,House,3,166.0,2023-04-21,2023-05-17,Sold,2500000.0,2406000.0
L102458,Brooklyn,Apartment,2,119.0,2023-04-22,2023-05-23,Sold,2215000.0,2195000.0
L105666,Brooklyn,Apartment,1,49.0,2023-04-22,2023-05-07,Sold,901000.0,865000.0
L100920,Waterkloof Ridge,Apartment,2,58.0,2023-04-22,2023-07-05,Sold,1473000.0,1473000.0
L102719,Faerie Glen,House,2,217.0,2023-04-22,2023-06-20,Sold,4023000.0,3758000.0
L105406,Menlo Park,Apartment,1,123.0,2023-04-23,2023-05-17,Sold,2048000.0,2048000.0
L104230,Sandton,House,1,,2023-04-23,2023-05-14,Sold,5785000.0,5661000.0
L100673,Centurion,House,3,187.0,2023-04-23,2023-05-24,Sold,3202000.0,3145000.0
L104201,Rooihuiskraal,Apartment,1,127.0,2023-04-23,2023-06-26,Sold,1821000.0,1684000.0
L105890,Sandton,House,4,218.0,2023-04-23,2023-05-06,Sold,7445000.0,6828000.0
L104702,Menlo Park,House,1,134.0,2023-04-23,2023-05-23,Sold,3010000.0,2921000.0
L103810,Irene,House,3,,2023-04-23,2023-05-13,Sold,4320000.0,4082000.0
L104979,Sandton,Apartment,2,49.0,2023-04-24,2023-05-04,Sold,1747000.0,1710000.0
L100797,Groenkloof,House,3,226.0,2023-04-24,2023-06-16,Sold,4026000.0,3870000.0
L105570,Waterkloof Ridge,Apartment,2,97.0,2023-04-24,2023-05-21,Sold,2326000.0,2118000.0
L103507,Rooihuiskraal,House,2,230.0,2023-04-24,2023-06-29,Sold,2697000.0,2562000.0
L101353,Brooklyn,Apartment,1,66.0,2023-04-25,2023-06-29,Sold,1188000.0,1126000.0
L104707,Lynnwood,Apartment,2,104.0,2023-04-25,2023-06-18,Sold,1797000.0,1637000.0
L104825,Lynnwood,Apartment,1,103.0,2023-04-25,2023-06-30,Sold,1914000.0,1914000.0
L104150,Brooklyn,House,4,334.0,2023-04-25,2023-06-03,Sold,6743000.0,6692000.0
L101164,Waterkloof Ridge,Townhouse,4,246.0,2023-04-25,2023-08-02,Sold,8281000.0,8281000.0
L105867,Centurion,Apartment,2,107.0,2023-04-26,2023-05-06,Sold,1759000.0,1752000.0
L103405,Bryanston,Apartment,1,73.0,2023-04-26,2023-06-05,Sold,2021000.0,2021000.0
L102375,Waterkloof Ridge,Apartment,1,105.0,2023-04-26,2023-05-12,Sold,3134000.0,3134000.0
L102997,Groenkloof,House,1,192.0,2023-04-26,2023-05-30,Sold,4005000.0,3834000.0
L100822,Brooklyn,House,5,396.0,2023-04-26,2023-05-29,Sold,8528000.0,8509000.0
L103649,Bryanston,House,4,192.0,2023-04-26,2023-06-09,Sold,4971000.0,4840000.0
L104597,Groenkloof,House,1,111.0,2023-04-26,2023-06-13,Sold,2353000.0,2338000.0
L101443,Waterkloof,House,6,380.0,2023-04-26,,Withdrawn,9504000.0,
L103080,Brooklyn,House,6,427.0,2023-04-27,,Withdrawn,10913000.0,
L105898,Faerie Glen,House,4,283.0,2023-04-27,2023-07-03,Sold,4228000.0,4224000.0
L105063,Waterkloof Ridge,House,5,303.0,2023-04-27,,Withdrawn,6942000.0,
L102832,Lynnwood,House,4,300.0,2023-04-27,2023-05-24,Sold,7381000.0,7022000.0
L102077,Groenkloof,House,4,285.0,2023-04-27,2023-05-20,Sold,6196000.0,5535000.0
L100873,Menlo Park,House,3,188.0,2023-04-28,2023-05-27,Sold,3834000.0,3670000.0
L103256,Waterkloof Ridge,House,3,202.0,2023-04-28,2023-06-13,Sold,5673000.0,5298000.0
L103089,Sandton,House,3,264.0,2023-04-28,2023-05-14,Sold,7149000.0,6928000.0
L101449,Groenkloof,House,6,371.0,2023-04-28,2023-06-05,Sold,8998000.0,8713000.0
L103398,Centurion,Apartment,2,81.0,2023-04-28,2023-06-23,Sold,1086000.0,999000.0
L102683,Irene,Apartment,1,75.0,2023-04-28,,Withdrawn,1160000.0,
L101870,Brooklyn,House,1,217.0,2023-04-28,2023-05-18,Sold,4737000.0,4526000.0
L102223,Groenkloof,Townhouse,1,91.0,2023-04-29,2023-05-06,Sold,1619000.0,1608000.0
L104060,Sandton,Townhouse,3,195.0,2023-04-29,2023-07-04,Sold,5847000.0,5644000.0
L105629,Brooklyn,Apartment,3,163.0,2023-04-29,2023-05-31,Sold,3281000.0,3268000.0
L103297,Faerie Glen,Townhouse,2,125.0,2023-04-29,2023-06-15,Sold,2159000.0,2125000.0
L101269,Faerie Glen,House,4,352.0,2023-04-29,2023-06-04,Sold,5286000.0,4970000.0
L102530,Irene,Apartment,3,78.0,2023-04-30,2023-07-18,Sold,1291000.0,1236000.0
L105655,Groenkloof,Apartment,1,68.0,2023-04-30,2023-08-28,Sold,991000.0,951000.0
L101851,Sandton,Apartment,1,158.0,2023-04-30,,Withdrawn,4930000.0,
L102788,Sandton,House,4,331.0,2023-05-01,2023-05-16,Sold,10344000.0,9959000.0
L105757,Faerie Glen,House,2,153.0,2023-05-01,2023-05-19,Sold,2544000.0,2444000.0
L103267,Rooihuiskraal,Apartment,1,50.0,2023-05-01,2023-05-30,Sold,677000.0,636000.0
L101463,Menlo Park,Townhouse,2,169.0,2023-05-01,2023-06-01,Sold,3247000.0,3233000.0
L103448,Menlo Park,House,6,459.0,2023-05-01,,Withdrawn,8954000.0,
L100864,Waterkloof Ridge,House,5,333.0,2023-05-02,2023-06-14,Sold,9322000.0,9322000.0
L101561,Irene,House,5,295.0,2023-05-02,2023-05-28,Sold,5644000.0,5289000.0
L104494,Brooklyn,Townhouse,4,219.0,2023-05-02,2023-05-25,Sold,4665000.0,4665000.0
L104575,Groenkloof,Apartment,1,117.0,2023-05-02,2023-06-09,Sold,2086000.0,2086000.0
L103060,Irene,Apartment,1,70.0,2023-05-03,2023-08-24,Sold,1082000.0,1027000.0
L104767,Irene,House,5,270.0,2023-05-03,2023-06-07,Sold,4747000.0,4555000.0
L105340,Menlo Park,Apartment,1,95.0,2023-05-03,2023-05-24,Sold,2343000.0,2314000.0
L104500,Waterkloof,House,6,451.0,2023-05-03,2023-05-27,Sold,11957000.0,11566000.0
L103051,Waterkloof Ridge,Apartment,1,106.0,2023-05-03,2023-06-07,Sold,2579000.0,2378000.0
L104329,Sandton,Townhouse,3,171.0,2023-05-04,2023-07-07,Sold,4922000.0,4793000.0
L100685,Menlo Park,House,4,236.0,2023-05-04,2023-05-31,Sold,5093000.0,4823000.0
L101794,Sandton,Apartment,2,96.0,2023-05-04,2023-05-13,Sold,2495000.0,2495000.0
L100678,Waterkloof Ridge,House,3,246.0,2023-05-04,2023-06-28,Sold,6917000.0,6774000.0
L103720,Centurion,Apartment,2,44.0,2023-05-04,2023-06-02,Sold,774000.0,743000.0
L100668,Brooklyn,House,2,159.0,2023-05-04,2023-06-16,Sold,3806000.0,3635000.0
L103035,Centurion,House,1,127.0,2023-05-05,2023-06-11,Sold,2053000.0,1955000.0
L102976,Centurion,House,2,146.0,2023-05-05,2023-06-20,Sold,2447000.0,2416000.0
L103827,Menlo Park,House,6,,2023-05-05,2023-06-20,Sold,6509000.0,6509000.0
L105815,Rooihuiskraal,Apartment,2,94.0,2023-05-06,2023-07-23,Sold,1200000.0,1200000.0
L101037,Lynnwood,Apartment,2,96.0,2023-05-06,2023-07-11,Sold,1575000.0,1500000.0
L102796,Irene,House,5,259.0,2023-05-06,2023-08-09,Sold,6576000.0,6393000.0
L103134,Centurion,House,4,251.0,2023-05-06,2023-05-28,Sold,4330000.0,4055000.0
L100215,Centurion,House,3,239.0,2023-05-06,,Withdrawn,5235000.0,
L100531,Centurion,Townhouse,2,102.0,2023-05-06,2023-06-02,Sold,1690000.0,1607000.0
L105157,Irene,Apartment,,69.0,2023-05-06,2023-06-04,Sold,1074000.0,1050000.0
L101605,Brooklyn,Townhouse,3,322.0,2023-05-06,2023-06-20,Sold,7352000.0,7313000.0
L101305,Sandton,House,3,218.0,2023-05-06,2023-06-09,Sold,7589000.0,7487000.0
L105001,Centurion,House,5,348.0,2023-05-06,2023-05-16,Sold,6232000.0,6068000.0
L105974,Sandton,House,3,222.0,2023-05-07,2023-06-06,Sold,6693000.0,6546000.0
L105376,Brooklyn,Townhouse,2,197.0,2023-05-07,2023-06-20,Sold,4249000.0,4014000.0
L100645,Bryanston,House,,202.0,2023-05-07,2023-06-04,Sold,5989000.0,5889000.0
L100311,Lynnwood,Apartment,2,105.0,2023-05-07,2023-07-02,Sold,1897000.0,1885000.0
L101761,Groenkloof,Townhouse,2,200.0,2023-05-07,2023-07-18,Sold,3383000.0,3210000.0
L102883,Menlo Park,House,4,276.0,2023-05-08,2023-07-05,Sold,6102000.0,5812000.0
L100292,Sandton,Townhouse,3,252.0,2023-05-08,2023-06-12,Sold,8670000.0,8426000.0
L103980,Waterkloof,House,2,145.0,2023-05-08,2023-05-31,Sold,3969000.0,3948000.0
L102229,Centurion,Apartment,1,72.0,2023-05-08,2023-05-16,Sold,1115000.0,1046000.0
L105849,Rooihuiskraal,House,4,363.0,2023-05-08,2023-07-30,Sold,5920000.0,5756000.0
L104119,Faerie Glen,House,2,156.0,2023-05-09,2023-06-16,Sold,2320000.0,2175000.0
L105282,Sandton,House,3,213.0,2023-05-09,2023-05-20,Sold,6990000.0,6909000.0
L104546,Sandton,Apartment,2,80.0,2023-05-09,,Withdrawn,2210000.0,
L102787,Faerie Glen,Apartment,1,122.0,2023-05-09,2023-06-04,Sold,1982000.0,1885000.0
L103068,Centurion,Apartment,1,155.0,2023-05-09,2023-05-26,Sold,2757000.0,2678000.0
L103534,Centurion,Townhouse,2,132.0,2023-05-09,2023-07-27,Sold,2176000.0,2120000.0
L103942,Groenkloof,Apartment,1,97.0,2023-05-09,2023-06-10,Sold,1919000.0,1919000.0
L103208,Waterkloof Ridge,House,3,226.0,2023-05-09,2023-05-31,Sold,5743000.0,5347000.0
L103120,Groenkloof,Apartment,1,61.0,2023-05-09,2023-06-25,Sold,1148000.0,1148000.0
L103055,Faerie Glen,Townhouse,1,112.0,2023-05-09,2023-05-23,Sold,1723000.0,1723000.0
L102652,Bryanston,Townhouse,2,126.0,2023-05-10,2023-05-25,Sold,3167000.0,3086000.0
L105767,Irene,Apartment,1,62.0,2023-05-10,2023-07-09,Sold,1149000.0,1147000.0
L103750,Waterkloof,Townhouse,3,205.0,2023-05-10,2023-06-17,Sold,4756000.0,4567000.0
L102804,Waterkloof Ridge,Apartment,2,82.0,2023-05-11,2023-05-21,Sold,1715000.0,1559000.0
L101533,Centurion,House,4,259.0,2023-05-11,2023-05-26,Sold,5338000.0,5111000.0
L105904,Lynnwood,House,4,262.0,2023-05-11,2023-06-18,Sold,5804000.0,5452000.0
L100362,Waterkloof Ridge,House,4,336.0,2023-05-11,2023-06-15,Sold,10150000.0,10034000.0
L101146,Centurion,House,4,280.0,2023-05-11,2023-06-13,Sold,4098000.0,3883000.0
L102085,Brooklyn,Apartment,2,57.0,2023-05-12,2023-06-04,Sold,1050000.0,995000.0
L104163,Lynnwood,House,4,,2023-05-12,2023-07-01,Sold,6914000.0,6652000.0
L102368,Menlo Park,House,4,265.0,2023-05-12,2023-06-17,Sold,5661000.0,5477000.0
L102049,Menlo Park,Apartment,3,137.0,2023-05-12,2023-05-22,Sold,2981000.0,2976000.0
L104853,Waterkloof Ridge,Apartment,1,97.0,2023-05-13,2023-06-12,Sold,2205000.0,2182000.0
L103676,Menlo Park,Apartment,1,126.0,2023-05-13,2023-07-16,Sold,2605000.0,2537000.0
L103081,Waterkloof Ridge,House,3,164.0,2023-05-13,2023-06-15,Sold,4366000.0,4085000.0
L105303,Menlo Park,Apartment,1,85.0,2023-05-13,2023-06-25,Sold,1486000.0,1432000.0
L100576,Sandton,House,6,563.0,2023-05-14,2023-05-30,Sold,15635000.0,14037000.0
L102273,Bryanston,Apartment,2,86.0,2023-05-14,2023-05-24,Sold,1902000.0,1802000.0
L105795,Irene,Apartment,1,,2023-05-15,2023-06-09,Sold,1349000.0,1326000.0
L101232,Groenkloof,House,2,155.0,2023-05-15,2023-06-18,Sold,2733000.0,2732000.0
L100176,Lynnwood,Apartment,1,72.0,2023-05-15,2023-08-07,Sold,1187000.0,1177000.0
L104080,Menlo Park,House,1,108.0,2023-05-15,2023-06-28,Sold,2005000.0,2005000.0
L103360,Menlo Park,House,4,251.0,2023-05-15,2023-08-10,Sold,4848000.0,4644000.0
L102473,Faerie Glen,House,2,201.0,2023-05-15,2023-05-30,Sold,3609000.0,3609000.0
L103385,Centurion,House,2,88.0,2023-05-15,2023-06-12,Sold,1513000.0,1419000.0
L100478,Centurion,House,5,340.0,2023-05-15,2023-07-04,Sold,6772000.0,6726000.0
L105311,Brooklyn,Apartment,,83.0,2023-05-16,2023-05-24,Sold,1689000.0,1565000.0
L101532,Faerie Glen,House,4,328.0,2023-05-16,2023-07-05,Sold,4819000.0,4670000.0
L100232,Sandton,Apartment,3,109.0,2023-05-16,2023-06-11,Sold,2776000.0,2500000.0
L105060,Groenkloof,House,3,251.0,2023-05-16,2023-06-29,Sold,5232000.0,5173000.0
L101448,Irene,House,6,318.0,2023-05-16,2023-07-30,Sold,6110000.0,5841000.0
L104416,Faerie Glen,House,3,259.0,2023-05-16,2023-06-18,Sold,4305000.0,4146000.0
L102047,Faerie Glen,Townhouse,1,81.0,2023-05-17,2023-06-23,Sold,1393000.0,1380000.0
L103096,Waterkloof,House,4,234.0,2023-05-17,2023-05-29,Sold,5481000.0,5209000.0
L105569,Bryanston,Apartment,1,47.0,2023-05-17,2023-06-05,Sold,1249000.0,1249000.0
L104262,Brooklyn,House,5,342.0,2023-05-17,2023-06-03,Sold,8922000.0,8900000.0
L104434,Irene,House,3,213.0,2023-05-17,2023-07-12,Sold,3635000.0,3452000.0
L104228,Faerie Glen,House,3,178.0,2023-05-17,2023-07-20,Sold,3246000.0,3150000.0
L105455,Faerie Glen,House,4,290.0,2023-05-17,2023-06-17,Sold,5509000.0,5234000.0
L105634,Waterkloof Ridge,House,,298.0,2023-05-17,2023-06-06,Sold,8445000.0,8445000.0
L105402,Menlo Park,House,5,379.0,2023-05-17,2023-06-30,Sold,8768000.0,8667000.0
L102673,Lynnwood,House,4,266.0,2023-05-18,2023-06-09,Sold,5913000.0,5817000.0
L100865,Sandton,House,4,326.0,2023-05-18,2023-06-25,Sold,10482000.0,10197000.0
L105995,Menlo Park,Apartment,2,74.0,2023-05-18,2023-08-01,Sold,1446000.0,1296000.0
L103681,Groenkloof,House,4,212.0,2023-05-18,2023-05-21,Sold,3809000.0,3503000.0
L100332,Centurion,House,2,135.0,2023-05-18,2023-06-21,Sold,2887000.0,2851000.0
L103140,Brooklyn,House,4,230.0,2023-05-18,2023-06-16,Sold,4554000.0,4414000.0
L101314,Waterkloof,House,1,187.0,2023-05-18,2023-07-09,Sold,4457000.0,4315000.0
L104411,Waterkloof,House,4,274.0,2023-05-19,2023-05-29,Sold,7132000.0,7074000.0
L105337,Centurion,House,5,338.0,2023-05-19,2023-06-09,Sold,5808000.0,5534000.0
L101308,Waterkloof,House,3,224.0,2023-05-19,2023-09-08,Sold,5669000.0,5628000.0
L101368,Groenkloof,Townhouse,2,142.0,2023-05-19,2023-05-30,Sold,2664000.0,2627000.0
L100846,Lynnwood,House,4,311.0,2023-05-19,2023-06-04,Sold,7058000.0,6875000.0
L101326,Menlo Park,Townhouse,3,155.0,2023-05-20,2023-07-26,Sold,2970000.0,2924000.0
L103605,Waterkloof,Townhouse,2,141.0,2023-05-20,2023-06-25,Sold,3714000.0,3714000.0
L105766,Menlo Park,Apartment,2,66.0,2023-05-20,2023-06-11,Sold,1275000.0,1275000.0
L102479,Sandton,Apartment,1,72.0,2023-05-20,2023-06-08,Sold,2193000.0,2181000.0
L100379,Centurion,House,5,397.0,2023-05-21,2023-06-09,Sold,8748000.0,8113000.0
L102681,Bryanston,Apartment,2,81.0,2023-05-21,,Withdrawn,1710000.0,
L100128,Waterkloof Ridge,House,3,199.0,2023-05-21,2023-06-18,Sold,5194000.0,5086000.0
L100195,Groenkloof,House,6,419.0,2023-05-21,2023-08-07,Sold,7031000.0,7031000.0
L102269,Bryanston,House,3,221.0,2023-05-22,,Withdrawn,6267000.0,
L102817,Irene,Apartment,2,75.0,2023-05-22,2023-06-06,Sold,1239000.0,1230000.0
L100121,Centurion,House,6,361.0,2023-05-22,2023-07-25,Sold,5301000.0,4952000.0
L101810,Brooklyn,House,3,240.0,2023-05-22,2023-06-21,Sold,5076000.0,5076000.0
L105250,Lynnwood,House,3,188.0,2023-05-22,2023-06-21,Sold,4196000.0,4097000.0
L100935,Groenkloof,Apartment,1,75.0,2023-05-22,2023-06-30,Sold,1379000.0,1379000.0
L102888,Waterkloof Ridge,Apartment,1,65.0,2023-05-23,2023-08-06,Sold,1800000.0,1795000.0
L104716,Menlo Park,House,6,401.0,2023-05-23,2023-07-20,Sold,8547000.0,8110000.0
L103432,Sandton,Apartment,1,89.0,2023-05-24,2023-07-13,Sold,2773000.0,2686000.0
L102879,Waterkloof,House,3,221.0,2023-05-24,2023-09-15,Sold,5357000.0,4944000.0
L104680,Sandton,House,2,213.0,2023-05-24,2023-06-17,Sold,6075000.0,5793000.0
L102351,Bryanston,Townhouse,2,134.0,2023-05-24,2023-06-19,Sold,4001000.0,3744000.0
L101743,Sandton,Townhouse,3,140.0,2023-05-24,2023-06-23,Sold,4696000.0,4571000.0
L103111,Brooklyn,House,3,183.0,2023-05-24,2023-07-09,Sold,3762000.0,3711000.0
L105595,Centurion,House,3,155.0,2023-05-24,2023-06-23,Sold,2613000.0,2409000.0
L104884,Bryanston,Townhouse,3,170.0,2023-05-24,2023-06-16,Sold,4008000.0,3659000.0
L101787,Centurion,Apartment,1,88.0,2023-05-25,2023-09-22,Sold,1396000.0,1386000.0
L102065,Sandton,House,3,168.0,2023-05-25,2023-08-12,Sold,5092000.0,4694000.0
L102234,Centurion,Townhouse,3,,2023-05-25,2023-06-22,Sold,2840000.0,2671000.0
L101958,Bryanston,House,6,443.0,2023-05-25,2023-06-14,Sold,13463000.0,12318000.0
L104914,Menlo Park,Townhouse,3,200.0,2023-05-25,2023-06-17,Sold,4352000.0,4247000.0
L103691,Irene,House,4,236.0,2023-05-25,2023-06-09,Sold,4614000.0,4410000.0
L101328,Brooklyn,House,5,445.0,2023-05-25,2023-06-07,Sold,9229000.0,8946000.0
L101369,Menlo Park,Townhouse,1,174.0,2023-05-25,2023-06-13,Sold,4062000.0,4047000.0
L100990,Irene,House,5,326.0,2023-05-26,2023-09-23,Sold,5670000.0,5477000.0
L101074,Bryanston,Apartment,1,169.0,2023-05-26,2023-06-23,Sold,4247000.0,4168000.0
L103648,Brooklyn,House,4,200.0,2023-05-26,2023-07-03,Sold,4344000.0,4232000.0
L101912,Sandton,House,4,276.0,2023-05-26,2023-07-02,Sold,6832000.0,6659000.0
L100888,Groenkloof,Apartment,2,89.0,2023-05-26,2023-08-14,Sold,1669000.0,1652000.0
L100180,Bryanston,House,3,197.0,2023-05-26,2023-07-01,Sold,4099000.0,4009000.0
L100317,Centurion,Apartment,1,116.0,2023-05-26,2023-06-20,Sold,1918000.0,1871000.0
L101008,Centurion,House,5,321.0,2023-05-26,2023-07-01,Sold,5672000.0,5672000.0
L102806,Menlo Park,House,3,207.0,2023-05-26,2023-06-16,Sold,5006000.0,4858000.0
L104598,Menlo Park,House,3,228.0,2023-05-27,2023-06-25,Sold,5646000.0,5184000.0
L102934,Centurion,Apartment,1,79.0,2023-05-27,2023-06-27,Sold,1355000.0,1263000.0
L102844,Groenkloof,Apartment,2,82.0,2023-05-27,2023-07-12,Sold,1542000.0,1489000.0
L100089,Faerie Glen,Apartment,2,82.0,2023-05-28,,Withdrawn,1195000.0,
L101842,Groenkloof,House,4,255.0,2023-05-28,,Withdrawn,5188000.0,
L103319,Menlo Park,House,4,260.0,2023-05-28,2023-06-18,Sold,5861000.0,5709000.0
L102276,Faerie Glen,House,6,395.0,2023-05-28,2023-07-07,Sold,6236000.0,6236000.0
L101370,Waterkloof Ridge,House,3,196.0,2023-05-29,2023-06-29,Sold,5466000.0,5290000.0
L104747,Irene,Apartment,2,85.0,2023-05-29,2023-07-17,Sold,1430000.0,1420000.0
L104117,Bryanston,House,4,298.0,2023-05-30,2023-07-07,Sold,8227000.0,7752000.0
L103409,Waterkloof Ridge,Apartment,2,47.0,2023-05-30,,Withdrawn,1241000.0,
L100318,Brooklyn,House,1,160.0,2023-05-30,2023-07-23,Sold,3473000.0,3288000.0
L104671,Brooklyn,Apartment,1,52.0,2023-05-30,2023-06-17,Sold,1009000.0,964000.0
L105070,Brooklyn,Townhouse,3,152.0,2023-05-30,2023-06-12,Sold,3129000.0,3010000.0
L103600,Brooklyn,House,3,313.0,2023-05-31,2023-09-13,Sold,6118000.0,6118000.0
L104652,Waterkloof Ridge,Apartment,1,77.0,2023-05-31,2023-08-11,Sold,1908000.0,1848000.0
L103056,Irene,Apartment,1,96.0,2023-05-31,2023-06-23,Sold,1551000.0,1433000.0
L101962,Irene,Apartment,,61.0,2023-06-01,2023-07-19,Sold,878000.0,863000.0
L100866,Bryanston,House,6,612.0,2023-06-01,2023-07-21,Sold,16193000.0,16193000.0
L102256,Sandton,Apartment,2,114.0,2023-06-01,,Withdrawn,2919000.0,
L101451,Irene,House,5,342.0,2023-06-01,2023-06-11,Sold,5033000.0,4942000.0
L102259,Lynnwood,Apartment,1,78.0,2023-06-01,2023-06-21,Sold,1646000.0,1581000.0
L103187,Bryanston,Apartment,3,78.0,2023-06-01,2023-08-13,Sold,1622000.0,1620000.0
L103731,Sandton,House,2,212.0,2023-06-01,2023-07-01,Sold,9014000.0,8692000.0
L104855,Sandton,House,4,183.0,2023-06-01,,Withdrawn,5306000.0,
L104801,Groenkloof,House,4,223.0,2023-06-02,2023-06-29,Sold,4452000.0,4216000.0
L104885,Bryanston,House,3,127.0,2023-06-02,2023-09-04,Sold,3764000.0,3551000.0
L100925,Brooklyn,House,2,145.0,2023-06-02,2023-06-09,Sold,3329000.0,3329000.0
L101920,Faerie Glen,Apartment,1,,2023-06-02,2023-09-15,Sold,1469000.0,1361000.0
L101512,Irene,House,3,174.0,2023-06-02,,Withdrawn,3155000.0,
L101225,Bryanston,House,3,265.0,2023-06-03,2023-06-30,Sold,8198000.0,8048000.0
L100503,Faerie Glen,Apartment,1,110.0,2023-06-03,2023-08-18,Sold,1770000.0,1705000.0
L104108,Sandton,Apartment,1,54.0,2023-06-03,2023-06-30,Sold,1774000.0,1774000.0
L104717,Irene,Apartment,2,87.0,2023-06-03,2023-07-09,Sold,1265000.0,1265000.0
L102895,Waterkloof,House,5,393.0,2023-06-03,2023-06-11,Sold,8676000.0,8183000.0
L102947,Rooihuiskraal,Apartment,1,118.0,2023-06-03,2023-06-08,Sold,1390000.0,1345000.0
L100157,Centurion,House,1,105.0,2023-06-03,2023-07-07,Sold,2079000.0,1929000.0
L105714,Waterkloof Ridge,Apartment,2,77.0,2023-06-03,2023-07-25,Sold,2003000.0,1874000.0
L102264,Irene,Apartment,1,80.0,2023-06-04,2023-07-13,Sold,1415000.0,1415000.0
L103009,Rooihuiskraal,House,3,240.0,2023-06-04,2023-07-01,Sold,3124000.0,3124000.0
L103652,Brooklyn,House,3,132.0,2023-06-04,2023-07-05,Sold,2877000.0,2761000.0
L105731,Bryanston,House,3,164.0,2023-06-04,,Withdrawn,4314000.0,
L101728,Waterkloof,Apartment,2,100.0,2023-06-04,2023-09-06,Sold,2355000.0,2292000.0
L102219,Menlo Park,Apartment,3,129.0,2023-06-04,2023-06-29,Sold,2423000.0,2337000.0
L101671,Irene,House,3,207.0,2023-06-04,2023-07-16,Sold,3169000.0,3078000.0
L102067,Sandton,House,3,219.0,2023-06-05,2023-06-21,Sold,6851000.0,6580000.0
L104866,Brooklyn,House,3,260.0,2023-06-05,2023-07-17,Sold,5342000.0,5318000.0
L103378,Lynnwood,House,4,346.0,2023-06-05,2023-07-02,Sold,6907000.0,6907000.0
L105357,Lynnwood,Townhouse,2,127.0,2023-06-05,2023-07-07,Sold,2216000.0,2088000.0
L103030,Rooihuiskraal,House,5,302.0,2023-06-05,2023-07-07,Sold,4340000.0,4191000.0
L101531,Waterkloof Ridge,House,4,230.0,2023-06-05,2023-07-25,Sold,5325000.0,5325000.0
L101903,Groenkloof,Apartment,1,77.0,2023-06-06,2023-07-15,Sold,1237000.0,1199000.0
L103964,Menlo Park,House,4,310.0,2023-06-06,2023-07-18,Sold,7610000.0,7610000.0
L102850,Menlo Park,House,6,392.0,2023-06-06,2023-06-19,Sold,8164000.0,7949000.0
L102349,Waterkloof,House,3,135.0,2023-06-06,2023-07-09,Sold,3039000.0,3039000.0
L105178,Faerie Glen,Townhouse,1,78.0,2023-06-06,2023-07-17,Sold,1162000.0,1062000.0
L102972,Waterkloof Ridge,Apartment,2,98.0,2023-06-06,2023-07-02,Sold,2546000.0,2510000.0
L103678,Brooklyn,House,3,196.0,2023-06-07,2023-07-06,Sold,4573000.0,4385000.0
L103231,Waterkloof Ridge,Apartment,1,88.0,2023-06-07,2023-07-31,Sold,2355000.0,2308000.0
L102175,Irene,Townhouse,2,197.0,2023-06-08,2023-07-09,Sold,3545000.0,3491000.0
L101503,Lynnwood,House,3,228.0,2023-06-08,2023-07-19,Sold,5951000.0,5478000.0
L102054,Menlo Park,Townhouse,3,186.0,2023-06-08,2023-09-07,Sold,3550000.0,3528000.0
L103364,Menlo Park,Apartment,1,,2023-06-08,2023-06-18,Sold,1297000.0,1274000.0
L103281,Waterkloof,Townhouse,4,216.0,2023-06-08,2023-06-26,Sold,5665000.0,5564000.0
L104933,Brooklyn,House,4,242.0,2023-06-08,2023-06-29,Sold,4915000.0,4823000.0
L105030,Waterkloof,House,2,120.0,2023-06-09,2023-07-07,Sold,2827000.0,2705000.0
L102481,Brooklyn,House,,195.0,2023-06-09,2023-06-26,Sold,4906000.0,4779000.0
L103390,Waterkloof Ridge,Apartment,1,76.0,2023-06-09,2023-06-21,Sold,1848000.0,1842000.0
L102326,Groenkloof,Apartment,2,78.0,2023-06-10,2023-07-10,Sold,1562000.0,1436000.0
L104795,Groenkloof,Apartment,1,76.0,2023-06-10,,Withdrawn,1219000.0,
L101376,Centurion,House,4,329.0,2023-06-10,2023-07-18,Sold,6909000.0,6693000.0
L100919,Faerie Glen,Apartment,1,85.0,2023-06-11,2023-08-09,Sold,1378000.0,1315000.0
L105923,Brooklyn,Apartment,1,82.0,2023-06-12,2023-08-10,Sold,1747000.0,1724000.0
L102708,Groenkloof,House,2,121.0,2023-06-12,2023-07-14,Sold,2870000.0,2799000.0
L103013,Centurion,House,3,257.0,2023-06-12,2023-08-19,Sold,4839000.0,4839000.0
L101301,Irene,Apartment,1,97.0,2023-06-12,2023-07-20,Sold,1567000.0,1492000.0
L105582,Menlo Park,House,2,168.0,2023-06-13,2023-07-08,Sold,3570000.0,3480000.0
L101972,Centurion,House,2,105.0,2023-06-13,2023-08-11,Sold,1978000.0,1932000.0
L102913,Centurion,House,6,413.0,2023-06-13,2023-08-03,Sold,6716000.0,6386000.0
L101539,Lynnwood,House,4,193.0,2023-06-13,2023-06-23,Sold,4288000.0,4220000.0
L102650,Sandton,House,2,152.0,2023-06-13,2023-07-08,Sold,4853000.0,4853000.0
L105524,Brooklyn,Townhouse,2,146.0,2023-06-13,2023-07-22,Sold,2605000.0,2530000.0
L102824,Sandton,Apartment,3,,2023-06-13,2023-06-30,Sold,2220000.0,2144000.0
L101659,Waterkloof,Apartment,1,75.0,2023-06-13,2023-06-28,Sold,1591000.0,1525000.0
L103737,Centurion,House,3,278.0,2023-06-14,2023-08-15,Sold,5455000.0,5148000.0
L101293,Menlo Park,House,2,164.0,2023-06-14,2023-07-18,Sold,4078000.0,4048000.0
L100383,Lynnwood,Apartment,1,99.0,2023-06-15,2023-06-18,Sold,2079000.0,1925000.0
L105824,Menlo Park,Apartment,3,146.0,2023-06-15,2023-07-09,Sold,2356000.0,2276000.0
L104292,Waterkloof,Apartment,2,92.0,2023-06-15,2023-06-29,Sold,2387000.0,2359000.0
L104593,Groenkloof,House,4,272.0,2023-06-15,2023-08-28,Sold,6214000.0,6018000.0
L105189,Irene,House,3,244.0,2023-06-15,2023-07-17,Sold,4388000.0,4379000.0
L102900,Menlo Park,House,3,221.0,2023-06-15,,Withdrawn,4148000.0,
L103974,Waterkloof,Apartment,2,84.0,2023-06-16,2023-07-05,Sold,2075000.0,1949000.0
L105465,Rooihuiskraal,Apartment,1,67.0,2023-06-16,2023-09-11,Sold,950000.0,950000.0
L105024,Centurion,House,3,188.0,2023-06-16,2023-06-27,Sold,3842000.0,3512000.0
L100066,Faerie Glen,House,2,138.0,2023-06-16,2023-09-20,Sold,2495000.0,2495000.0
L100547,Waterkloof,Apartment,2,126.0,2023-06-17,2023-07-12,Sold,2937000.0,2782000.0
L105699,Waterkloof,Apartment,2,70.0,2023-06-17,2023-07-12,Sold,1654000.0,1597000.0
L102793,Sandton,Apartment,1,70.0,2023-06-17,2023-07-01,Sold,2110000.0,2084000.0
L100196,Irene,Apartment,2,129.0,2023-06-17,,Withdrawn,2105000.0,
L101454,Menlo Park,Townhouse,2,159.0,2023-06-18,2023-07-09,Sold,2654000.0,2654000.0
L102499,Faerie Glen,House,6,511.0,2023-06-18,2023-09-27,Sold,9660000.0,9321000.0
L103712,Sandton,Apartment,2,68.0,2023-06-18,2023-09-19,Sold,1841000.0,1797000.0
L104414,Brooklyn,House,3,178.0,2023-06-18,2023-06-30,Sold,3479000.0,3362000.0
L105678,Rooihuiskraal,House,4,212.0,2023-06-18,2023-07-27,Sold,2908000.0,2700000.0
L104756,Lynnwood,Apartment,,55.0,2023-06-18,2023-07-22,Sold,916000.0,907000.0
L102136,Menlo Park,Apartment,1,114.0,2023-06-19,2023-08-03,Sold,2148000.0,2124000.0
L100610,Faerie Glen,Apartment,1,,2023-06-19,2023-08-10,Sold,1064000.0,1022000.0
L101542,Menlo Park,Apartment,,82.0,2023-06-19,,Withdrawn,1598000.0,
L102192,Centurion,House,4,361.0,2023-06-20,2023-07-15,Sold,6766000.0,6766000.0
L102536,Rooihuiskraal,House,2,145.0,2023-06-20,,Withdrawn,2000000.0,
L102668,Irene,Apartment,1,,2023-06-20,2023-06-23,Sold,2113000.0,2113000.0
L100103,Sandton,Apartment,2,96.0,2023-06-20,2023-08-04,Sold,2606000.0,2539000.0
L105174,Groenkloof,Apartment,2,131.0,2023-06-20,2023-06-28,Sold,2599000.0,2473000.0
L104948,Centurion,House,6,389.0,2023-06-20,2023-07-25,Sold,6819000.0,6457000.0
L105150,Centurion,House,3,242.0,2023-06-20,2023-07-21,Sold,4130000.0,3835000.0
L101664,Sandton,House,3,216.0,2023-06-20,2023-09-09,Sold,6373000.0,6239000.0
L100172,Brooklyn,House,3,192.0,2023-06-21,2023-07-10,Sold,4162000.0,3903000.0
L103384,Groenkloof,House,5,308.0,2023-06-21,2023-08-06,Sold,6382000.0,5889000.0
L100376,Sandton,House,3,247.0,2023-06-21,2023-10-19,Sold,7064000.0,6956000.0
L103279,Waterkloof Ridge,Townhouse,3,230.0,2023-06-21,2023-06-27,Sold,7373000.0,7242000.0
L101796,Irene,House,5,358.0,2023-06-21,2023-07-06,Sold,7963000.0,7811000.0
L101345,Irene,House,5,283.0,2023-06-21,2023-07-06,Sold,5765000.0,5615000.0
L104242,Lynnwood,House,5,308.0,2023-06-21,2023-09-26,Sold,5433000.0,5003000.0
L100372,Menlo Park,Townhouse,3,218.0,2023-06-21,2023-07-22,Sold,4065000.0,4065000.0
L104822,Centurion,House,4,320.0,2023-06-21,,Withdrawn,4741000.0,
L104945,Rooihuiskraal,Townhouse,4,202.0,2023-06-22,2023-08-21,Sold,2884000.0,2702000.0
L101258,Faerie Glen,Apartment,,67.0,2023-06-22,2023-07-18,Sold,1082000.0,1015000.0
L102346,Bryanston,Apartment,1,90.0,2023-06-22,,Withdrawn,2055000.0,
L102684,Brooklyn,House,4,245.0,2023-06-22,2023-09-16,Sold,5548000.0,5548000.0
L101367,Waterkloof Ridge,Apartment,1,96.0,2023-06-23,2023-08-02,Sold,2704000.0,2676000.0
L102922,Groenkloof,House,5,307.0,2023-06-23,2023-07-31,Sold,5523000.0,5363000.0
L102880,Groenkloof,Apartment,1,73.0,2023-06-23,2023-07-16,Sold,1546000.0,1502000.0
L103438,Waterkloof,House,6,370.0,2023-06-23,2023-07-16,Sold,10320000.0,10079000.0
L105276,Irene,House,2,123.0,2023-06-24,2023-09-03,Sold,2314000.0,2199000.0
L100539,Bryanston,Apartment,1,42.0,2023-06-24,2023-08-10,Sold,1087000.0,1051000.0
L103135,Rooihuiskraal,Apartment,2,91.0,2023-06-24,2023-07-31,Sold,1484000.0,1484000.0
L103092,Bryanston,House,4,349.0,2023-06-24,,Withdrawn,9779000.0,
L102854,Rooihuiskraal,House,,212.0,2023-06-24,2023-09-16,Sold,2843000.0,2784000.0
L100655,Menlo Park,House,3,200.0,2023-06-24,2023-07-06,Sold,4876000.0,4496000.0
L105398,Centurion,House,4,356.0,2023-06-24,2023-07-26,Sold,5723000.0,5723000.0
L105502,Waterkloof Ridge,House,1,183.0,2023-06-24,2023-08-17,Sold,4469000.0,4392000.0
L105135,Faerie Glen,Townhouse,4,,2023-06-25,2023-09-23,Sold,3797000.0,3797000.0
L100570,Menlo Park,Apartment,1,97.0,2023-06-25,2023-08-06,Sold,1654000.0,1596000.0
L101026,Sandton,Apartment,1,108.0,2023-06-25,2023-07-04,Sold,3019000.0,2973000.0
L100672,Sandton,House,5,274.0,2023-06-25,2023-07-09,Sold,8267000.0,8267000.0
L103724,Bryanston,Apartment,1,91.0,2023-06-25,2023-08-23,Sold,2543000.0,2466000.0
L105239,Irene,House,3,,2023-06-25,2023-07-27,Sold,4090000.0,3970000.0
L100444,Brooklyn,House,3,197.0,2023-06-26,2023-07-22,Sold,3759000.0,3616000.0
L105289,Irene,House,5,297.0,2023-06-26,2023-09-19,Sold,6021000.0,5845000.0
L105482,Menlo Park,House,3,229.0,2023-06-26,2023-07-20,Sold,4421000.0,4149000.0
L104098,Centurion,House,4,282.0,2023-06-26,2023-08-19,Sold,5514000.0,5309000.0
L104713,Sandton,House,6,412.0,2023-06-26,2023-07-14,Sold,14737000.0,14482000.0
L102105,Centurion,House,2,153.0,2023-06-26,2023-08-28,Sold,3070000.0,3007000.0
L100599,Irene,House,2,160.0,2023-06-26,2023-08-05,Sold,2748000.0,2729000.0
L101474,Faerie Glen,House,4,313.0,2023-06-26,2023-10-10,Sold,5226000.0,5171000.0
L105148,Bryanston,House,3,239.0,2023-06-27,2023-07-17,Sold,7536000.0,7500000.0
L102143,Rooihuiskraal,House,6,435.0,2023-06-27,2023-08-05,Sold,5897000.0,5589000.0
L100391,Waterkloof Ridge,Apartment,1,47.0,2023-06-27,2023-07-26,Sold,894000.0,866000.0
L101705,Sandton,House,2,187.0,2023-06-27,2023-08-15,Sold,5359000.0,5152000.0
L101377,Bryanston,Townhouse,3,151.0,2023-06-27,2023-08-02,Sold,3700000.0,3516000.0
L100393,Centurion,House,1,119.0,2023-06-27,2023-08-02,Sold,2329000.0,2321000.0
L100201,Sandton,House,4,240.0,2023-06-27,2023-07-15,Sold,8113000.0,8113000.0
L105117,Rooihuiskraal,House,4,280.0,2023-06-27,2023-10-08,Sold,3981000.0,3518000.0
L102402,Rooihuiskraal,Apartment,1,85.0,2023-06-28,2023-07-20,Sold,1099000.0,1099000.0
L104873,Irene,House,3,165.0,2023-06-28,,Withdrawn,3107000.0,
L103012,Rooihuiskraal,Townhouse,1,140.0,2023-06-28,2023-08-21,Sold,2218000.0,2176000.0
L101607,Brooklyn,House,3,212.0,2023-06-28,2023-07-22,Sold,4420000.0,4420000.0
L100460,Irene,House,3,266.0,2023-06-28,2023-08-07,Sold,5052000.0,5052000.0
L105983,Menlo Park,House,2,192.0,2023-06-28,,Withdrawn,4871000.0,
L102208,Groenkloof,Apartment,1,64.0,2023-06-28,2023-08-07,Sold,1264000.0,1150000.0
L102937,Waterkloof,House,2,151.0,2023-06-28,2023-07-07,Sold,4379000.0,4373000.0
L101809,Waterkloof,House,5,317.0,2023-06-29,2023-08-01,Sold,9389000.0,9153000.0
L100574,Bryanston,House,3,237.0,2023-06-29,2023-07-23,Sold,6078000.0,5559000.0
L101507,Lynnwood,Apartment,1,48.0,2023-06-29,2023-07-25,Sold,855000.0,855000.0
L100254,Brooklyn,Townhouse,2,150.0,2023-06-29,2023-07-13,Sold,3343000.0,3274000.0
L100377,Lynnwood,Apartment,1,115.0,2023-06-29,,Withdrawn,2295000.0,
L104320,Bryanston,Apartment,1,102.0,2023-06-29,,Withdrawn,2499000.0,
L101583,Brooklyn,Apartment,,97.0,2023-06-29,2023-07-29,Sold,2135000.0,2042000.0
L101204,Waterkloof,Apartment,2,146.0,2023-06-29,2023-07-30,Sold,3530000.0,3530000.0
L100419,Sandton,Apartment,1,62.0,2023-06-30,2023-07-24,Sold,2166000.0,1977000.0
L102975,Bryanston,House,3,231.0,2023-06-30,2023-09-14,Sold,6513000.0,6431000.0
L102967,Brooklyn,House,4,210.0,2023-06-30,2023-07-30,Sold,4395000.0,4307000.0
L103287,Lynnwood,Apartment,1,67.0,2023-06-30,2023-08-19,Sold,1173000.0,1056000.0
L103363,Irene,House,2,190.0,2023-06-30,2023-08-13,Sold,3070000.0,3070000.0
L103577,Brooklyn,Apartment,1,77.0,2023-07-01,2023-07-26,Sold,1797000.0,1797000.0
L101921,Brooklyn,House,6,658.0,2023-07-01,2023-07-24,Sold,14750000.0,14344000.0
L101957,Waterkloof,House,4,264.0,2023-07-01,2023-07-20,Sold,6830000.0,6618000.0
L105934,Brooklyn,Townhouse,2,141.0,2023-07-01,2023-08-13,Sold,3289000.0,3232000.0
L102101,Waterkloof Ridge,House,6,443.0,2023-07-01,2023-08-06,Sold,11951000.0,11699000.0
L104723,Irene,House,4,242.0,2023-07-02,2023-07-21,Sold,3903000.0,3752000.0
L102617,Bryanston,Apartment,2,83.0,2023-07-03,,Withdrawn,1891000.0,
L102295,Waterkloof,House,4,271.0,2023-07-03,2023-07-15,Sold,6870000.0,6693000.0
L105729,Brooklyn,House,3,225.0,2023-07-04,2023-07-12,Sold,4938000.0,4903000.0
L105727,Menlo Park,Apartment,3,119.0,2023-07-04,2023-07-27,Sold,2179000.0,2114000.0
L103290,Menlo Park,House,4,222.0,2023-07-04,2023-07-29,Sold,3524000.0,3524000.0
L104382,Brooklyn,House,4,229.0,2023-07-04,2023-07-20,Sold,5064000.0,5011000.0
L100287,Menlo Park,Townhouse,1,98.0,2023-07-04,2023-07-28,Sold,1935000.0,1935000.0
L101737,Groenkloof,House,5,,2023-07-05,2023-07-23,Sold,5736000.0,5474000.0
L103086,Groenkloof,House,5,336.0,2023-07-05,2023-08-06,Sold,7563000.0,7563000.0
L100693,Menlo Park,Apartment,2,100.0,2023-07-05,,Withdrawn,1950000.0,
L100175,Waterkloof,Townhouse,2,194.0,2023-07-05,2023-08-13,Sold,3960000.0,3665000.0
L105088,Sandton,Apartment,1,110.0,2023-07-05,2023-08-15,Sold,2988000.0,2950000.0
L104121,Rooihuiskraal,House,4,332.0,2023-07-05,2023-08-10,Sold,5751000.0,5609000.0
L101429,Lynnwood,Townhouse,3,181.0,2023-07-05,2023-08-19,Sold,2844000.0,2844000.0
L101829,Faerie Glen,House,5,385.0,2023-07-05,2023-08-18,Sold,5751000.0,5491000.0
L101004,Centurion,Townhouse,3,204.0,2023-07-05,2023-09-09,Sold,3893000.0,3879000.0
L101051,Waterkloof Ridge,House,3,174.0,2023-07-05,,Withdrawn,4826000.0,
L103431,Faerie Glen,House,4,224.0,2023-07-05,2023-08-31,Sold,4460000.0,4401000.0
L104218,Sandton,House,2,,2023-07-06,2023-08-06,Sold,5316000.0,5316000.0
L101868,Faerie Glen,Apartment,2,149.0,2023-07-06,2023-08-30,Sold,2417000.0,2343000.0
L103779,Sandton,Apartment,1,102.0,2023-07-06,2023-07-22,Sold,2796000.0,2727000.0
L102327,Groenkloof,Apartment,1,94.0,2023-07-06,2023-08-25,Sold,1562000.0,1562000.0
L100067,Brooklyn,House,4,305.0,2023-07-06,2023-09-21,Sold,6627000.0,6627000.0
L105059,Waterkloof,House,6,357.0,2023-07-06,2023-07-29,Sold,8691000.0,8616000.0
L105992,Sandton,Apartment,3,136.0,2023-07-06,2023-08-02,Sold,3813000.0,3813000.0
L102904,Menlo Park,Townhouse,2,110.0,2023-07-06,2023-08-18,Sold,2042000.0,2009000.0
L100546,Lynnwood,House,3,192.0,2023-07-07,2023-08-01,Sold,4098000.0,3941000.0
L100601,Rooihuiskraal,House,6,373.0,2023-07-07,,Withdrawn,5061000.0,
L100745,Faerie Glen,House,5,366.0,2023-07-07,2023-07-18,Sold,6285000.0,5934000.0
L105834,Faerie Glen,House,6,560.0,2023-07-07,2023-09-09,Sold,10374000.0,10187000.0
L105328,Lynnwood,Apartment,1,90.0,2023-07-07,2023-08-31,Sold,1656000.0,1568000.0
L103962,Centurion,House,6,361.0,2023-07-07,2023-07-23,Sold,5626000.0,5626000.0
L100666,Rooihuiskraal,Apartment,2,95.0,2023-07-07,2023-08-01,Sold,1299000.0,1212000.0
L104396,Groenkloof,House,5,319.0,2023-07-08,2023-07-21,Sold,7271000.0,7271000.0
L101154,Faerie Glen,Apartment,1,97.0,2023-07-08,2023-07-19,Sold,1338000.0,1258000.0
L103101,Groenkloof,House,5,307.0,2023-07-08,2023-08-17,Sold,6502000.0,6046000.0
L100695,Faerie Glen,House,6,470.0,2023-07-09,2023-08-17,Sold,9754000.0,9754000.0
L103072,Bryanston,Apartment,2,113.0,2023-07-09,2023-09-10,Sold,2886000.0,2886000.0
L101034,Lynnwood,House,5,374.0,2023-07-09,2023-07-14,Sold,7409000.0,7409000.0
L101415,Rooihuiskraal,Apartment,1,79.0,2023-07-09,2023-07-24,Sold,962000.0,957000.0
L101216,Menlo Park,Apartment,1,92.0,2023-07-09,2023-09-01,Sold,1930000.0,1930000.0
L104371,Waterkloof Ridge,House,3,239.0,2023-07-09,2023-09-06,Sold,6495000.0,6495000.0
L101207,Faerie Glen,House,2,153.0,2023-07-10,2023-08-09,Sold,2362000.0,2362000.0
L102689,Faerie Glen,Apartment,2,59.0,2023-07-10,2023-07-28,Sold,1059000.0,1042000.0
L101986,Brooklyn,Townhouse,1,137.0,2023-07-10,2023-08-06,Sold,2887000.0,2794000.0
L103919,Lynnwood,Townhouse,2,132.0,2023-07-10,2023-09-02,Sold,2196000.0,2127000.0
L101667,Brooklyn,House,3,166.0,2023-07-10,2023-08-18,Sold,3841000.0,3550000.0
L104571,Bryanston,House,3,163.0,2023-07-10,2023-09-03,Sold,3994000.0,3967000.0
L103368,Waterkloof Ridge,Apartment,1,102.0,2023-07-10,2023-09-05,Sold,2392000.0,2309000.0
L102487,Rooihuiskraal,House,3,227.0,2023-07-11,2023-08-16,Sold,2943000.0,2800000.0
L103729,Rooihuiskraal,Townhouse,3,195.0,2023-07-11,2023-08-21,Sold,2677000.0,2460000.0
L100143,Irene,Apartment,1,,2023-07-11,2023-10-17,Sold,1016000.0,983000.0
L102040,Brooklyn,House,4,267.0,2023-07-11,2023-08-15,Sold,5523000.0,5413000.0
L101229,Waterkloof,Townhouse,1,140.0,2023-07-12,2023-08-10,Sold,4209000.0,4052000.0
L104368,Waterkloof Ridge,House,5,321.0,2023-07-12,2023-10-15,Sold,9727000.0,9133000.0
L105256,Irene,House,4,389.0,2023-07-12,2023-08-26,Sold,7925000.0,7721000.0
L100912,Sandton,Apartment,2,84.0,2023-07-12,2023-09-26,Sold,2398000.0,2298000.0
L103952,Sandton,Apartment,1,76.0,2023-07-12,2023-08-15,Sold,2112000.0,2112000.0
L102294,Brooklyn,Apartment,2,94.0,2023-07-12,2023-09-02,Sold,2138000.0,2138000.0
L103419,Bryanston,Townhouse,1,101.0,2023-07-13,,Withdrawn,2864000.0,
L104721,Faerie Glen,House,6,314.0,2023-07-13,2023-08-17,Sold,5344000.0,5210000.0
L102846,Brooklyn,Apartment,2,85.0,2023-07-13,2023-08-19,Sold,1491000.0,1491000.0
L103393,Waterkloof,House,2,164.0,2023-07-14,2023-08-09,Sold,4374000.0,4374000.0
L101161,Centurion,House,3,194.0,2023-07-14,2023-09-04,Sold,3579000.0,3579000.0
L101727,Bryanston,House,3,261.0,2023-07-14,2023-08-26,Sold,7524000.0,7524000.0
L103346,Rooihuiskraal,House,3,183.0,2023-07-14,2023-08-08,Sold,3437000.0,3262000.0
L101655,Lynnwood,Apartment,1,39.0,2023-07-14,2023-07-26,Sold,827000.0,816000.0
L101956,Faerie Glen,House,3,238.0,2023-07-14,2023-09-11,Sold,3902000.0,3785000.0
L102362,Lynnwood,House,5,311.0,2023-07-14,2023-07-28,Sold,6200000.0,6044000.0
L103557,Sandton,Apartment,2,105.0,2023-07-15,2023-07-22,Sold,2623000.0,2508000.0
L101498,Menlo Park,Apartment,1,116.0,2023-07-15,2023-08-27,Sold,2487000.0,2487000.0
L103756,Brooklyn,Apartment,1,79.0,2023-07-16,2023-08-28,Sold,1873000.0,1863000.0
L105378,Groenkloof,Apartment,1,59.0,2023-07-17,,Withdrawn,946000.0,
L102492,Waterkloof,House,4,242.0,2023-07-17,2023-08-11,Sold,6804000.0,6804000.0
L102870,Irene,House,6,313.0,2023-07-17,2023-08-15,Sold,5166000.0,5132000.0
L105468,Faerie Glen,Apartment,1,72.0,2023-07-17,2023-10-06,Sold,1221000.0,1167000.0
L105269,Faerie Glen,House,6,613.0,2023-07-17,2023-09-13,Sold,8406000.0,7683000.0
L104342,Irene,House,5,332.0,2023-07-17,2023-08-05,Sold,6305000.0,6305000.0
L105449,Lynnwood,House,3,227.0,2023-07-18,2023-08-24,Sold,5014000.0,4757000.0
L100891,Sandton,House,2,284.0,2023-07-18,2023-09-14,Sold,8198000.0,8096000.0
L101059,Centurion,House,4,255.0,2023-07-18,2023-08-17,Sold,4309000.0,4160000.0
L100430,Sandton,House,6,442.0,2023-07-18,,Withdrawn,14637000.0,
L100588,Groenkloof,Apartment,1,92.0,2023-07-18,2023-08-23,Sold,1831000.0,1751000.0
L102343,Brooklyn,House,3,223.0,2023-07-18,2023-07-26,Sold,4767000.0,4767000.0
L102963,Irene,Apartment,2,96.0,2023-07-18,2023-09-10,Sold,1781000.0,1594000.0
L102958,Brooklyn,House,4,331.0,2023-07-19,2023-08-13,Sold,6360000.0,6229000.0
L100304,Bryanston,Apartment,1,90.0,2023-07-19,2023-08-08,Sold,2333000.0,2150000.0
L100410,Centurion,House,4,229.0,2023-07-19,2023-08-27,Sold,4292000.0,4292000.0
L103510,Sandton,Apartment,3,183.0,2023-07-19,2023-07-31,Sold,5559000.0,5270000.0
L103261,Centurion,House,3,193.0,2023-07-19,2023-10-16,Sold,3388000.0,3285000.0
L102365,Centurion,Townhouse,2,151.0,2023-07-19,2023-08-09,Sold,2384000.0,2382000.0
L102523,Irene,House,5,318.0,2023-07-20,2023-08-26,Sold,5878000.0,5676000.0
L103085,Menlo Park,House,4,239.0,2023-07-20,,Withdrawn,5273000.0,
L100940,Brooklyn,Apartment,2,107.0,2023-07-21,,Withdrawn,2422000.0,
L104754,Sandton,Apartment,1,133.0,2023-07-21,2023-09-11,Sold,3867000.0,3864000.0
L100632,Waterkloof,Townhouse,2,156.0,2023-07-22,2023-08-21,Sold,3651000.0,3517000.0
L103114,Lynnwood,House,5,339.0,2023-07-22,2023-08-22,Sold,6383000.0,6383000.0
L100227,Faerie Glen,House,5,321.0,2023-07-23,2023-09-15,Sold,5303000.0,5266000.0
L105691,Waterkloof Ridge,Apartment,3,163.0,2023-07-23,2023-07-30,Sold,4096000.0,3969000.0
L104020,Brooklyn,House,4,320.0,2023-07-23,2023-08-17,Sold,7466000.0,7070000.0
L101988,Sandton,Apartment,1,84.0,2023-07-23,2023-09-03,Sold,2287000.0,2114000.0
L102203,Groenkloof,Apartment,1,66.0,2023-07-23,2023-09-05,Sold,1100000.0,1062000.0
L100170,Brooklyn,Townhouse,,172.0,2023-07-23,2023-08-20,Sold,3642000.0,3535000.0
L102520,Groenkloof,Apartment,,121.0,2023-07-23,2023-09-29,Sold,2295000.0,2058000.0
L103497,Rooihuiskraal,House,3,177.0,2023-07-24,2023-11-21,Sold,2618000.0,2590000.0
L103371,Waterkloof,House,4,185.0,2023-07-24,2023-08-15,Sold,4690000.0,4658000.0
L104973,Bryanston,House,3,186.0,2023-07-24,2023-10-06,Sold,5417000.0,5417000.0
L100133,Menlo Park,House,2,197.0,2023-07-24,,Withdrawn,4147000.0,
L102721,Rooihuiskraal,House,3,151.0,2023-07-25,2023-08-10,Sold,1925000.0,1793000.0
L105596,Sandton,House,2,184.0,2023-07-25,2023-09-01,Sold,6764000.0,6545000.0
L104749,Waterkloof Ridge,House,4,295.0,2023-07-25,2023-08-27,Sold,8297000.0,8098000.0
L103305,Waterkloof,House,6,429.0,2023-07-25,2023-08-30,Sold,11111000.0,11111000.0
L104210,Centurion,House,4,,2023-07-26,2023-08-12,Sold,4779000.0,4648000.0
L103949,Brooklyn,House,5,328.0,2023-07-26,2023-08-17,Sold,6084000.0,6084000.0
L104887,Centurion,Apartment,1,50.0,2023-07-26,2023-09-01,Sold,787000.0,751000.0
L104076,Centurion,Apartment,1,55.0,2023-07-26,2023-08-31,Sold,962000.0,929000.0
L101484,Centurion,House,1,103.0,2023-07-26,2023-09-22,Sold,2229000.0,2177000.0
L100535,Groenkloof,House,4,,2023-07-26,2023-08-29,Sold,6722000.0,6139000.0
L105913,Brooklyn,House,6,484.0,2023-07-26,2023-09-08,Sold,10767000.0,10767000.0
L101312,Irene,House,6,435.0,2023-07-27,2023-08-11,Sold,8532000.0,8276000.0
L103789,Centurion,Townhouse,3,185.0,2023-07-27,2023-10-08,Sold,3336000.0,3297000.0
L102138,Rooihuiskraal,Apartment,2,126.0,2023-07-27,,Withdrawn,1579000.0,
L101483,Brooklyn,Apartment,,98.0,2023-07-27,2023-08-04,Sold,1764000.0,1671000.0
L105008,Centurion,House,4,269.0,2023-07-27,,Withdrawn,4106000.0,
L104594,Groenkloof,Apartment,1,104.0,2023-07-28,2023-09-21,Sold,1991000.0,1860000.0
L101739,Rooihuiskraal,House,2,180.0,2023-07-28,2023-09-18,Sold,2540000.0,2371000.0
L105785,Centurion,House,3,214.0,2023-07-28,2023-08-21,Sold,3825000.0,3619000.0
L102300,Sandton,Apartment,3,186.0,2023-07-28,2023-08-19,Sold,4432000.0,4263000.0
L105724,Rooihuiskraal,House,5,289.0,2023-07-28,2023-10-31,Sold,3946000.0,3674000.0
L103753,Rooihuiskraal,House,,440.0,2023-07-28,2023-08-17,Sold,5572000.0,5285000.0
L101082,Sandton,Apartment,2,99.0,2023-07-28,2023-08-18,Sold,2499000.0,2498000.0
L100325,Centurion,House,3,230.0,2023-07-28,2023-08-13,Sold,4027000.0,3729000.0
L100725,Waterkloof,House,4,183.0,2023-07-28,2023-08-26,Sold,4491000.0,4170000.0
L102982,Waterkloof Ridge,Apartment,1,63.0,2023-07-29,2023-08-26,Sold,1585000.0,1462000.0
L103597,Bryanston,House,2,158.0,2023-07-29,2023-08-25,Sold,3598000.0,3598000.0
L104216,Centurion,Apartment,1,64.0,2023-07-29,,Withdrawn,1112000.0,
L100465,Centurion,Apartment,1,66.0,2023-07-29,2023-09-15,Sold,1024000.0,963000.0
L105844,Lynnwood,House,5,389.0,2023-07-29,2023-10-02,Sold,8354000.0,8354000.0
L102760,Centurion,Apartment,1,63.0,2023-07-30,2023-10-10,Sold,992000.0,969000.0
L103824,Centurion,House,4,267.0,2023-07-30,,Withdrawn,5127000.0,
L102516,Waterkloof Ridge,Townhouse,1,133.0,2023-07-30,2023-09-02,Sold,3575000.0,3348000.0
L101702,Menlo Park,Apartment,2,78.0,2023-07-30,2023-09-08,Sold,1434000.0,1404000.0
L100340,Waterkloof Ridge,Apartment,,54.0,2023-07-30,2023-08-23,Sold,1544000.0,1447000.0
L102813,Waterkloof,Townhouse,,124.0,2023-07-31,2023-09-23,Sold,3310000.0,3310000.0
L100704,Brooklyn,House,4,242.0,2023-07-31,2023-09-03,Sold,4811000.0,4811000.0
L104555,Centurion,Townhouse,2,198.0,2023-07-31,2023-08-28,Sold,3788000.0,3779000.0
L100375,Waterkloof Ridge,House,6,415.0,2023-07-31,2023-09-30,Sold,10523000.0,10444000.0
L100009,Lynnwood,Apartment,1,107.0,2023-08-01,2023-09-01,Sold,2341000.0,2340000.0
L103010,Brooklyn,House,2,146.0,2023-08-01,2023-09-20,Sold,3278000.0,3181000.0
L105428,Sandton,House,5,356.0,2023-08-01,2023-09-01,Sold,12971000.0,12406000.0
L103160,Sandton,House,4,293.0,2023-08-01,2023-08-25,Sold,9380000.0,9048000.0
L102615,Faerie Glen,Apartment,2,92.0,2023-08-01,2023-08-14,Sold,1839000.0,1735000.0
L101126,Faerie Glen,House,4,246.0,2023-08-01,2023-10-12,Sold,3725000.0,3500000.0
L105882,Rooihuiskraal,Apartment,2,116.0,2023-08-01,2023-10-30,Sold,1117000.0,1077000.0
L102195,Bryanston,House,3,214.0,2023-08-01,2023-11-29,Sold,5713000.0,5378000.0
L101926,Menlo Park,House,3,223.0,2023-08-01,2023-09-17,Sold,4237000.0,4079000.0
L102629,Brooklyn,Apartment,,62.0,2023-08-01,2023-09-13,Sold,1202000.0,1174000.0
L101502,Menlo Park,House,5,296.0,2023-08-02,2023-09-26,Sold,5961000.0,5826000.0
L102244,Menlo Park,Townhouse,2,147.0,2023-08-02,2023-08-10,Sold,2471000.0,2471000.0
L102031,Faerie Glen,House,3,159.0,2023-08-03,2023-09-27,Sold,2822000.0,2769000.0
L100270,Waterkloof,House,5,335.0,2023-08-03,2023-10-17,Sold,7998000.0,7730000.0
L104283,Waterkloof Ridge,Townhouse,3,185.0,2023-08-03,2023-09-11,Sold,5225000.0,5162000.0
L100263,Waterkloof Ridge,Apartment,2,119.0,2023-08-03,2023-10-10,Sold,2881000.0,2704000.0
L100543,Sandton,House,6,393.0,2023-08-03,2023-09-18,Sold,11552000.0,10764000.0
L101602,Centurion,House,4,274.0,2023-08-04,2023-09-26,Sold,5580000.0,5550000.0
L102428,Centurion,Townhouse,2,160.0,2023-08-04,2023-09-16,Sold,2640000.0,2453000.0
L103361,Menlo Park,House,4,300.0,2023-08-04,2023-08-28,Sold,5709000.0,5241000.0
L105887,Groenkloof,House,4,170.0,2023-08-05,2023-09-12,Sold,3931000.0,3805000.0
L104623,Bryanston,Apartment,1,81.0,2023-08-05,2023-08-29,Sold,2132000.0,1957000.0
L100839,Faerie Glen,Townhouse,3,178.0,2023-08-05,,Withdrawn,3248000.0,
L103274,Centurion,Apartment,1,79.0,2023-08-05,2023-08-29,Sold,1301000.0,1287000.0
L102857,Lynnwood,Townhouse,2,,2023-08-05,2023-08-27,Sold,3509000.0,3395000.0
L101163,Groenkloof,Apartment,1,93.0,2023-08-05,2023-08-11,Sold,1612000.0,1499000.0
L105421,Faerie Glen,House,4,249.0,2023-08-06,2023-09-23,Sold,4059000.0,3983000.0
L104655,Bryanston,House,4,287.0,2023-08-06,2023-08-15,Sold,6560000.0,6148000.0
L101845,Irene,House,1,131.0,2023-08-06,2023-10-25,Sold,2379000.0,2379000.0
L102457,Waterkloof Ridge,Townhouse,2,144.0,2023-08-07,2023-09-17,Sold,3470000.0,3318000.0
L101689,Lynnwood,House,4,242.0,2023-08-07,2023-09-07,Sold,5279000.0,4933000.0
L100973,Sandton,Townhouse,2,142.0,2023-08-07,2023-09-05,Sold,4364000.0,4050000.0
L101755,Irene,Townhouse,2,120.0,2023-08-07,2023-08-23,Sold,2196000.0,1998000.0
L102710,Sandton,Apartment,1,80.0,2023-08-07,2023-09-04,Sold,1973000.0,1933000.0
L104563,Bryanston,House,2,141.0,2023-08-07,2023-09-08,Sold,3765000.0,3562000.0
L105900,Bryanston,House,5,304.0,2023-08-08,2023-09-04,Sold,7120000.0,6838000.0
L101061,Irene,House,3,240.0,2023-08-08,,Withdrawn,4532000.0,
L100651,Bryanston,Townhouse,3,152.0,2023-08-08,2023-09-02,Sold,3934000.0,3856000.0
L105240,Waterkloof Ridge,Apartment,1,100.0,2023-08-08,2023-08-24,Sold,2446000.0,2376000.0
L102268,Centurion,Apartment,1,75.0,2023-08-08,2023-09-17,Sold,1272000.0,1188000.0
L105985,Menlo Park,House,2,184.0,2023-08-09,2023-09-12,Sold,3642000.0,3642000.0
L105393,Lynnwood,House,3,152.0,2023-08-09,2023-10-07,Sold,2899000.0,2687000.0
L105146,Bryanston,House,2,161.0,2023-08-09,2023-09-18,Sold,3996000.0,3994000.0
L101351,Bryanston,House,1,111.0,2023-08-09,2023-09-12,Sold,3573000.0,3462000.0
L103230,Lynnwood,House,3,165.0,2023-08-10,2023-10-12,Sold,3137000.0,3030000.0
L100749,Bryanston,Apartment,1,85.0,2023-08-10,2023-08-30,Sold,2309000.0,2200000.0
L102782,Centurion,Townhouse,2,166.0,2023-08-10,2023-10-24,Sold,2822000.0,2786000.0
L102367,Lynnwood,Apartment,1,95.0,2023-08-11,,Withdrawn,1636000.0,
L100156,Brooklyn,House,2,193.0,2023-08-11,2023-08-21,Sold,3980000.0,3933000.0
L100532,Menlo Park,Apartment,1,64.0,2023-08-11,2023-09-10,Sold,1220000.0,1197000.0
L104110,Menlo Park,House,3,157.0,2023-08-11,2023-08-28,Sold,3559000.0,3460000.0
L102385,Rooihuiskraal,House,3,176.0,2023-08-11,2023-10-04,Sold,2666000.0,2600000.0
L104734,Sandton,House,2,152.0,2023-08-12,2023-08-28,Sold,4785000.0,4658000.0
L101718,Centurion,Apartment,2,94.0,2023-08-12,2023-09-13,Sold,1589000.0,1545000.0
L102285,Waterkloof Ridge,House,4,240.0,2023-08-12,2023-12-10,Sold,5886000.0,5487000.0
L102333,Waterkloof Ridge,Apartment,,151.0,2023-08-12,2023-08-29,Sold,3824000.0,3680000.0
L102090,Menlo Park,House,6,360.0,2023-08-12,,Withdrawn,8650000.0,
L100250,Centurion,Apartment,2,95.0,2023-08-13,2023-11-06,Sold,1529000.0,1494000.0
L103146,Centurion,House,4,263.0,2023-08-13,2023-09-04,Sold,4788000.0,4584000.0
L102802,Waterkloof,House,2,190.0,2023-08-13,2023-10-26,Sold,5351000.0,5119000.0
L102373,Brooklyn,House,5,342.0,2023-08-13,2023-08-31,Sold,7601000.0,7426000.0
L103728,Centurion,Apartment,3,151.0,2023-08-13,2023-08-31,Sold,2201000.0,2048000.0
L104840,Bryanston,Apartment,2,111.0,2023-08-13,2023-09-17,Sold,2880000.0,2727000.0
L105427,Bryanston,House,5,279.0,2023-08-13,,Withdrawn,7661000.0,
L102241,Waterkloof,Townhouse,1,182.0,2023-08-13,,Withdrawn,4806000.0,
L103709,Centurion,Apartment,1,93.0,2023-08-14,2023-08-25,Sold,1777000.0,1716000.0
L100348,Irene,House,6,457.0,2023-08-14,2023-10-13,Sold,8284000.0,8181000.0
L104408,Bryanston,Apartment,1,57.0,2023-08-14,2023-10-05,Sold,1551000.0,1499000.0
L100786,Bryanston,House,2,184.0,2023-08-14,2023-09-05,Sold,5246000.0,4939000.0
L103311,Sandton,Apartment,2,149.0,2023-08-14,2023-10-26,Sold,3353000.0,3324000.0
L103902,Centurion,Apartment,2,52.0,2023-08-14,2023-10-20,Sold,808000.0,774000.0
L103202,Sandton,House,1,97.0,2023-08-14,2023-09-27,Sold,2828000.0,2622000.0
L105251,Waterkloof,Apartment,2,96.0,2023-08-15,2023-08-18,Sold,2256000.0,2250000.0
L105756,Waterkloof Ridge,Townhouse,2,205.0,2023-08-15,2023-10-15,Sold,5854000.0,5782000.0
L104640,Groenkloof,Apartment,1,92.0,2023-08-15,2023-11-09,Sold,1891000.0,1753000.0
L101976,Lynnwood,Apartment,1,81.0,2023-08-16,2023-08-28,Sold,1459000.0,1412000.0
L102431,Centurion,House,3,201.0,2023-08-16,2023-09-28,Sold,3498000.0,3498000.0
L100652,Centurion,Apartment,1,76.0,2023-08-17,2023-11-03,Sold,1315000.0,1265000.0
L100625,Lynnwood,Townhouse,,183.0,2023-08-17,,Withdrawn,3495000.0,
L102981,Brooklyn,Apartment,1,80.0,2023-08-17,2023-09-29,Sold,1561000.0,1522000.0
L100773,Bryanston,Townhouse,2,127.0,2023-08-17,2023-10-26,Sold,2894000.0,2841000.0
L104179,Bryanston,Apartment,1,69.0,2023-08-18,2023-10-20,Sold,1569000.0,1569000.0
L103722,Bryanston,House,,150.0,2023-08-18,2023-10-06,Sold,4009000.0,3972000.0
L105606,Waterkloof,Apartment,3,127.0,2023-08-18,2023-09-05,Sold,3095000.0,3014000.0
L101080,Brooklyn,Apartment,2,112.0,2023-08-18,2023-10-08,Sold,2440000.0,2440000.0
L103428,Sandton,Apartment,2,107.0,2023-08-18,2023-10-10,Sold,3540000.0,3253000.0
L100751,Menlo Park,House,,341.0,2023-08-19,2023-10-03,Sold,7569000.0,7385000.0
L105862,Centurion,Apartment,2,76.0,2023-08-19,2023-10-06,Sold,1186000.0,1186000.0
L102756,Bryanston,House,3,245.0,2023-08-19,2023-10-16,Sold,6469000.0,6388000.0
L102572,Rooihuiskraal,Apartment,1,82.0,2023-08-19,2023-10-04,Sold,1195000.0,1170000.0
L105326,Irene,Apartment,2,95.0,2023-08-19,2023-09-24,Sold,1390000.0,1301000.0
L104562,Brooklyn,Apartment,1,70.0,2023-08-20,2023-09-05,Sold,1462000.0,1431000.0
L104994,Irene,Apartment,2,91.0,2023-08-20,2023-09-09,Sold,1450000.0,1389000.0
L104393,Centurion,Apartment,1,86.0,2023-08-20,2023-08-29,Sold,1397000.0,1344000.0
L100208,Waterkloof Ridge,House,4,219.0,2023-08-20,2023-09-24,Sold,5731000.0,5712000.0
L103389,Brooklyn,House,5,402.0,2023-08-20,2023-10-04,Sold,8719000.0,8719000.0
L101846,Menlo Park,House,2,199.0,2023-08-20,2023-10-05,Sold,3605000.0,3605000.0
L101987,Centurion,Townhouse,2,107.0,2023-08-20,2023-09-04,Sold,1695000.0,1673000.0
L101726,Menlo Park,House,3,238.0,2023-08-20,2023-10-27,Sold,5112000.0,4983000.0
L105537,Irene,House,3,244.0,2023-08-21,2023-11-19,Sold,3790000.0,3790000.0
L105501,Faerie Glen,House,4,288.0,2023-08-21,2023-09-14,Sold,4641000.0,4467000.0
L100743,Waterkloof,House,4,270.0,2023-08-21,2023-09-05,Sold,6837000.0,6837000.0
L100790,Groenkloof,House,5,405.0,2023-08-21,2023-09-09,Sold,7574000.0,7561000.0
L103856,Rooihuiskraal,Apartment,2,91.0,2023-08-21,2023-09-20,Sold,1175000.0,1089000.0
L101420,Centurion,House,3,187.0,2023-08-21,2023-09-27,Sold,3184000.0,3151000.0
L101297,Groenkloof,House,6,379.0,2023-08-22,2023-09-04,Sold,7220000.0,7037000.0
L101641,Waterkloof Ridge,Townhouse,3,154.0,2023-08-22,2023-09-13,Sold,4179000.0,3998000.0
L104458,Waterkloof,House,1,117.0,2023-08-22,2023-09-19,Sold,3321000.0,3296000.0
L101784,Brooklyn,House,4,265.0,2023-08-23,2023-10-25,Sold,5599000.0,5533000.0
L103517,Groenkloof,House,6,313.0,2023-08-23,2023-09-05,Sold,6995000.0,6995000.0
L101584,Irene,Apartment,1,58.0,2023-08-23,2023-12-07,Sold,1059000.0,1059000.0
L102608,Centurion,House,4,253.0,2023-08-23,2023-10-26,Sold,4635000.0,4478000.0
L101589,Groenkloof,House,4,,2023-08-24,2023-12-14,Sold,4292000.0,3988000.0
L105045,Sandton,Apartment,2,91.0,2023-08-24,2023-09-22,Sold,2322000.0,2250000.0
L104797,Lynnwood,House,1,94.0,2023-08-24,2023-09-02,Sold,2146000.0,2068000.0
L100061,Lynnwood,House,1,154.0,2023-08-25,,Withdrawn,3155000.0,
L102170,Lynnwood,Townhouse,2,214.0,2023-08-25,2023-09-04,Sold,3610000.0,3610000.0
L102587,Groenkloof,House,4,257.0,2023-08-25,2023-11-12,Sold,5121000.0,4893000.0
L104659,Groenkloof,House,3,219.0,2023-08-25,,Withdrawn,4558000.0,
L105343,Irene,House,3,208.0,2023-08-26,2023-09-11,Sold,3457000.0,3147000.0
L101742,Waterkloof,Apartment,1,83.0,2023-08-26,2023-09-15,Sold,2040000.0,1998000.0
L105628,Waterkloof,House,3,205.0,2023-08-26,2023-09-12,Sold,5049000.0,4963000.0
L101131,Faerie Glen,Apartment,2,,2023-08-26,2023-09-17,Sold,1059000.0,981000.0
L103326,Lynnwood,House,4,273.0,2023-08-26,2023-09-16,Sold,6089000.0,6089000.0
L103347,Irene,Apartment,1,55.0,2023-08-26,,Withdrawn,927000.0,
L103763,Brooklyn,House,,326.0,2023-08-26,2023-11-01,Sold,7490000.0,7078000.0
L104410,Menlo Park,House,3,251.0,2023-08-26,,Withdrawn,5986000.0,
L101223,Centurion,House,5,369.0,2023-08-26,,Withdrawn,7461000.0,
L102104,Irene,Apartment,1,84.0,2023-08-26,2023-09-28,Sold,1252000.0,1142000.0
L102641,Rooihuiskraal,Townhouse,4,304.0,2023-08-27,2023-09-11,Sold,4263000.0,4057000.0
L102574,Faerie Glen,Townhouse,2,192.0,2023-08-28,2023-10-30,Sold,3123000.0,2885000.0
L104469,Brooklyn,House,3,243.0,2023-08-28,2023-10-05,Sold,5185000.0,4950000.0
L102896,Sandton,House,2,151.0,2023-08-28,2023-11-22,Sold,4738000.0,4451000.0
L102930,Irene,Apartment,1,72.0,2023-08-28,2023-11-02,Sold,1059000.0,1059000.0
L100297,Rooihuiskraal,Apartment,1,79.0,2023-08-28,2023-10-18,Sold,1032000.0,969000.0
L105206,Waterkloof,House,3,218.0,2023-08-29,2023-09-28,Sold,5379000.0,5379000.0
L100106,Lynnwood,Townhouse,3,187.0,2023-08-29,2023-10-05,Sold,4473000.0,4435000.0
L102819,Sandton,Townhouse,2,144.0,2023-08-29,2023-11-20,Sold,3958000.0,3958000.0
L103760,Sandton,Townhouse,2,122.0,2023-08-30,2023-12-01,Sold,3699000.0,3530000.0
L103444,Bryanston,Apartment,2,102.0,2023-08-30,2023-09-15,Sold,2633000.0,2633000.0
L101386,Centurion,House,3,246.0,2023-08-30,2023-10-11,Sold,4379000.0,4251000.0
L102251,Rooihuiskraal,House,4,334.0,2023-08-30,,Withdrawn,4369000.0,
L101788,Bryanston,House,3,201.0,2023-08-30,2023-10-16,Sold,7353000.0,7071000.0
L105193,Centurion,Apartment,1,153.0,2023-08-30,2023-10-17,Sold,2304000.0,2291000.0
L102529,Centurion,House,5,296.0,2023-08-30,2023-09-05,Sold,5855000.0,5692000.0
L101313,Waterkloof,Apartment,1,76.0,2023-08-31,2023-10-01,Sold,1568000.0,1512000.0
L103209,Waterkloof Ridge,Apartment,,66.0,2023-08-31,2023-10-02,Sold,1723000.0,1647000.0
L100222,Centurion,Apartment,2,82.0,2023-08-31,2023-09-17,Sold,1052000.0,1045000.0
L101095,Lynnwood,House,4,326.0,2023-08-31,2023-10-31,Sold,6918000.0,6918000.0
L100245,Bryanston,House,2,126.0,2023-08-31,2023-11-02,Sold,4535000.0,4345000.0
L101329,Groenkloof,House,1,166.0,2023-08-31,2023-12-03,Sold,4300000.0,4295000.0
L105863,Centurion,Apartment,1,71.0,2023-08-31,2023-09-22,Sold,1248000.0,1230000.0
L105409,Bryanston,House,6,342.0,2023-08-31,2023-10-08,Sold,9478000.0,9423000.0
L102056,Sandton,Apartment,3,166.0,2023-09-01,2023-10-03,Sold,5063000.0,4981000.0
L101218,Centurion,House,4,230.0,2023-09-01,2023-10-04,Sold,4355000.0,4164000.0
L102114,Waterkloof,House,5,282.0,2023-09-01,2023-10-04,Sold,6845000.0,6845000.0
L105066,Irene,Townhouse,2,143.0,2023-09-01,2023-11-29,Sold,2812000.0,2812000.0
L104935,Groenkloof,House,3,211.0,2023-09-01,2023-09-05,Sold,3890000.0,3774000.0
L104724,Waterkloof,Townhouse,4,225.0,2023-09-01,2023-12-29,Sold,6105000.0,5865000.0
L104538,Waterkloof Ridge,House,2,169.0,2023-09-01,2023-11-01,Sold,4847000.0,4847000.0
L101935,Waterkloof Ridge,House,3,333.0,2023-09-02,2023-10-01,Sold,9643000.0,8873000.0
L103421,Menlo Park,House,4,252.0,2023-09-02,,Withdrawn,5754000.0,
L103178,Waterkloof,Apartment,,86.0,2023-09-02,2023-09-08,Sold,1789000.0,1698000.0
L103029,Menlo Park,House,3,183.0,2023-09-02,2023-09-13,Sold,3672000.0,3620000.0
L103206,Waterkloof,Apartment,2,150.0,2023-09-02,,Withdrawn,3731000.0,
L101300,Groenkloof,House,3,206.0,2023-09-03,,Withdrawn,4368000.0,
L100597,Centurion,House,6,440.0,2023-09-03,2023-09-23,Sold,8202000.0,7755000.0
L104467,Centurion,House,1,97.0,2023-09-03,,Withdrawn,1722000.0,
L100571,Bryanston,House,4,246.0,2023-09-03,,Withdrawn,7334000.0,
L100298,Rooihuiskraal,House,5,335.0,2023-09-03,2023-12-14,Sold,4085000.0,4035000.0
L102890,Waterkloof Ridge,Apartment,1,85.0,2023-09-03,2023-10-07,Sold,2066000.0,1888000.0
L100527,Sandton,House,,169.0,2023-09-03,,Withdrawn,6315000.0,
L105792,Waterkloof Ridge,Apartment,2,93.0,2023-09-03,,Withdrawn,2152000.0,
L103740,Groenkloof,House,3,162.0,2023-09-03,2023-10-09,Sold,2683000.0,2414000.0
L101039,Waterkloof Ridge,Townhouse,2,139.0,2023-09-04,2023-09-25,Sold,3351000.0,3255000.0
L103065,Lynnwood,Apartment,2,91.0,2023-09-04,2023-09-23,Sold,1550000.0,1520000.0
L104525,Faerie Glen,House,3,192.0,2023-09-04,2023-10-08,Sold,3211000.0,3072000.0
L101336,Groenkloof,Apartment,2,94.0,2023-09-04,2023-10-26,Sold,1686000.0,1618000.0
L100268,Waterkloof Ridge,House,2,148.0,2023-09-04,2023-10-17,Sold,4118000.0,4091000.0
L100112,Brooklyn,House,2,192.0,2023-09-04,2023-09-27,Sold,4093000.0,3875000.0
L105940,Centurion,House,5,371.0,2023-09-05,2023-10-12,Sold,7025000.0,7025000.0
L104578,Faerie Glen,House,5,208.0,2023-09-05,2023-10-31,Sold,2934000.0,2758000.0
L101320,Faerie Glen,House,4,208.0,2023-09-05,2023-09-22,Sold,3647000.0,3475000.0
L105387,Groenkloof,Apartment,2,,2023-09-05,,Withdrawn,2380000.0,
L104482,Rooihuiskraal,Apartment,1,78.0,2023-09-05,2023-10-28,Sold,1275000.0,1235000.0
L102039,Rooihuiskraal,Apartment,2,144.0,2023-09-05,2023-12-06,Sold,2096000.0,2069000.0
L101076,Faerie Glen,House,,282.0,2023-09-05,2023-12-11,Sold,4835000.0,4739000.0
L104548,Centurion,Apartment,,66.0,2023-09-05,2023-12-08,Sold,863000.0,863000.0
L102909,Irene,House,4,293.0,2023-09-05,2023-12-04,Sold,4575000.0,4266000.0
L101209,Lynnwood,Apartment,2,112.0,2023-09-05,2023-09-21,Sold,2221000.0,2220000.0
L104268,Rooihuiskraal,Apartment,,82.0,2023-09-06,2023-10-13,Sold,942000.0,911000.0
L101822,Faerie Glen,House,2,137.0,2023-09-06,2023-09-22,Sold,2447000.0,2256000.0
L105529,Bryanston,Apartment,1,58.0,2023-09-06,,Withdrawn,1499000.0,
L101847,Centurion,House,3,231.0,2023-09-06,2023-10-26,Sold,4919000.0,4790000.0
L100130,Groenkloof,House,4,285.0,2023-09-06,2023-11-02,Sold,5192000.0,5181000.0
L103718,Sandton,Apartment,1,94.0,2023-09-06,2024-01-03,Sold,2704000.0,2704000.0
L101754,Menlo Park,House,3,214.0,2023-09-06,2023-11-19,Sold,4435000.0,4295000.0
L100190,Sandton,Apartment,1,58.0,2023-09-07,2023-09-25,Sold,1858000.0,1858000.0
L104626,Bryanston,House,5,293.0,2023-09-07,2023-09-29,Sold,8333000.0,8244000.0
L102753,Waterkloof,Apartment,3,73.0,2023-09-07,,Withdrawn,1716000.0,
L101485,Waterkloof,Apartment,2,72.0,2023-09-07,2023-10-06,Sold,1661000.0,1578000.0
L101830,Lynnwood,Townhouse,3,203.0,2023-09-07,2023-11-01,Sold,4146000.0,3890000.0
L101023,Faerie Glen,House,4,298.0,2023-09-07,2023-10-17,Sold,5268000.0,5141000.0
L103923,Sandton,House,4,184.0,2023-09-07,2023-11-25,Sold,6000000.0,5949000.0
L101720,Waterkloof,House,4,259.0,2023-09-07,2023-10-14,Sold,5132000.0,4865000.0
L102611,Bryanston,Apartment,1,76.0,2023-09-08,2023-11-06,Sold,1705000.0,1658000.0
L104123,Menlo Park,House,2,120.0,2023-09-08,2023-10-04,Sold,2701000.0,2615000.0
L102323,Waterkloof,Townhouse,,228.0,2023-09-08,2023-09-24,Sold,6319000.0,5897000.0
L104566,Rooihuiskraal,House,5,366.0,2023-09-08,,Withdrawn,5051000.0,
L103887,Bryanston,Apartment,3,105.0,2023-09-09,2023-09-29,Sold,2434000.0,2290000.0
L101629,Lynnwood,Apartment,1,51.0,2023-09-09,2023-09-27,Sold,950000.0,901000.0
L102471,Bryanston,Apartment,1,82.0,2023-09-09,2023-10-20,Sold,2050000.0,2050000.0
L102882,Faerie Glen,Apartment,2,82.0,2023-09-09,2023-10-10,Sold,1512000.0,1491000.0
L100815,Bryanston,House,5,377.0,2023-09-09,2023-09-23,Sold,9981000.0,9706000.0
L103695,Lynnwood,House,3,176.0,2023-09-10,2023-10-25,Sold,3166000.0,3006000.0
L102275,Waterkloof,House,2,196.0,2023-09-11,2023-09-29,Sold,4407000.0,4407000.0
L104839,Groenkloof,Apartment,1,40.0,2023-09-11,2023-11-10,Sold,719000.0,698000.0
L103345,Centurion,Apartment,1,91.0,2023-09-11,2023-10-15,Sold,1468000.0,1467000.0
L102933,Bryanston,Townhouse,2,143.0,2023-09-11,2023-10-11,Sold,3689000.0,3689000.0
L103450,Centurion,Townhouse,3,189.0,2023-09-12,2023-10-01,Sold,3677000.0,3677000.0
L105693,Bryanston,House,5,325.0,2023-09-12,2023-10-07,Sold,9608000.0,9000000.0
L100736,Groenkloof,House,4,295.0,2023-09-12,2023-11-01,Sold,5348000.0,5348000.0
L102678,Centurion,Apartment,,68.0,2023-09-12,2024-01-03,Sold,1071000.0,1044000.0
L103362,Irene,Apartment,3,137.0,2023-09-13,2023-09-28,Sold,2306000.0,2236000.0
L101380,Lynnwood,House,5,335.0,2023-09-13,2023-10-07,Sold,7183000.0,6561000.0
L105988,Sandton,Townhouse,3,148.0,2023-09-13,2023-10-11,Sold,4627000.0,4334000.0
L105638,Waterkloof,Townhouse,2,135.0,2023-09-14,2023-09-23,Sold,2581000.0,2468000.0
L105879,Brooklyn,Apartment,2,61.0,2023-09-14,2023-12-05,Sold,1209000.0,1174000.0
L103522,Waterkloof Ridge,House,3,233.0,2023-09-14,2023-11-29,Sold,6540000.0,6475000.0
L104964,Brooklyn,House,2,152.0,2023-09-15,2023-10-03,Sold,3368000.0,3110000.0
L100164,Faerie Glen,Townhouse,2,183.0,2023-09-15,2023-09-26,Sold,3126000.0,3126000.0
L105061,Groenkloof,Apartment,1,80.0,2023-09-15,2023-11-03,Sold,1327000.0,1193000.0
L102799,Rooihuiskraal,House,6,513.0,2023-09-15,2023-10-15,Sold,7548000.0,7288000.0
L105748,Sandton,House,2,118.0,2023-09-15,2023-10-09,Sold,3553000.0,3389000.0
L103492,Bryanston,Townhouse,2,129.0,2023-09-15,2023-09-29,Sold,3184000.0,2994000.0
L100720,Faerie Glen,House,2,160.0,2023-09-15,2023-10-14,Sold,2662000.0,2565000.0
L100104,Rooihuiskraal,House,2,160.0,2023-09-15,2023-09-25,Sold,2176000.0,2082000.0
L105261,Irene,Apartment,1,63.0,2023-09-16,2023-11-21,Sold,1131000.0,1116000.0
L100939,Waterkloof Ridge,House,6,428.0,2023-09-16,2023-10-05,Sold,13324000.0,12643000.0
L105715,Groenkloof,Apartment,1,98.0,2023-09-16,2023-10-31,Sold,1677000.0,1632000.0
L102713,Waterkloof Ridge,Apartment,2,124.0,2023-09-16,2023-11-09,Sold,2631000.0,2626000.0
L104398,Groenkloof,Townhouse,1,,2023-09-16,2023-10-08,Sold,2340000.0,2185000.0
L100735,Centurion,Townhouse,5,250.0,2023-09-17,2023-11-29,Sold,4731000.0,4577000.0
L104881,Irene,Apartment,1,78.0,2023-09-17,2023-11-16,Sold,1259000.0,1167000.0
L104748,Bryanston,House,6,433.0,2023-09-18,2023-10-20,Sold,12249000.0,11535000.0
L102447,Lynnwood,Apartment,3,110.0,2023-09-18,2023-10-21,Sold,2010000.0,2010000.0
L101410,Bryanston,Apartment,1,62.0,2023-09-18,2023-10-18,Sold,1495000.0,1419000.0
L103900,Waterkloof Ridge,House,4,317.0,2023-09-18,,Withdrawn,8761000.0,
L103788,Menlo Park,House,2,123.0,2023-09-19,2023-10-12,Sold,2431000.0,2431000.0
L104849,Rooihuiskraal,House,6,364.0,2023-09-19,2023-11-27,Sold,5532000.0,5143000.0
L103271,Irene,Apartment,1,60.0,2023-09-19,2023-11-12,Sold,997000.0,941000.0
L100979,Groenkloof,Apartment,2,127.0,2023-09-19,2023-10-20,Sold,1927000.0,1906000.0
L100943,Lynnwood,Apartment,1,77.0,2023-09-19,2023-10-25,Sold,1390000.0,1360000.0
L101611,Rooihuiskraal,Apartment,1,168.0,2023-09-19,2023-10-30,Sold,2096000.0,2072000.0
L100709,Lynnwood,House,1,161.0,2023-09-19,2023-10-25,Sold,3254000.0,3146000.0
L102198,Brooklyn,House,4,247.0,2023-09-19,2023-11-10,Sold,4511000.0,4511000.0
L102430,Bryanston,House,4,333.0,2023-09-20,2023-10-02,Sold,10147000.0,10147000.0
L101896,Centurion,Apartment,2,58.0,2023-09-20,2023-10-17,Sold,949000.0,895000.0
L102856,Centurion,Townhouse,3,152.0,2023-09-20,2023-12-21,Sold,2834000.0,2712000.0
L100945,Brooklyn,Apartment,2,76.0,2023-09-20,2023-10-09,Sold,1589000.0,1589000.0
L104911,Lynnwood,Apartment,1,75.0,2023-09-21,2023-10-22,Sold,1322000.0,1276000.0
L105339,Brooklyn,House,5,302.0,2023-09-21,2023-10-30,Sold,6651000.0,6496000.0
L101442,Groenkloof,Apartment,3,130.0,2023-09-21,,Withdrawn,2378000.0,
L105134,Bryanston,Apartment,2,85.0,2023-09-21,2023-10-07,Sold,2040000.0,2027000.0
L101961,Lynnwood,House,4,294.0,2023-09-21,2023-12-07,Sold,5944000.0,5494000.0
L101094,Irene,Apartment,1,65.0,2023-09-21,2023-10-12,Sold,1101000.0,1011000.0
L103174,Centurion,Townhouse,3,240.0,2023-09-21,2023-10-23,Sold,4133000.0,3992000.0
L100508,Faerie Glen,Apartment,1,70.0,2023-09-21,2023-10-22,Sold,950000.0,860000.0
L105288,Brooklyn,House,3,293.0,2023-09-22,2023-10-13,Sold,6374000.0,6129000.0
L105057,Faerie Glen,House,3,192.0,2023-09-22,2023-11-07,Sold,3142000.0,3119000.0
L103436,Menlo Park,House,5,,2023-09-22,2023-10-07,Sold,7094000.0,7093000.0
L104044,Faerie Glen,House,4,243.0,2023-09-22,,Withdrawn,4535000.0,
L105463,Centurion,House,4,285.0,2023-09-22,2023-10-27,Sold,4839000.0,4783000.0
L100039,Centurion,House,3,205.0,2023-09-22,2023-12-16,Sold,3959000.0,3794000.0
L100999,Brooklyn,Apartment,1,156.0,2023-09-22,2023-11-16,Sold,2908000.0,2800000.0
L104463,Sandton,Apartment,1,73.0,2023-09-23,2023-10-21,Sold,2238000.0,2152000.0
L100054,Centurion,House,6,464.0,2023-09-23,2023-10-24,Sold,9604000.0,9604000.0
L101064,Menlo Park,House,4,297.0,2023-09-23,2023-12-20,Sold,5710000.0,5524000.0
L101979,Groenkloof,House,5,411.0,2023-09-23,2023-12-24,Sold,8166000.0,7842000.0
L101706,Waterkloof Ridge,House,1,144.0,2023-09-24,2023-11-14,Sold,3891000.0,3827000.0
L104888,Lynnwood,House,6,490.0,2023-09-24,,Withdrawn,10321000.0,
L104791,Waterkloof,Apartment,1,146.0,2023-09-24,2023-10-19,Sold,3217000.0,3073000.0
L103387,Sandton,Apartment,1,62.0,2023-09-24,2023-10-31,Sold,2197000.0,2078000.0
L102648,Centurion,House,4,277.0,2023-09-24,2023-10-11,Sold,5364000.0,5304000.0
L104614,Menlo Park,Apartment,1,110.0,2023-09-24,2023-11-09,Sold,2252000.0,2180000.0
L101884,Menlo Park,House,2,219.0,2023-09-25,2023-10-27,Sold,4502000.0,4277000.0
L104227,Groenkloof,House,4,272.0,2023-09-25,2023-11-03,Sold,6538000.0,6404000.0
L105290,Menlo Park,Apartment,1,107.0,2023-09-25,2023-12-05,Sold,2101000.0,2101000.0
L101614,Bryanston,House,4,259.0,2023-09-26,2023-12-02,Sold,7470000.0,7290000.0
L105956,Faerie Glen,Apartment,1,73.0,2023-09-26,2023-10-20,Sold,1133000.0,1108000.0
L100585,Centurion,House,2,180.0,2023-09-26,2023-10-20,Sold,2928000.0,2779000.0
L102696,Bryanston,House,4,210.0,2023-09-27,2023-10-25,Sold,7150000.0,7083000.0
L101332,Faerie Glen,House,3,197.0,2023-09-27,2023-11-11,Sold,3126000.0,3126000.0
L101908,Rooihuiskraal,House,2,176.0,2023-09-27,2023-10-18,Sold,2307000.0,2221000.0
L102548,Menlo Park,Apartment,2,95.0,2023-09-27,2023-11-23,Sold,1591000.0,1591000.0
L102547,Groenkloof,Apartment,1,72.0,2023-09-27,2023-11-09,Sold,1332000.0,1332000.0
L101319,Bryanston,House,4,297.0,2023-09-27,,Withdrawn,8331000.0,
L103979,Centurion,House,3,184.0,2023-09-27,2023-10-07,Sold,3362000.0,3362000.0
L102765,Sandton,House,4,258.0,2023-09-27,2023-12-13,Sold,8891000.0,8627000.0
L104215,Groenkloof,Apartment,1,62.0,2023-09-28,2023-10-13,Sold,944000.0,924000.0
L105831,Brooklyn,House,4,212.0,2023-09-28,2023-12-04,Sold,4556000.0,4556000.0
L100483,Menlo Park,Apartment,1,103.0,2023-09-28,2023-10-13,Sold,2208000.0,2117000.0
L101687,Faerie Glen,Apartment,1,66.0,2023-09-28,2023-10-15,Sold,1037000.0,1008000.0
L100451,Bryanston,House,,331.0,2023-09-28,,Withdrawn,9459000.0,
L103207,Waterkloof,House,3,208.0,2023-09-28,2023-11-05,Sold,5255000.0,5065000.0
L103166,Waterkloof Ridge,Apartment,1,73.0,2023-09-28,2023-10-14,Sold,1777000.0,1777000.0
L100657,Brooklyn,Townhouse,2,122.0,2023-09-29,2023-10-09,Sold,2612000.0,2419000.0
L104419,Faerie Glen,Apartment,1,74.0,2023-09-29,2023-11-16,Sold,1000000.0,970000.0
L102014,Lynnwood,House,4,262.0,2023-09-29,2023-10-16,Sold,5079000.0,5033000.0
L100954,Sandton,Apartment,1,60.0,2023-09-29,2023-10-16,Sold,2157000.0,2055000.0
L100793,Waterkloof,Apartment,2,137.0,2023-09-29,2023-12-02,Sold,3390000.0,3225000.0
L105151,Waterkloof,House,3,169.0,2023-09-29,2023-10-18,Sold,3417000.0,3327000.0
L103047,Centurion,House,4,332.0,2023-09-29,2023-11-07,Sold,5773000.0,5773000.0
L103222,Rooihuiskraal,House,5,,2023-09-29,2023-11-29,Sold,4222000.0,3826000.0
L104808,Lynnwood,House,5,310.0,2023-09-30,2023-10-24,Sold,7595000.0,7343000.0
L100124,Waterkloof,House,4,308.0,2023-09-30,2023-10-23,Sold,7023000.0,6563000.0
L105373,Irene,Townhouse,2,155.0,2023-10-01,2023-11-12,Sold,2256000.0,2256000.0
L105443,Centurion,House,5,296.0,2023-10-01,2023-11-19,Sold,5482000.0,5479000.0
L105527,Groenkloof,Apartment,1,104.0,2023-10-01,2023-10-12,Sold,1773000.0,1773000.0
L100854,Groenkloof,House,2,163.0,2023-10-01,2023-11-28,Sold,3378000.0,3264000.0
L102525,Groenkloof,Apartment,1,102.0,2023-10-01,2023-10-22,Sold,1559000.0,1485000.0
L102801,Faerie Glen,House,3,216.0,2023-10-01,2023-11-23,Sold,3331000.0,3200000.0
L103612,Irene,Apartment,2,71.0,2023-10-02,2023-10-18,Sold,1200000.0,1185000.0
L100887,Waterkloof Ridge,House,5,402.0,2023-10-02,2023-11-06,Sold,14159000.0,14159000.0
L103914,Lynnwood,House,4,223.0,2023-10-02,,Withdrawn,5513000.0,
L102148,Rooihuiskraal,Apartment,2,90.0,2023-10-03,2023-10-24,Sold,1019000.0,977000.0
L103937,Centurion,House,4,242.0,2023-10-03,2023-11-09,Sold,3870000.0,3766000.0
L100913,Sandton,Apartment,1,73.0,2023-10-04,2023-11-30,Sold,2137000.0,2046000.0
L104349,Bryanston,Apartment,1,82.0,2023-10-04,2023-11-13,Sold,2173000.0,2056000.0
L103913,Menlo Park,House,6,424.0,2023-10-04,2023-10-25,Sold,9173000.0,9173000.0
L104340,Waterkloof Ridge,Apartment,1,89.0,2023-10-04,2023-10-23,Sold,2100000.0,2039000.0
L102595,Sandton,Apartment,2,127.0,2023-10-05,2023-11-22,Sold,4097000.0,3886000.0
L100360,Sandton,House,3,191.0,2023-10-05,,Withdrawn,6130000.0,
L101392,Waterkloof Ridge,House,4,242.0,2023-10-05,2023-11-25,Sold,6615000.0,6493000.0
L100730,Menlo Park,Apartment,1,79.0,2023-10-05,2023-11-06,Sold,1433000.0,1366000.0
L102339,Waterkloof,Apartment,2,121.0,2023-10-05,2023-11-09,Sold,2812000.0,2812000.0
L102495,Faerie Glen,House,4,,2023-10-06,2023-10-13,Sold,3015000.0,3003000.0
L105147,Faerie Glen,House,5,363.0,2023-10-06,2023-10-25,Sold,6038000.0,5771000.0
L105213,Sandton,House,5,278.0,2023-10-06,2023-12-06,Sold,10084000.0,10084000.0
L101038,Lynnwood,Townhouse,4,207.0,2023-10-06,2023-11-06,Sold,4554000.0,4489000.0
L101714,Brooklyn,House,3,179.0,2023-10-07,2023-11-07,Sold,3579000.0,3578000.0
L100328,Centurion,House,3,182.0,2023-10-07,2023-11-06,Sold,2932000.0,2834000.0
L102446,Waterkloof,House,,144.0,2023-10-07,2023-10-22,Sold,4061000.0,4061000.0
L102306,Faerie Glen,Apartment,2,97.0,2023-10-07,2023-11-08,Sold,1285000.0,1269000.0
L103289,Lynnwood,House,4,273.0,2023-10-07,2023-11-16,Sold,6192000.0,6030000.0
L101268,Faerie Glen,Townhouse,2,155.0,2023-10-07,2023-11-15,Sold,2846000.0,2781000.0
L101423,Menlo Park,House,4,263.0,2023-10-08,2023-11-06,Sold,5319000.0,5265000.0
L103076,Menlo Park,Apartment,1,108.0,2023-10-08,2023-10-23,Sold,1978000.0,1942000.0
L102029,Irene,Apartment,1,63.0,2023-10-09,2023-11-23,Sold,1166000.0,1085000.0
L103661,Sandton,Apartment,2,92.0,2023-10-09,2023-10-27,Sold,2923000.0,2896000.0
L100997,Waterkloof,House,3,148.0,2023-10-09,2023-11-17,Sold,4077000.0,4077000.0
L103560,Centurion,Apartment,1,84.0,2023-10-10,2023-11-25,Sold,1125000.0,1120000.0
L103007,Waterkloof Ridge,House,4,222.0,2023-10-10,2023-10-16,Sold,5437000.0,5437000.0
L104661,Sandton,Apartment,1,84.0,2023-10-10,2023-11-20,Sold,2522000.0,2443000.0
L104968,Waterkloof,Apartment,2,92.0,2023-10-10,2023-10-30,Sold,2052000.0,2052000.0
L104008,Groenkloof,House,4,284.0,2023-10-10,2023-11-16,Sold,6027000.0,6005000.0
L105667,Bryanston,Townhouse,1,132.0,2023-10-10,2023-10-21,Sold,3101000.0,3087000.0
L101439,Sandton,Townhouse,1,110.0,2023-10-10,2023-11-02,Sold,3129000.0,3066000.0
L104446,Menlo Park,Apartment,1,70.0,2023-10-10,2023-12-24,Sold,1498000.0,1470000.0
L100699,Brooklyn,Apartment,1,41.0,2023-10-11,2023-12-02,Sold,707000.0,677000.0
L104264,Centurion,House,3,243.0,2023-10-11,2023-11-01,Sold,3678000.0,3647000.0
L105804,Faerie Glen,Apartment,1,85.0,2023-10-11,2024-02-02,Sold,1135000.0,1067000.0
L101357,Lynnwood,House,5,399.0,2023-10-11,2023-12-13,Sold,8474000.0,8474000.0
L101513,Centurion,Apartment,2,111.0,2023-10-12,2023-11-13,Sold,1617000.0,1602000.0
L104136,Faerie Glen,Apartment,3,164.0,2023-10-12,2023-11-12,Sold,2369000.0,2224000.0
L104940,Bryanston,Apartment,1,78.0,2023-10-12,2023-11-13,Sold,2061000.0,1920000.0
L104394,Menlo Park,Apartment,2,96.0,2023-10-12,2023-10-17,Sold,1743000.0,1723000.0
L104818,Faerie Glen,House,3,235.0,2023-10-12,2024-01-03,Sold,3933000.0,3738000.0
L101994,Lynnwood,House,3,201.0,2023-10-12,2023-11-23,Sold,4569000.0,4461000.0
L102829,Centurion,Townhouse,4,261.0,2023-10-13,,Withdrawn,4905000.0,
L105921,Waterkloof,Apartment,1,54.0,2023-10-13,,Withdrawn,1178000.0,
L101072,Lynnwood,House,5,369.0,2023-10-13,,Withdrawn,8829000.0,
L102357,Faerie Glen,House,3,278.0,2023-10-13,2023-10-29,Sold,4530000.0,4423000.0
L104503,Lynnwood,Apartment,1,74.0,2023-10-13,2023-10-20,Sold,1273000.0,1193000.0
L102000,Bryanston,Apartment,1,72.0,2023-10-13,2023-10-27,Sold,1937000.0,1937000.0
L104420,Brooklyn,House,3,,2023-10-13,2023-11-25,Sold,3718000.0,3590000.0
L100739,Lynnwood,House,6,344.0,2023-10-13,2023-11-06,Sold,6631000.0,6296000.0
L101678,Bryanston,Townhouse,2,152.0,2023-10-13,2023-10-24,Sold,3697000.0,3668000.0
L102823,Sandton,Apartment,1,83.0,2023-10-13,2023-11-05,Sold,2718000.0,2703000.0
L104534,Faerie Glen,House,1,66.0,2023-10-14,2023-10-28,Sold,1131000.0,1084000.0
L100013,Bryanston,Apartment,1,81.0,2023-10-14,2023-10-29,Sold,2024000.0,1916000.0
L103575,Menlo Park,Apartment,2,92.0,2023-10-14,2023-12-08,Sold,2137000.0,2070000.0
L101413,Sandton,Apartment,3,138.0,2023-10-14,2023-10-25,Sold,4237000.0,4127000.0
L100750,Brooklyn,House,3,306.0,2023-10-14,2023-11-06,Sold,6512000.0,6156000.0
L100849,Sandton,Townhouse,3,242.0,2023-10-14,2023-12-13,Sold,8083000.0,7888000.0
L101924,Brooklyn,Apartment,1,92.0,2023-10-14,2023-11-30,Sold,1917000.0,1915000.0
L103640,Brooklyn,Apartment,2,129.0,2023-10-14,,Withdrawn,2571000.0,
L102477,Groenkloof,House,3,268.0,2023-10-14,2023-12-22,Sold,5744000.0,5612000.0
L104222,Menlo Park,Apartment,1,99.0,2023-10-14,2023-10-29,Sold,2109000.0,1996000.0
L104487,Waterkloof Ridge,House,2,128.0,2023-10-15,2023-11-21,Sold,3281000.0,3281000.0
L102382,Groenkloof,House,6,471.0,2023-10-15,2023-11-06,Sold,9567000.0,9022000.0
L103224,Waterkloof Ridge,House,6,460.0,2023-10-15,2023-12-16,Sold,13932000.0,13797000.0
L101775,Faerie Glen,House,3,240.0,2023-10-15,2023-12-07,Sold,4175000.0,3917000.0
L101544,Lynnwood,Apartment,1,131.0,2023-10-16,2023-12-09,Sold,2579000.0,2464000.0
L103443,Menlo Park,House,4,283.0,2023-10-16,2023-12-02,Sold,6813000.0,6813000.0
L105721,Waterkloof,House,4,268.0,2023-10-16,2023-10-26,Sold,7548000.0,7297000.0
L103938,Faerie Glen,Apartment,2,119.0,2023-10-17,2023-11-08,Sold,2401000.0,2401000.0
L100183,Menlo Park,Apartment,2,77.0,2023-10-17,2023-11-28,Sold,1318000.0,1235000.0
L100715,Groenkloof,Apartment,1,68.0,2023-10-17,,Withdrawn,1276000.0,
L105847,Groenkloof,House,6,381.0,2023-10-17,2023-11-07,Sold,7900000.0,7857000.0
L104065,Rooihuiskraal,Townhouse,3,189.0,2023-10-18,2023-11-10,Sold,2326000.0,2195000.0
L101384,Sandton,House,5,353.0,2023-10-18,2023-11-19,Sold,10435000.0,10292000.0
L105000,Groenkloof,Apartment,2,125.0,2023-10-19,2023-12-08,Sold,2431000.0,2407000.0
L104992,Centurion,Apartment,1,53.0,2023-10-19,,Withdrawn,942000.0,
L104064,Waterkloof Ridge,Apartment,1,67.0,2023-10-19,2023-12-23,Sold,1753000.0,1717000.0
L101047,Rooihuiskraal,House,3,220.0,2023-10-19,2023-12-13,Sold,3378000.0,3264000.0
L104986,Centurion,House,4,,2023-10-19,2023-11-14,Sold,5332000.0,5122000.0
L105444,Sandton,House,4,295.0,2023-10-19,2023-10-26,Sold,8902000.0,8902000.0
L102567,Waterkloof Ridge,House,5,333.0,2023-10-19,2024-02-08,Sold,7921000.0,7871000.0
L101905,Lynnwood,House,3,172.0,2023-10-19,,Withdrawn,3312000.0,
L101725,Waterkloof,House,6,537.0,2023-10-20,2023-12-16,Sold,11251000.0,11251000.0
L105392,Sandton,Apartment,2,128.0,2023-10-20,2023-11-20,Sold,3037000.0,3037000.0
L102731,Brooklyn,House,,273.0,2023-10-20,2023-11-08,Sold,4753000.0,4753000.0
L105145,Bryanston,Apartment,1,77.0,2023-10-20,2023-11-13,Sold,1736000.0,1692000.0
L105648,Lynnwood,House,2,161.0,2023-10-20,2023-11-18,Sold,3438000.0,3391000.0
L104116,Irene,Townhouse,1,106.0,2023-10-20,2023-12-04,Sold,1807000.0,1807000.0
L105738,Sandton,House,4,280.0,2023-10-20,2023-11-05,Sold,8158000.0,8158000.0
L104624,Waterkloof Ridge,House,3,172.0,2023-10-21,2023-11-06,Sold,4909000.0,4827000.0
L104203,Irene,House,5,321.0,2023-10-21,2023-12-30,Sold,6130000.0,5958000.0
L104336,Waterkloof,Apartment,1,67.0,2023-10-22,2023-11-26,Sold,1526000.0,1460000.0
L105717,Sandton,Apartment,,70.0,2023-10-22,2023-12-29,Sold,2006000.0,1975000.0
L101005,Lynnwood,House,4,232.0,2023-10-22,2023-11-15,Sold,5183000.0,4777000.0
L101801,Irene,Apartment,2,96.0,2023-10-22,2024-01-02,Sold,1362000.0,1311000.0
L104007,Groenkloof,Townhouse,2,111.0,2023-10-22,2024-01-05,Sold,2333000.0,2333000.0
L101418,Bryanston,House,2,158.0,2023-10-22,,Withdrawn,3947000.0,
L102147,Sandton,House,2,116.0,2023-10-23,2023-11-16,Sold,3628000.0,3613000.0
L101580,Bryanston,House,3,235.0,2023-10-23,2023-12-12,Sold,6141000.0,5811000.0
L105186,Waterkloof,Townhouse,2,146.0,2023-10-23,2023-11-09,Sold,3247000.0,3247000.0
L101712,Sandton,House,4,218.0,2023-10-23,2024-01-18,Sold,5933000.0,5788000.0
L103397,Waterkloof Ridge,Apartment,1,82.0,2023-10-23,,Withdrawn,1615000.0,
L102111,Faerie Glen,House,2,102.0,2023-10-23,2024-02-04,Sold,1651000.0,1635000.0
L102837,Brooklyn,Apartment,1,47.0,2023-10-24,2023-11-19,Sold,1030000.0,966000.0
L104995,Brooklyn,Apartment,1,112.0,2023-10-24,2023-12-08,Sold,2000000.0,1898000.0
L101465,Centurion,House,5,245.0,2023-10-24,2024-01-18,Sold,4740000.0,4740000.0
L101162,Bryanston,Apartment,1,49.0,2023-10-25,,Withdrawn,1352000.0,
L103356,Irene,Townhouse,2,156.0,2023-10-25,2023-11-25,Sold,2808000.0,2715000.0
L103991,Lynnwood,House,4,195.0,2023-10-25,2023-12-17,Sold,4374000.0,4221000.0
L102057,Lynnwood,House,2,145.0,2023-10-25,2024-02-11,Sold,3119000.0,2938000.0
L103699,Lynnwood,House,2,130.0,2023-10-25,2023-10-30,Sold,2612000.0,2581000.0
L100475,Brooklyn,House,,309.0,2023-10-26,2023-12-05,Sold,6173000.0,5888000.0
L104810,Faerie Glen,House,6,436.0,2023-10-26,2023-12-08,Sold,7976000.0,7813000.0
L102939,Waterkloof,Townhouse,2,143.0,2023-10-26,2023-11-19,Sold,3439000.0,3344000.0
L105697,Sandton,House,4,203.0,2023-10-27,2023-12-05,Sold,6054000.0,5923000.0
L101707,Lynnwood,House,2,148.0,2023-10-27,2023-12-13,Sold,3021000.0,2964000.0
L101018,Waterkloof,House,2,159.0,2023-10-28,2023-11-07,Sold,4407000.0,4025000.0
L100937,Waterkloof Ridge,Apartment,1,52.0,2023-10-28,2023-11-18,Sold,1159000.0,1136000.0
L102507,Sandton,House,3,225.0,2023-10-28,,Withdrawn,7735000.0,
L105555,Bryanston,House,,232.0,2023-10-29,,Withdrawn,6513000.0,
L102773,Waterkloof,Apartment,1,56.0,2023-10-29,2023-12-08,Sold,1101000.0,1101000.0
L105835,Waterkloof Ridge,Apartment,2,102.0,2023-10-29,,Withdrawn,2896000.0,
L102299,Centurion,House,3,278.0,2023-10-29,2023-11-17,Sold,5249000.0,5123000.0
L103997,Lynnwood,House,5,293.0,2023-10-29,2023-12-27,Sold,6006000.0,5968000.0
L103576,Bryanston,House,5,323.0,2023-10-30,2023-12-03,Sold,8428000.0,8182000.0
L101147,Rooihuiskraal,Apartment,2,115.0,2023-10-30,2023-11-25,Sold,1599000.0,1592000.0
L103589,Brooklyn,House,5,256.0,2023-10-30,2023-12-12,Sold,5528000.0,5528000.0
L101546,Brooklyn,House,3,297.0,2023-10-30,2023-11-22,Sold,6147000.0,5930000.0
L102500,Waterkloof,House,4,255.0,2023-10-30,2024-01-22,Sold,6083000.0,5836000.0
L101404,Groenkloof,House,5,310.0,2023-10-30,,Withdrawn,7178000.0,
L100389,Bryanston,House,3,209.0,2023-10-30,2023-11-12,Sold,5633000.0,5506000.0
L104043,Sandton,Apartment,2,109.0,2023-10-31,2023-12-01,Sold,2516000.0,2485000.0
L105892,Faerie Glen,Apartment,2,115.0,2023-10-31,2023-12-03,Sold,2075000.0,2075000.0
L104846,Waterkloof Ridge,Apartment,3,112.0,2023-10-31,2023-12-11,Sold,2969000.0,2969000.0
L100022,Sandton,House,3,229.0,2023-10-31,2023-12-26,Sold,6304000.0,6164000.0
L103552,Menlo Park,Apartment,1,50.0,2023-10-31,,Withdrawn,963000.0,
L105552,Menlo Park,Apartment,2,116.0,2023-11-01,,Withdrawn,2503000.0,
L104390,Groenkloof,Apartment,1,78.0,2023-11-01,,Withdrawn,1441000.0,
L100774,Waterkloof,House,2,170.0,2023-11-01,2024-01-22,Sold,4082000.0,4082000.0
L105319,Menlo Park,House,2,120.0,2023-11-02,2023-11-30,Sold,2401000.0,2374000.0
L101500,Centurion,House,5,,2023-11-02,2024-01-18,Sold,5304000.0,5304000.0
L104277,Bryanston,House,4,371.0,2023-11-02,2023-12-09,Sold,11273000.0,11070000.0
L105888,Bryanston,Apartment,2,74.0,2023-11-03,2023-12-23,Sold,1938000.0,1767000.0
L104927,Faerie Glen,Townhouse,3,258.0,2023-11-03,2023-12-01,Sold,4404000.0,4404000.0
L103435,Irene,Apartment,1,95.0,2023-11-03,2024-01-13,Sold,1574000.0,1451000.0
L104372,Faerie Glen,House,6,712.0,2023-11-03,2023-12-26,Sold,10544000.0,10376000.0
L103592,Rooihuiskraal,Townhouse,1,124.0,2023-11-04,2024-01-04,Sold,1890000.0,1768000.0
L104444,Waterkloof Ridge,House,,413.0,2023-11-04,2023-12-07,Sold,9695000.0,9673000.0
L103262,Waterkloof,Apartment,1,104.0,2023-11-05,,Withdrawn,2339000.0,
L101419,Sandton,House,2,210.0,2023-11-05,2023-12-24,Sold,7382000.0,7111000.0
L102988,Groenkloof,House,1,123.0,2023-11-05,2023-12-08,Sold,2442000.0,2442000.0
L102948,Sandton,House,6,573.0,2023-11-05,,Withdrawn,13431000.0,
L104880,Waterkloof Ridge,House,,206.0,2023-11-05,2023-12-17,Sold,5030000.0,5030000.0
L100346,Sandton,Townhouse,3,135.0,2023-11-06,2024-01-05,Sold,4136000.0,3919000.0
L100759,Lynnwood,House,2,211.0,2023-11-06,2024-01-19,Sold,4226000.0,4173000.0
L102655,Sandton,House,3,219.0,2023-11-06,2023-12-04,Sold,7347000.0,7274000.0
L105082,Lynnwood,House,1,160.0,2023-11-07,,Withdrawn,3171000.0,
L100011,Sandton,Apartment,1,99.0,2023-11-07,2023-12-03,Sold,2485000.0,2339000.0
L101119,Bryanston,Apartment,2,124.0,2023-11-08,2024-01-16,Sold,3645000.0,3435000.0
L102591,Bryanston,House,5,261.0,2023-11-08,2024-01-02,Sold,8359000.0,7903000.0
L102356,Faerie Glen,Apartment,2,82.0,2023-11-08,2024-01-10,Sold,1460000.0,1304000.0
L100395,Lynnwood,Apartment,2,122.0,2023-11-08,2023-12-10,Sold,2034000.0,2034000.0
L103562,Sandton,House,2,203.0,2023-11-08,2023-12-29,Sold,5765000.0,5516000.0
L100983,Lynnwood,Apartment,2,103.0,2023-11-09,2023-12-26,Sold,1553000.0,1553000.0
L104038,Menlo Park,House,3,186.0,2023-11-10,2024-01-04,Sold,3551000.0,3468000.0
L103098,Brooklyn,Apartment,1,89.0,2023-11-10,2023-12-06,Sold,2036000.0,2036000.0
L101431,Irene,Apartment,1,88.0,2023-11-10,2023-12-06,Sold,1477000.0,1413000.0
L104162,Bryanston,House,3,190.0,2023-11-10,2023-12-06,Sold,5922000.0,5849000.0
L101880,Faerie Glen,House,,374.0,2023-11-10,2023-12-03,Sold,6938000.0,6848000.0
L103946,Groenkloof,Apartment,1,100.0,2023-11-10,2023-11-28,Sold,1771000.0,1698000.0
L101964,Centurion,House,2,195.0,2023-11-10,2024-02-08,Sold,3494000.0,3357000.0
L101025,Brooklyn,House,4,264.0,2023-11-10,2023-12-12,Sold,5681000.0,5575000.0
L104729,Lynnwood,Townhouse,2,112.0,2023-11-11,2023-12-13,Sold,1957000.0,1957000.0
L103246,Menlo Park,House,4,236.0,2023-11-11,2023-11-29,Sold,4550000.0,4520000.0
L103118,Brooklyn,Apartment,1,81.0,2023-11-11,2023-12-14,Sold,1740000.0,1692000.0
L100402,Rooihuiskraal,House,2,149.0,2023-11-11,2023-12-07,Sold,2199000.0,2156000.0
L105188,Bryanston,House,2,117.0,2023-11-11,2023-11-24,Sold,3137000.0,3137000.0
L102124,Menlo Park,Townhouse,3,197.0,2023-11-11,2024-01-01,Sold,4180000.0,4164000.0
L105821,Bryanston,House,3,,2023-11-11,2023-12-12,Sold,6594000.0,6386000.0
L102761,Sandton,House,6,471.0,2023-11-12,2024-01-21,Sold,14732000.0,13958000.0
L105332,Brooklyn,House,3,153.0,2023-11-12,2023-11-30,Sold,3383000.0,3325000.0
L102407,Brooklyn,Apartment,1,82.0,2023-11-12,2023-12-12,Sold,1313000.0,1313000.0
L104195,Faerie Glen,Townhouse,,159.0,2023-11-13,2023-12-06,Sold,2822000.0,2663000.0
L101598,Bryanston,House,5,276.0,2023-11-13,2023-12-28,Sold,8014000.0,7817000.0
L100740,Waterkloof,Apartment,1,88.0,2023-11-13,2023-12-23,Sold,2036000.0,1985000.0
L102661,Lynnwood,House,6,725.0,2023-11-13,2023-12-14,Sold,14451000.0,14451000.0
L103275,Bryanston,House,4,236.0,2023-11-13,2024-01-31,Sold,6170000.0,5867000.0
L102027,Menlo Park,Apartment,2,77.0,2023-11-13,2023-12-12,Sold,1384000.0,1370000.0
L100861,Centurion,Townhouse,3,215.0,2023-11-13,2023-12-05,Sold,3872000.0,3710000.0
L103049,Brooklyn,House,4,270.0,2023-11-14,2023-12-08,Sold,5714000.0,5701000.0
L103953,Centurion,House,4,240.0,2023-11-14,2023-12-18,Sold,4202000.0,4170000.0
L102906,Sandton,House,4,242.0,2023-11-14,2023-11-18,Sold,7188000.0,6829000.0
L100186,Menlo Park,Apartment,1,71.0,2023-11-14,2023-12-20,Sold,1237000.0,1237000.0
L104834,Menlo Park,House,3,249.0,2023-11-15,2023-12-16,Sold,4492000.0,4298000.0
L103637,Groenkloof,Apartment,1,94.0,2023-11-15,2023-12-28,Sold,1906000.0,1726000.0
L103585,Rooihuiskraal,Apartment,1,91.0,2023-11-15,2023-12-01,Sold,1264000.0,1192000.0
L101897,Brooklyn,House,1,149.0,2023-11-15,2023-12-18,Sold,3546000.0,3446000.0
L102993,Faerie Glen,House,4,292.0,2023-11-15,2024-01-03,Sold,4610000.0,4610000.0
L105614,Irene,Apartment,1,82.0,2023-11-15,2023-12-03,Sold,1453000.0,1424000.0
L100670,Waterkloof Ridge,House,3,189.0,2023-11-15,2023-12-19,Sold,6298000.0,5873000.0
L103077,Irene,Apartment,1,90.0,2023-11-16,2024-01-29,Sold,1542000.0,1426000.0
L104800,Lynnwood,House,3,180.0,2023-11-16,2023-12-20,Sold,4154000.0,4062000.0
L103568,Bryanston,House,3,199.0,2023-11-17,2024-01-06,Sold,5680000.0,5643000.0
L104858,Waterkloof,Apartment,1,87.0,2023-11-17,2023-12-03,Sold,2435000.0,2345000.0
L102965,Faerie Glen,House,3,258.0,2023-11-17,2024-01-25,Sold,3385000.0,3385000.0
L105636,Brooklyn,Apartment,1,86.0,2023-11-17,2024-01-12,Sold,2128000.0,2035000.0
L104913,Sandton,Apartment,2,76.0,2023-11-17,,Withdrawn,2167000.0,
L105214,Lynnwood,House,3,195.0,2023-11-17,2023-12-19,Sold,4040000.0,3981000.0
L102884,Faerie Glen,House,3,287.0,2023-11-17,2023-12-17,Sold,5774000.0,5684000.0
L105316,Waterkloof,House,4,285.0,2023-11-18,,Withdrawn,7751000.0,
L102770,Groenkloof,House,2,114.0,2023-11-18,2023-11-22,Sold,1669000.0,1610000.0
L103402,Faerie Glen,House,6,422.0,2023-11-18,2024-02-11,Sold,6843000.0,6500000.0
L102568,Centurion,Apartment,2,77.0,2023-11-18,2024-01-17,Sold,922000.0,878000.0
L101710,Rooihuiskraal,House,2,188.0,2023-11-18,2023-12-09,Sold,2830000.0,2719000.0
L101913,Faerie Glen,Apartment,2,96.0,2023-11-18,,Withdrawn,1682000.0,
L104244,Centurion,House,5,314.0,2023-11-18,2023-12-13,Sold,5559000.0,5363000.0
L102927,Irene,Townhouse,4,303.0,2023-11-19,2024-01-19,Sold,4462000.0,4339000.0
L101627,Groenkloof,Townhouse,3,172.0,2023-11-19,2024-01-06,Sold,3084000.0,2952000.0
L101600,Sandton,Townhouse,4,214.0,2023-11-19,2024-02-03,Sold,6466000.0,6141000.0
L103303,Sandton,Apartment,1,110.0,2023-11-19,2023-12-31,Sold,3373000.0,3249000.0
L101733,Brooklyn,House,4,254.0,2023-11-19,2023-12-11,Sold,5277000.0,5258000.0
L104343,Brooklyn,Townhouse,2,110.0,2023-11-19,,Withdrawn,2197000.0,
L103087,Lynnwood,Apartment,2,98.0,2023-11-20,2024-01-24,Sold,1676000.0,1585000.0
L100934,Rooihuiskraal,Apartment,2,74.0,2023-11-20,2023-12-04,Sold,1029000.0,970000.0
L105760,Waterkloof,House,4,232.0,2023-11-20,2023-12-16,Sold,6242000.0,5974000.0
L104915,Bryanston,Townhouse,3,158.0,2023-11-21,2023-12-12,Sold,4335000.0,4168000.0
L102586,Menlo Park,House,4,223.0,2023-11-21,2023-12-31,Sold,4960000.0,4472000.0
L101816,Rooihuiskraal,Apartment,1,62.0,2023-11-21,2024-02-07,Sold,889000.0,827000.0
L101893,Waterkloof,House,4,221.0,2023-11-21,2023-12-27,Sold,5450000.0,5276000.0
L105623,Irene,Apartment,1,50.0,2023-11-21,2024-01-12,Sold,960000.0,944000.0
L101548,Menlo Park,House,4,212.0,2023-11-21,2023-12-11,Sold,4256000.0,4172000.0
L104613,Lynnwood,House,3,252.0,2023-11-21,2023-12-25,Sold,4471000.0,4432000.0
L103963,Brooklyn,Townhouse,3,,2023-11-21,2023-12-23,Sold,3577000.0,3451000.0
L103968,Lynnwood,House,4,248.0,2023-11-21,2023-12-25,Sold,4802000.0,4802000.0
L104427,Waterkloof Ridge,Apartment,1,134.0,2023-11-22,,Withdrawn,2956000.0,
L104700,Sandton,Apartment,3,101.0,2023-11-22,2023-12-31,Sold,2785000.0,2657000.0
L103136,Bryanston,House,1,123.0,2023-11-22,2023-12-23,Sold,3644000.0,3644000.0
L101309,Sandton,House,6,352.0,2023-11-22,2023-12-02,Sold,10906000.0,10477000.0
L101121,Waterkloof Ridge,House,5,371.0,2023-11-23,2024-01-07,Sold,9819000.0,9682000.0
L101590,Groenkloof,House,2,188.0,2023-11-23,2023-11-30,Sold,3607000.0,3607000.0
L101812,Centurion,Apartment,1,81.0,2023-11-23,2023-12-19,Sold,1508000.0,1508000.0
L100661,Bryanston,Townhouse,2,152.0,2023-11-23,2024-01-15,Sold,3403000.0,3201000.0
L103705,Groenkloof,House,2,179.0,2023-11-23,2024-01-17,Sold,3400000.0,3195000.0
L101579,Bryanston,House,2,234.0,2023-11-24,2024-02-23,Sold,6530000.0,6129000.0
L100162,Brooklyn,House,2,144.0,2023-11-24,2024-01-02,Sold,3435000.0,3347000.0
L101543,Groenkloof,Townhouse,2,148.0,2023-11-24,,Withdrawn,2485000.0,
L105674,Faerie Glen,House,4,170.0,2023-11-24,2023-12-23,Sold,2651000.0,2491000.0
L103430,Irene,House,4,304.0,2023-11-24,2023-12-01,Sold,5908000.0,5750000.0
L102700,Centurion,House,4,296.0,2023-11-24,,Withdrawn,4837000.0,
L105137,Waterkloof,Townhouse,2,202.0,2023-11-24,,Withdrawn,4214000.0,
L102371,Menlo Park,House,3,216.0,2023-11-24,2024-02-11,Sold,4529000.0,4151000.0
L102120,Brooklyn,House,5,307.0,2023-11-25,2024-01-04,Sold,6594000.0,6525000.0
L105470,Centurion,House,,279.0,2023-11-25,2023-12-26,Sold,4753000.0,4703000.0
L101793,Centurion,House,3,234.0,2023-11-25,2023-12-25,Sold,4462000.0,4185000.0
L104153,Lynnwood,House,3,225.0,2023-11-25,2024-03-06,Sold,5302000.0,4851000.0
L104000,Centurion,Apartment,1,64.0,2023-11-25,2023-12-21,Sold,1064000.0,1064000.0
L101888,Bryanston,Apartment,2,126.0,2023-11-25,2023-12-31,Sold,3245000.0,3245000.0
L101669,Bryanston,House,4,277.0,2023-11-26,2023-12-21,Sold,7279000.0,7053000.0
L105062,Brooklyn,House,5,306.0,2023-11-26,2023-12-31,Sold,6749000.0,6541000.0
L100408,Waterkloof Ridge,Apartment,2,90.0,2023-11-26,2023-12-19,Sold,2431000.0,2290000.0
L103755,Menlo Park,House,6,404.0,2023-11-26,2023-12-30,Sold,9314000.0,8942000.0
L102838,Menlo Park,House,6,427.0,2023-11-26,2024-01-11,Sold,8152000.0,8122000.0
L105774,Brooklyn,House,4,226.0,2023-11-27,2024-01-02,Sold,4760000.0,4507000.0
L103017,Waterkloof Ridge,House,4,246.0,2023-11-27,2023-12-15,Sold,6527000.0,6420000.0
L104294,Rooihuiskraal,House,5,362.0,2023-11-28,2024-02-02,Sold,4566000.0,4445000.0
L104239,Centurion,House,3,,2023-11-28,2023-12-19,Sold,2363000.0,2277000.0
L102827,Groenkloof,Townhouse,4,200.0,2023-11-28,2024-02-05,Sold,4427000.0,4321000.0
L100154,Waterkloof Ridge,House,3,235.0,2023-11-28,2023-12-28,Sold,6116000.0,6111000.0
L104301,Centurion,Apartment,3,119.0,2023-11-28,2023-12-19,Sold,2215000.0,2171000.0
L104212,Lynnwood,House,3,234.0,2023-11-29,2023-12-22,Sold,5568000.0,5432000.0
L101255,Bryanston,House,2,172.0,2023-11-29,2023-12-17,Sold,5265000.0,5265000.0
L101341,Bryanston,House,4,272.0,2023-11-29,2023-12-24,Sold,5861000.0,5861000.0
L105752,Rooihuiskraal,Apartment,1,106.0,2023-11-29,2024-02-06,Sold,1252000.0,1170000.0
L104967,Menlo Park,Townhouse,3,198.0,2023-11-29,2023-12-10,Sold,3871000.0,3716000.0
L100488,Irene,House,2,205.0,2023-11-30,,Withdrawn,3648000.0,
L103993,Menlo Park,House,4,289.0,2023-11-30,2024-02-25,Sold,5950000.0,5654000.0
L105503,Irene,Apartment,2,78.0,2023-11-30,2023-12-22,Sold,1638000.0,1544000.0
L105471,Waterkloof,House,3,239.0,2023-11-30,2024-01-04,Sold,5448000.0,5448000.0
L103525,Lynnwood,Apartment,2,91.0,2023-11-30,2023-12-31,Sold,1467000.0,1387000.0
L104586,Faerie Glen,Apartment,1,88.0,2023-12-01,2023-12-19,Sold,1151000.0,1116000.0
L102588,Lynnwood,House,5,357.0,2023-12-01,2024-01-27,Sold,8236000.0,7787000.0
L101237,Lynnwood,Apartment,1,70.0,2023-12-01,2023-12-07,Sold,1493000.0,1413000.0
L105513,Menlo Park,House,2,130.0,2023-12-01,2023-12-15,Sold,2666000.0,2569000.0
L105686,Waterkloof,House,3,189.0,2023-12-02,2023-12-30,Sold,4165000.0,4005000.0
L100337,Centurion,House,3,266.0,2023-12-02,2024-01-27,Sold,5023000.0,4876000.0
L101556,Sandton,House,4,277.0,2023-12-02,2024-03-15,Sold,8142000.0,7682000.0
L101871,Lynnwood,House,5,235.0,2023-12-02,2023-12-10,Sold,4203000.0,3924000.0
L100006,Rooihuiskraal,Apartment,1,94.0,2023-12-02,2024-01-02,Sold,1316000.0,1240000.0
L103163,Centurion,Apartment,1,109.0,2023-12-02,2024-01-04,Sold,1602000.0,1602000.0
L100567,Waterkloof,House,5,337.0,2023-12-02,2024-01-04,Sold,8580000.0,8580000.0
L103124,Groenkloof,Apartment,1,76.0,2023-12-02,2023-12-16,Sold,1507000.0,1457000.0
L105707,Bryanston,House,2,213.0,2023-12-02,2024-02-20,Sold,5534000.0,5534000.0
L104091,Rooihuiskraal,House,5,318.0,2023-12-02,2024-01-10,Sold,4636000.0,4287000.0
L105159,Brooklyn,House,3,203.0,2023-12-03,2023-12-25,Sold,5480000.0,5200000.0
L100378,Menlo Park,House,5,287.0,2023-12-03,2023-12-18,Sold,6513000.0,5946000.0
L105195,Sandton,Apartment,3,97.0,2023-12-03,2024-01-11,Sold,2713000.0,2659000.0
L100936,Sandton,Townhouse,3,270.0,2023-12-03,2024-01-01,Sold,7636000.0,7562000.0
L100041,Bryanston,House,3,165.0,2023-12-03,2023-12-27,Sold,4380000.0,4380000.0
L103751,Faerie Glen,Townhouse,2,177.0,2023-12-03,2023-12-30,Sold,3105000.0,3105000.0
L105541,Faerie Glen,House,3,234.0,2023-12-03,2024-01-29,Sold,3513000.0,3245000.0
L102476,Waterkloof Ridge,Apartment,1,57.0,2023-12-04,2023-12-21,Sold,1479000.0,1404000.0
L101785,Bryanston,Townhouse,3,152.0,2023-12-04,2024-03-27,Sold,4411000.0,4088000.0
L101643,Groenkloof,Apartment,,77.0,2023-12-04,2024-03-05,Sold,1299000.0,1292000.0
L104607,Groenkloof,Townhouse,3,223.0,2023-12-04,2024-01-02,Sold,4162000.0,4056000.0
L100545,Lynnwood,Apartment,1,43.0,2023-12-05,2024-02-15,Sold,886000.0,839000.0
L100901,Brooklyn,House,,184.0,2023-12-05,2024-02-11,Sold,3697000.0,3461000.0
L103099,Groenkloof,Townhouse,2,148.0,2023-12-05,2023-12-21,Sold,2949000.0,2865000.0
L104989,Waterkloof Ridge,Townhouse,2,151.0,2023-12-05,2024-02-07,Sold,4096000.0,4096000.0
L104052,Faerie Glen,Apartment,1,81.0,2023-12-05,2024-01-02,Sold,1123000.0,1094000.0
L101157,Waterkloof,Townhouse,2,,2023-12-05,2024-02-03,Sold,2843000.0,2741000.0
L104522,Rooihuiskraal,House,5,314.0,2023-12-05,2024-01-29,Sold,4451000.0,4185000.0
L104803,Lynnwood,House,4,274.0,2023-12-07,2024-02-24,Sold,5091000.0,4821000.0
L102920,Sandton,House,1,116.0,2023-12-07,2024-01-08,Sold,3289000.0,3074000.0
L103159,Menlo Park,House,3,189.0,2023-12-07,2023-12-29,Sold,3693000.0,3693000.0
L103586,Lynnwood,House,4,320.0,2023-12-08,2023-12-19,Sold,6501000.0,6146000.0
L105556,Brooklyn,House,1,150.0,2023-12-08,2024-02-15,Sold,2994000.0,2966000.0
L102714,Bryanston,House,6,327.0,2023-12-09,2024-02-06,Sold,9911000.0,9689000.0
L104243,Faerie Glen,House,5,330.0,2023-12-09,2024-01-15,Sold,5120000.0,4877000.0
L102381,Brooklyn,Apartment,2,105.0,2023-12-09,2024-02-05,Sold,2152000.0,1991000.0
L101287,Menlo Park,House,3,175.0,2023-12-09,2024-01-22,Sold,3631000.0,3547000.0
L101048,Bryanston,House,6,372.0,2023-12-09,2023-12-29,Sold,10664000.0,10113000.0
L102165,Brooklyn,Apartment,1,58.0,2023-12-09,2024-01-11,Sold,1195000.0,1195000.0
L101257,Bryanston,Townhouse,2,152.0,2023-12-09,,Withdrawn,3690000.0,
L102109,Groenkloof,Apartment,1,72.0,2023-12-09,2024-01-29,Sold,1233000.0,1233000.0
L105605,Faerie Glen,House,6,342.0,2023-12-10,2024-01-25,Sold,5781000.0,5514000.0
L100390,Centurion,House,4,258.0,2023-12-10,2024-02-06,Sold,4962000.0,4794000.0
L105067,Menlo Park,House,6,435.0,2023-12-10,2023-12-28,Sold,8388000.0,7945000.0
L104753,Faerie Glen,House,2,212.0,2023-12-11,2024-03-08,Sold,4534000.0,4314000.0
L105919,Brooklyn,House,6,397.0,2023-12-11,2024-01-19,Sold,7833000.0,7604000.0
L101837,Lynnwood,Apartment,1,117.0,2023-12-11,2024-01-30,Sold,2175000.0,2166000.0
L103264,Menlo Park,House,5,330.0,2023-12-12,2024-01-11,Sold,5941000.0,5839000.0
L103018,Menlo Park,Apartment,2,113.0,2023-12-12,2024-01-14,Sold,2305000.0,2165000.0
L102308,Irene,House,4,281.0,2023-12-12,2024-01-05,Sold,5823000.0,5580000.0
L100216,Waterkloof Ridge,House,3,260.0,2023-12-12,2024-02-11,Sold,7072000.0,7072000.0
L102329,Faerie Glen,House,5,291.0,2023-12-13,2024-02-02,Sold,4887000.0,4852000.0
L105293,Centurion,Apartment,2,82.0,2023-12-14,2024-02-13,Sold,1414000.0,1358000.0
L102928,Menlo Park,House,6,333.0,2023-12-14,2024-01-22,Sold,7936000.0,7526000.0
L105175,Waterkloof,House,4,331.0,2023-12-14,2024-01-28,Sold,7654000.0,7387000.0
L104468,Sandton,House,3,305.0,2023-12-14,2024-01-25,Sold,8623000.0,8335000.0
L105056,Faerie Glen,House,4,358.0,2023-12-14,2024-01-19,Sold,5715000.0,5293000.0
L101823,Irene,House,3,225.0,2023-12-14,2024-02-14,Sold,3295000.0,3288000.0
L104496,Lynnwood,House,4,275.0,2023-12-14,2023-12-27,Sold,5455000.0,5353000.0
L104632,Menlo Park,Townhouse,2,156.0,2023-12-15,2024-01-29,Sold,3309000.0,3218000.0
L100933,Rooihuiskraal,Apartment,1,109.0,2023-12-16,2024-01-24,Sold,1465000.0,1384000.0
L101666,Bryanston,Apartment,1,75.0,2023-12-16,2024-01-12,Sold,2031000.0,2023000.0
L103509,Brooklyn,House,3,232.0,2023-12-16,2023-12-26,Sold,5195000.0,4885000.0
L103588,Rooihuiskraal,Apartment,1,,2023-12-16,2024-01-05,Sold,1444000.0,1384000.0
L100345,Rooihuiskraal,Apartment,,77.0,2023-12-17,2024-04-01,Sold,961000.0,923000.0
L100662,Groenkloof,House,4,303.0,2023-12-17,2024-01-17,Sold,6185000.0,5993000.0
L102950,Groenkloof,House,3,317.0,2023-12-17,2024-01-19,Sold,6391000.0,6391000.0
L103716,Centurion,House,4,279.0,2023-12-17,2024-03-10,Sold,4212000.0,4107000.0
L103790,Brooklyn,House,2,174.0,2023-12-17,2024-02-08,Sold,3928000.0,3928000.0
L105227,Waterkloof,Apartment,2,155.0,2023-12-17,2024-01-17,Sold,3198000.0,3018000.0
L101675,Sandton,House,6,452.0,2023-12-17,2024-02-18,Sold,15841000.0,15841000.0
L100226,Waterkloof,House,4,314.0,2023-12-17,2024-01-03,Sold,9878000.0,9611000.0
L105960,Waterkloof,House,4,348.0,2023-12-17,2023-12-29,Sold,8915000.0,8915000.0
L105096,Centurion,House,6,403.0,2023-12-18,2024-04-01,Sold,8470000.0,8119000.0
L104130,Centurion,Apartment,1,58.0,2023-12-18,2024-02-03,Sold,1076000.0,1025000.0
L102344,Centurion,Apartment,2,146.0,2023-12-18,2024-02-07,Sold,2242000.0,2215000.0
L100382,Rooihuiskraal,Apartment,1,82.0,2023-12-18,,Withdrawn,1357000.0,
L101536,Rooihuiskraal,House,4,272.0,2023-12-18,2024-04-16,Sold,3928000.0,3928000.0
L103128,Centurion,House,3,245.0,2023-12-19,2024-02-03,Sold,3633000.0,3505000.0
L104192,Faerie Glen,House,4,253.0,2023-12-19,,Withdrawn,3898000.0,
L101825,Waterkloof,House,2,184.0,2023-12-19,2024-01-08,Sold,4099000.0,4083000.0
L104259,Brooklyn,Townhouse,2,100.0,2023-12-19,2024-03-13,Sold,2106000.0,2035000.0
L101073,Sandton,House,6,455.0,2023-12-20,2024-02-10,Sold,13876000.0,12953000.0
L101387,Brooklyn,House,6,547.0,2023-12-20,2024-01-08,Sold,11163000.0,11163000.0
L105032,Waterkloof,Townhouse,4,319.0,2023-12-20,2024-02-04,Sold,7716000.0,7716000.0
L102178,Brooklyn,House,5,,2023-12-20,2024-01-30,Sold,6660000.0,6660000.0
L101078,Centurion,House,5,375.0,2023-12-20,2024-01-31,Sold,6204000.0,5891000.0
L100572,Faerie Glen,Apartment,2,80.0,2023-12-21,2024-04-01,Sold,1326000.0,1267000.0
L104035,Lynnwood,Townhouse,3,278.0,2023-12-21,2024-01-11,Sold,4682000.0,4297000.0
L101619,Waterkloof,Apartment,2,100.0,2023-12-22,2024-02-09,Sold,2310000.0,2201000.0
L104178,Centurion,House,3,242.0,2023-12-22,2024-01-21,Sold,4181000.0,4015000.0
L103226,Centurion,Townhouse,3,196.0,2023-12-22,2023-12-29,Sold,3681000.0,3678000.0
L100185,Centurion,Apartment,1,68.0,2023-12-22,2024-03-30,Sold,1239000.0,1148000.0
L101637,Sandton,Townhouse,2,168.0,2023-12-23,2024-01-24,Sold,6091000.0,5878000.0
L104430,Brooklyn,House,2,206.0,2023-12-23,2024-01-25,Sold,4609000.0,4532000.0
L103528,Bryanston,Apartment,2,80.0,2023-12-23,2024-01-12,Sold,2104000.0,1995000.0
L100244,Irene,House,5,323.0,2023-12-23,2024-01-17,Sold,5468000.0,5468000.0
L101934,Centurion,Apartment,1,70.0,2023-12-23,2024-01-16,Sold,1283000.0,1213000.0
L100806,Centurion,House,3,188.0,2023-12-24,2024-02-29,Sold,3342000.0,3275000.0
L100074,Waterkloof,Apartment,1,50.0,2023-12-24,2024-01-24,Sold,1051000.0,1008000.0
L105101,Brooklyn,House,6,396.0,2023-12-24,2024-01-14,Sold,8229000.0,7924000.0
L102560,Irene,House,,172.0,2023-12-25,2024-02-14,Sold,2975000.0,2975000.0
L101441,Waterkloof,Apartment,1,82.0,2023-12-25,2024-01-05,Sold,1574000.0,1548000.0
L103943,Irene,Apartment,1,75.0,2023-12-25,,Withdrawn,1420000.0,
L102891,Sandton,Apartment,1,73.0,2023-12-25,2024-01-21,Sold,2532000.0,2485000.0
L100312,Brooklyn,Townhouse,1,121.0,2023-12-25,2024-01-13,Sold,2916000.0,2761000.0
L100841,Rooihuiskraal,Townhouse,,167.0,2023-12-25,2024-04-21,Sold,2517000.0,2457000.0
L102566,Waterkloof,Townhouse,,257.0,2023-12-26,2024-03-08,Sold,6257000.0,6082000.0
L101612,Rooihuiskraal,Apartment,1,72.0,2023-12-26,2024-01-19,Sold,868000.0,838000.0
L104304,Waterkloof,Apartment,2,85.0,2023-12-26,2024-01-13,Sold,1668000.0,1668000.0
L102666,Bryanston,House,4,285.0,2023-12-27,2024-01-13,Sold,7831000.0,7127000.0
L103095,Waterkloof,Apartment,1,94.0,2023-12-27,2024-01-28,Sold,2149000.0,2079000.0
L103834,Brooklyn,Apartment,1,64.0,2023-12-27,2024-01-29,Sold,1352000.0,1287000.0
L102631,Faerie Glen,House,3,189.0,2023-12-27,2024-02-15,Sold,3128000.0,2923000.0
L103032,Brooklyn,House,6,458.0,2023-12-27,2024-01-11,Sold,7878000.0,7416000.0
L101375,Waterkloof,House,4,243.0,2023-12-27,2024-01-17,Sold,6670000.0,6432000.0
L101515,Brooklyn,House,5,426.0,2023-12-28,2024-01-07,Sold,9959000.0,9901000.0
L100843,Lynnwood,House,6,476.0,2023-12-28,2024-02-05,Sold,10302000.0,10107000.0
L105390,Irene,House,3,222.0,2023-12-28,2024-02-20,Sold,3845000.0,3678000.0
L100856,Centurion,House,,288.0,2023-12-28,2024-02-02,Sold,5930000.0,5669000.0
L104182,Centurion,House,3,198.0,2023-12-28,,Withdrawn,4056000.0,
L103578,Centurion,House,4,261.0,2023-12-28,,Withdrawn,4350000.0,
L103250,Sandton,House,5,305.0,2023-12-28,2024-01-27,Sold,10049000.0,9961000.0
L105739,Menlo Park,Apartment,1,95.0,2023-12-29,2024-02-03,Sold,1924000.0,1893000.0
L102694,Bryanston,Apartment,1,96.0,2023-12-29,2024-03-04,Sold,2233000.0,2179000.0
L101166,Bryanston,Apartment,1,115.0,2023-12-29,2024-01-07,Sold,2543000.0,2391000.0
L102489,Irene,Apartment,,105.0,2023-12-29,2024-02-21,Sold,1632000.0,1544000.0
L102277,Groenkloof,Apartment,1,54.0,2023-12-29,2024-01-13,Sold,1152000.0,1096000.0
L101346,Lynnwood,House,3,214.0,2023-12-29,2024-02-05,Sold,4153000.0,4153000.0
L105042,Menlo Park,Apartment,2,95.0,2023-12-29,2024-01-11,Sold,1758000.0,1758000.0
L102831,Lynnwood,Apartment,1,51.0,2023-12-30,2024-01-26,Sold,1195000.0,1190000.0
L103219,Menlo Park,House,4,212.0,2023-12-30,2024-01-23,Sold,3911000.0,3779000.0
L102992,Brooklyn,House,4,320.0,2023-12-30,2024-01-17,Sold,6139000.0,6139000.0
L104350,Groenkloof,House,3,232.0,2023-12-30,2024-01-25,Sold,5061000.0,4661000.0
L102102,Rooihuiskraal,Apartment,1,129.0,2023-12-30,2024-03-17,Sold,1558000.0,1516000.0
L105547,Irene,House,3,206.0,2023-12-30,2024-03-01,Sold,4309000.0,4302000.0
L105861,Waterkloof,Townhouse,4,255.0,2023-12-30,2024-01-12,Sold,5409000.0,5409000.0
L102682,Groenkloof,Apartment,1,49.0,2023-12-30,2024-01-22,Sold,930000.0,905000.0
L100253,Brooklyn,House,3,204.0,2023-12-31,2024-02-03,Sold,4925000.0,4777000.0
L102084,Centurion,House,4,210.0,2023-12-31,2024-01-22,Sold,3981000.0,3825000.0
L105486,Bryanston,Townhouse,3,182.0,2023-12-31,2024-02-20,Sold,4266000.0,4244000.0
L102725,Centurion,Townhouse,3,173.0,2023-12-31,2024-01-21,Sold,2258000.0,2241000.0
L101911,Groenkloof,House,3,241.0,2024-01-01,2024-01-31,Sold,4438000.0,4298000.0
L102062,Faerie Glen,House,5,357.0,2024-01-01,2024-02-15,Sold,5318000.0,4941000.0
L101381,Waterkloof,House,5,266.0,2024-01-01,2024-01-22,Sold,6440000.0,6286000.0
L104937,Centurion,Apartment,1,60.0,2024-01-01,2024-02-20,Sold,1164000.0,1164000.0
L102876,Brooklyn,Apartment,1,144.0,2024-01-01,2024-03-26,Sold,2433000.0,2384000.0
L103556,Faerie Glen,House,3,286.0,2024-01-01,2024-01-11,Sold,4938000.0,4768000.0
L102541,Lynnwood,House,2,172.0,2024-01-01,2024-01-20,Sold,3678000.0,3375000.0
L100667,Sandton,House,2,171.0,2024-01-02,2024-02-18,Sold,6181000.0,5998000.0
L101115,Waterkloof,Townhouse,1,113.0,2024-01-02,2024-02-12,Sold,2265000.0,2265000.0
L103276,Faerie Glen,Apartment,2,139.0,2024-01-02,2024-02-01,Sold,2027000.0,1880000.0
L105043,Lynnwood,House,4,249.0,2024-01-02,2024-03-04,Sold,4111000.0,4111000.0
L103348,Rooihuiskraal,Apartment,1,69.0,2024-01-02,,Withdrawn,974000.0,
L103106,Menlo Park,House,2,164.0,2024-01-02,2024-03-24,Sold,3553000.0,3470000.0
L100756,Menlo Park,Apartment,1,72.0,2024-01-02,2024-01-30,Sold,1596000.0,1570000.0
L102735,Lynnwood,House,5,315.0,2024-01-02,,Withdrawn,6826000.0,
L102875,Groenkloof,House,4,271.0,2024-01-02,,Withdrawn,6365000.0,
L101248,Bryanston,Apartment,1,67.0,2024-01-03,2024-03-04,Sold,1709000.0,1709000.0
L105386,Waterkloof,House,3,182.0,2024-01-03,2024-01-31,Sold,4929000.0,4633000.0
L104683,Centurion,Apartment,1,129.0,2024-01-03,2024-01-26,Sold,2262000.0,2189000.0
L105119,Faerie Glen,Apartment,1,70.0,2024-01-03,2024-02-09,Sold,1096000.0,1090000.0
L100718,Centurion,Apartment,1,72.0,2024-01-03,2024-01-22,Sold,1064000.0,1060000.0
L104238,Faerie Glen,House,3,207.0,2024-01-04,2024-01-09,Sold,3506000.0,3281000.0
L104101,Centurion,Apartment,1,80.0,2024-01-04,2024-02-09,Sold,1245000.0,1245000.0
L102335,Centurion,Apartment,1,78.0,2024-01-04,2024-02-01,Sold,1454000.0,1417000.0
L105997,Bryanston,House,5,289.0,2024-01-05,2024-02-22,Sold,7294000.0,7128000.0
L105362,Waterkloof Ridge,Townhouse,3,205.0,2024-01-05,2024-02-09,Sold,5385000.0,5222000.0
L103331,Brooklyn,House,6,354.0,2024-01-05,2024-02-12,Sold,8915000.0,8557000.0
L101764,Waterkloof Ridge,Apartment,2,,2024-01-05,2024-02-04,Sold,2314000.0,2132000.0
L103645,Rooihuiskraal,House,3,253.0,2024-01-05,2024-01-19,Sold,4090000.0,3922000.0
L100361,Waterkloof Ridge,Apartment,,112.0,2024-01-05,2024-01-16,Sold,3015000.0,2911000.0
L102016,Brooklyn,Apartment,1,59.0,2024-01-05,2024-02-03,Sold,1179000.0,1179000.0
L102121,Waterkloof,Apartment,1,,2024-01-05,2024-02-06,Sold,1551000.0,1466000.0
L104075,Lynnwood,Apartment,1,86.0,2024-01-06,2024-03-11,Sold,1766000.0,1698000.0
L100217,Waterkloof Ridge,Apartment,1,79.0,2024-01-06,2024-02-02,Sold,1588000.0,1492000.0
L103255,Rooihuiskraal,House,5,275.0,2024-01-07,2024-03-12,Sold,3938000.0,3891000.0
L103403,Sandton,House,3,224.0,2024-01-07,2024-03-07,Sold,8113000.0,8110000.0
L105814,Faerie Glen,House,4,268.0,2024-01-08,2024-02-29,Sold,4316000.0,4237000.0
L100231,Lynnwood,House,2,123.0,2024-01-08,2024-02-08,Sold,2651000.0,2520000.0
L102280,Lynnwood,House,4,316.0,2024-01-08,2024-02-18,Sold,7351000.0,7032000.0
L100722,Waterkloof,House,4,220.0,2024-01-09,2024-02-01,Sold,5971000.0,5878000.0
L103003,Centurion,House,2,145.0,2024-01-09,2024-05-08,Sold,2558000.0,2439000.0
L100784,Sandton,Apartment,2,95.0,2024-01-09,2024-01-25,Sold,2924000.0,2762000.0
L105171,Irene,Apartment,1,63.0,2024-01-09,2024-03-10,Sold,1042000.0,1020000.0
L101349,Waterkloof Ridge,House,2,134.0,2024-01-09,2024-02-08,Sold,3420000.0,3275000.0
L102398,Waterkloof Ridge,Townhouse,2,111.0,2024-01-10,2024-02-16,Sold,2955000.0,2955000.0
L101436,Groenkloof,House,3,243.0,2024-01-10,2024-02-25,Sold,4769000.0,4498000.0
L103615,Centurion,House,3,220.0,2024-01-10,2024-02-04,Sold,4561000.0,4255000.0
L105725,Bryanston,House,6,424.0,2024-01-10,2024-02-17,Sold,9821000.0,9481000.0
L102006,Faerie Glen,House,4,,2024-01-11,2024-02-29,Sold,2737000.0,2573000.0
L101069,Lynnwood,Apartment,2,122.0,2024-01-11,2024-02-10,Sold,2430000.0,2300000.0
L105350,Sandton,House,4,317.0,2024-01-12,2024-03-08,Sold,11323000.0,11323000.0
L102557,Brooklyn,Apartment,1,142.0,2024-01-12,2024-01-28,Sold,2845000.0,2845000.0
L105424,Sandton,House,4,263.0,2024-01-12,2024-02-09,Sold,7433000.0,7150000.0
L100916,Waterkloof,House,5,265.0,2024-01-13,2024-02-20,Sold,7033000.0,6662000.0
L105722,Waterkloof,Apartment,2,53.0,2024-01-13,2024-02-09,Sold,990000.0,941000.0
L102561,Centurion,House,3,203.0,2024-01-13,2024-02-07,Sold,3961000.0,3852000.0
L104004,Faerie Glen,House,4,354.0,2024-01-14,2024-02-05,Sold,6298000.0,5970000.0
L104079,Lynnwood,Apartment,2,107.0,2024-01-14,,Withdrawn,2241000.0,
L104977,Groenkloof,House,2,168.0,2024-01-14,2024-03-21,Sold,3497000.0,3497000.0
L101820,Sandton,Apartment,2,69.0,2024-01-14,2024-05-08,Sold,2064000.0,1863000.0
L105176,Groenkloof,House,3,193.0,2024-01-14,2024-03-24,Sold,3901000.0,3856000.0
L104380,Faerie Glen,Apartment,1,98.0,2024-01-14,2024-01-31,Sold,1777000.0,1777000.0
L102734,Brooklyn,Apartment,2,138.0,2024-01-15,2024-03-02,Sold,2351000.0,2324000.0
L104813,Sandton,Apartment,1,83.0,2024-01-15,2024-03-11,Sold,2176000.0,2106000.0
L103462,Waterkloof,House,3,238.0,2024-01-15,2024-02-01,Sold,7136000.0,7112000.0
L103958,Waterkloof Ridge,House,2,193.0,2024-01-15,2024-02-12,Sold,5186000.0,4866000.0
L100517,Centurion,Apartment,1,92.0,2024-01-15,2024-05-14,Sold,1365000.0,1346000.0
L103944,Groenkloof,House,1,177.0,2024-01-15,2024-02-16,Sold,3109000.0,3105000.0
L103527,Groenkloof,House,2,161.0,2024-01-15,2024-02-16,Sold,3219000.0,3219000.0
L102822,Waterkloof,Apartment,1,92.0,2024-01-15,2024-02-10,Sold,2168000.0,2136000.0
L101200,Irene,House,4,221.0,2024-01-16,2024-02-27,Sold,4229000.0,4152000.0
L103858,Centurion,House,3,173.0,2024-01-16,2024-02-09,Sold,3389000.0,3342000.0
L101817,Lynnwood,Apartment,1,72.0,2024-01-16,2024-02-25,Sold,1348000.0,1319000.0
L100468,Waterkloof Ridge,Townhouse,2,203.0,2024-01-16,2024-02-12,Sold,5447000.0,5207000.0
L103966,Faerie Glen,House,5,253.0,2024-01-16,2024-03-10,Sold,4232000.0,4232000.0
L103282,Brooklyn,House,4,329.0,2024-01-16,2024-02-09,Sold,7157000.0,7157000.0
L101759,Sandton,Apartment,1,121.0,2024-01-16,2024-02-14,Sold,4601000.0,4340000.0
L103698,Waterkloof,House,,250.0,2024-01-16,2024-01-31,Sold,6126000.0,5752000.0
L100624,Sandton,House,4,242.0,2024-01-16,2024-02-14,Sold,6923000.0,6749000.0
L104694,Lynnwood,Apartment,1,98.0,2024-01-16,2024-03-21,Sold,1587000.0,1556000.0
L100436,Waterkloof Ridge,House,3,261.0,2024-01-16,2024-02-17,Sold,7578000.0,7279000.0
L102483,Menlo Park,Apartment,1,92.0,2024-01-16,2024-01-27,Sold,1709000.0,1628000.0
L104180,Centurion,Apartment,2,54.0,2024-01-16,2024-02-01,Sold,915000.0,899000.0
L100768,Waterkloof Ridge,Apartment,1,90.0,2024-01-17,2024-02-26,Sold,2500000.0,2500000.0
L101473,Faerie Glen,House,4,310.0,2024-01-17,2024-02-03,Sold,5712000.0,5467000.0
L104653,Waterkloof Ridge,House,2,107.0,2024-01-17,2024-02-11,Sold,2915000.0,2732000.0
L101217,Irene,Apartment,1,104.0,2024-01-17,2024-03-03,Sold,2033000.0,1950000.0
L105041,Groenkloof,House,5,294.0,2024-01-17,2024-03-31,Sold,5710000.0,5436000.0
L104395,Lynnwood,House,,159.0,2024-01-17,2024-02-23,Sold,3290000.0,3097000.0
L103598,Sandton,Apartment,1,75.0,2024-01-18,2024-01-30,Sold,1992000.0,1913000.0
L104490,Faerie Glen,House,4,288.0,2024-01-19,2024-02-22,Sold,6072000.0,6007000.0
L103558,Irene,House,3,183.0,2024-01-19,2024-02-04,Sold,3740000.0,3677000.0
L103314,Brooklyn,House,6,498.0,2024-01-19,2024-03-02,Sold,11908000.0,11585000.0
L101363,Waterkloof,Apartment,1,77.0,2024-01-19,2024-03-09,Sold,1669000.0,1669000.0
L103379,Sandton,House,3,255.0,2024-01-19,2024-04-17,Sold,7133000.0,6999000.0
L103601,Waterkloof Ridge,House,4,284.0,2024-01-20,,Withdrawn,6662000.0,
L103715,Bryanston,House,4,230.0,2024-01-20,2024-04-20,Sold,5741000.0,5696000.0
L105346,Centurion,Apartment,2,63.0,2024-01-21,2024-01-28,Sold,984000.0,916000.0
L100086,Centurion,House,3,207.0,2024-01-21,2024-04-22,Sold,3471000.0,3283000.0
L102619,Sandton,Apartment,1,121.0,2024-01-21,2024-01-31,Sold,3211000.0,3198000.0
L105277,Centurion,House,4,292.0,2024-01-21,2024-01-29,Sold,5421000.0,4932000.0
L105164,Centurion,Apartment,1,,2024-01-21,2024-02-16,Sold,2444000.0,2293000.0
L103544,Menlo Park,Apartment,1,109.0,2024-01-21,2024-02-18,Sold,2500000.0,2371000.0
L103102,Sandton,House,4,267.0,2024-01-21,2024-03-18,Sold,7672000.0,7527000.0
L104022,Menlo Park,House,3,220.0,2024-01-22,2024-03-22,Sold,4981000.0,4853000.0
L104918,Sandton,Apartment,1,42.0,2024-01-22,2024-05-05,Sold,1112000.0,1093000.0
L104443,Sandton,Apartment,1,120.0,2024-01-22,2024-04-07,Sold,3702000.0,3702000.0
L100069,Lynnwood,House,1,174.0,2024-01-22,2024-02-04,Sold,3835000.0,3800000.0
L102468,Irene,House,3,174.0,2024-01-23,2024-03-26,Sold,3598000.0,3403000.0
L102667,Waterkloof,Apartment,2,87.0,2024-01-23,2024-03-18,Sold,2148000.0,2148000.0
L104367,Irene,House,4,341.0,2024-01-23,2024-03-23,Sold,6189000.0,5985000.0
L101765,Waterkloof,House,4,303.0,2024-01-23,2024-02-11,Sold,6520000.0,6222000.0
L105762,Centurion,House,5,415.0,2024-01-24,2024-04-03,Sold,8556000.0,8474000.0
L105539,Waterkloof,Apartment,1,79.0,2024-01-24,2024-03-02,Sold,1363000.0,1248000.0
L101114,Sandton,Apartment,2,134.0,2024-01-24,2024-02-22,Sold,3715000.0,3437000.0
L100613,Sandton,House,3,247.0,2024-01-24,,Withdrawn,8457000.0,
L101460,Rooihuiskraal,House,5,308.0,2024-01-24,2024-04-16,Sold,4175000.0,4102000.0
L105915,Irene,Apartment,1,66.0,2024-01-25,2024-04-27,Sold,1087000.0,1039000.0
L104211,Menlo Park,House,4,322.0,2024-01-25,2024-04-13,Sold,7383000.0,7156000.0
L102908,Sandton,House,2,196.0,2024-01-26,2024-03-10,Sold,6484000.0,6398000.0
L104431,Sandton,Apartment,1,96.0,2024-01-26,2024-05-12,Sold,2668000.0,2534000.0
L101773,Bryanston,Townhouse,2,218.0,2024-01-27,2024-03-05,Sold,4609000.0,4412000.0
L101942,Lynnwood,Apartment,1,103.0,2024-01-27,2024-02-09,Sold,1878000.0,1855000.0
L102633,Centurion,Apartment,2,107.0,2024-01-27,2024-02-08,Sold,1608000.0,1608000.0
L105143,Sandton,House,6,520.0,2024-01-28,2024-05-27,Sold,16281000.0,16281000.0
L101873,Sandton,House,2,264.0,2024-01-28,2024-02-29,Sold,9875000.0,9514000.0
L100045,Rooihuiskraal,House,3,261.0,2024-01-28,2024-03-15,Sold,4151000.0,4106000.0
L105907,Irene,Apartment,3,101.0,2024-01-28,2024-02-17,Sold,1635000.0,1577000.0
L105163,Lynnwood,Townhouse,3,224.0,2024-01-28,2024-02-13,Sold,4515000.0,4315000.0
L103375,Lynnwood,House,3,218.0,2024-01-28,2024-02-15,Sold,4889000.0,4889000.0
L101875,Rooihuiskraal,House,4,242.0,2024-01-28,2024-04-03,Sold,3662000.0,3662000.0
L101081,Sandton,Apartment,1,98.0,2024-01-28,2024-03-08,Sold,3268000.0,3058000.0
L100767,Waterkloof,House,3,161.0,2024-01-28,2024-03-04,Sold,4641000.0,4373000.0
L105072,Lynnwood,Apartment,2,104.0,2024-01-28,2024-02-22,Sold,1592000.0,1592000.0
L104248,Groenkloof,House,6,353.0,2024-01-28,2024-04-11,Sold,7392000.0,7069000.0
L101184,Groenkloof,House,6,374.0,2024-01-28,2024-02-20,Sold,7876000.0,7462000.0
L104429,Waterkloof,Apartment,1,58.0,2024-01-29,2024-03-14,Sold,1258000.0,1228000.0
L100165,Menlo Park,Apartment,1,75.0,2024-01-29,2024-02-12,Sold,1576000.0,1576000.0
L102814,Waterkloof,Townhouse,2,103.0,2024-01-29,2024-03-27,Sold,2656000.0,2636000.0
L101285,Sandton,Townhouse,2,154.0,2024-01-29,2024-04-02,Sold,3970000.0,3883000.0
L105246,Faerie Glen,House,,289.0,2024-01-29,2024-03-02,Sold,4458000.0,4212000.0
L103193,Centurion,House,3,181.0,2024-01-29,2024-03-10,Sold,2909000.0,2865000.0
L103855,Groenkloof,House,4,212.0,2024-01-30,2024-04-16,Sold,3873000.0,3738000.0
L100882,Sandton,House,3,241.0,2024-01-30,2024-03-01,Sold,8239000.0,7805000.0
L100536,Faerie Glen,House,4,232.0,2024-01-30,2024-03-03,Sold,3871000.0,3714000.0
L103759,Groenkloof,House,2,120.0,2024-01-30,2024-02-06,Sold,2145000.0,2002000.0
L103376,Waterkloof,Townhouse,1,112.0,2024-01-30,2024-02-23,Sold,2717000.0,2696000.0
L100492,Centurion,Apartment,2,117.0,2024-01-30,2024-03-30,Sold,1634000.0,1634000.0
L105162,Waterkloof Ridge,House,3,257.0,2024-01-30,2024-03-18,Sold,5938000.0,5483000.0
L101295,Menlo Park,Townhouse,2,152.0,2024-01-30,2024-03-14,Sold,2795000.0,2751000.0
L103097,Lynnwood,House,4,285.0,2024-01-31,2024-03-09,Sold,6611000.0,6611000.0
L104455,Menlo Park,Apartment,1,72.0,2024-01-31,2024-03-18,Sold,1313000.0,1313000.0
L101016,Centurion,House,,252.0,2024-01-31,2024-03-16,Sold,4057000.0,3979000.0
L101323,Rooihuiskraal,Townhouse,2,178.0,2024-01-31,2024-05-30,Sold,2985000.0,2786000.0
L100129,Irene,House,2,183.0,2024-01-31,2024-02-29,Sold,2720000.0,2618000.0
L103920,Groenkloof,House,6,434.0,2024-01-31,2024-04-04,Sold,7737000.0,7493000.0
L103369,Lynnwood,Apartment,1,61.0,2024-01-31,2024-04-27,Sold,906000.0,894000.0
L101535,Faerie Glen,Townhouse,4,175.0,2024-02-01,2024-02-19,Sold,2883000.0,2817000.0
L102877,Lynnwood,Apartment,1,87.0,2024-02-01,2024-03-06,Sold,1712000.0,1674000.0
L104654,Lynnwood,House,5,,2024-02-01,2024-02-25,Sold,7385000.0,7385000.0
L104941,Waterkloof,Townhouse,2,177.0,2024-02-01,2024-03-27,Sold,4155000.0,4155000.0
L105172,Bryanston,Apartment,1,109.0,2024-02-01,2024-03-27,Sold,3052000.0,3052000.0
L102026,Bryanston,House,4,281.0,2024-02-02,2024-02-26,Sold,7956000.0,7671000.0
L100265,Groenkloof,Apartment,2,64.0,2024-02-02,2024-03-15,Sold,1141000.0,1141000.0
L100415,Brooklyn,House,3,206.0,2024-02-02,2024-02-23,Sold,4966000.0,4966000.0
L101035,Centurion,Apartment,1,63.0,2024-02-02,2024-02-25,Sold,950000.0,919000.0
L105964,Centurion,House,3,219.0,2024-02-02,2024-03-16,Sold,3396000.0,3396000.0
L104373,Groenkloof,House,5,385.0,2024-02-02,2024-02-11,Sold,7690000.0,7284000.0
L103026,Brooklyn,Apartment,1,103.0,2024-02-02,2024-02-18,Sold,2038000.0,2038000.0
L103875,Lynnwood,House,2,122.0,2024-02-02,2024-04-07,Sold,2987000.0,2984000.0
L105223,Waterkloof Ridge,House,2,180.0,2024-02-02,2024-03-20,Sold,4873000.0,4708000.0
L101246,Irene,Apartment,1,,2024-02-03,2024-02-19,Sold,1782000.0,1710000.0
L100338,Waterkloof,House,3,183.0,2024-02-03,2024-03-09,Sold,5095000.0,4907000.0
L100234,Sandton,House,3,170.0,2024-02-03,,Withdrawn,5071000.0,
L105038,Bryanston,Apartment,1,112.0,2024-02-03,2024-03-11,Sold,2802000.0,2613000.0
L105675,Sandton,House,4,198.0,2024-02-03,2024-03-12,Sold,6264000.0,5859000.0
L104489,Faerie Glen,Apartment,2,115.0,2024-02-04,,Withdrawn,1807000.0,
L101088,Faerie Glen,House,3,207.0,2024-02-05,2024-03-01,Sold,3102000.0,3048000.0
L101171,Centurion,House,2,215.0,2024-02-05,2024-03-27,Sold,3409000.0,3316000.0
L103240,Bryanston,House,3,270.0,2024-02-06,2024-02-27,Sold,6701000.0,6701000.0
L104048,Menlo Park,Townhouse,2,184.0,2024-02-06,2024-04-01,Sold,3786000.0,3689000.0
L102873,Brooklyn,Apartment,1,76.0,2024-02-06,,Withdrawn,1481000.0,
L101553,Menlo Park,House,5,251.0,2024-02-06,2024-03-27,Sold,5897000.0,5716000.0
L103141,Groenkloof,Townhouse,1,128.0,2024-02-07,2024-03-21,Sold,2184000.0,2080000.0
L100804,Waterkloof Ridge,Townhouse,3,157.0,2024-02-07,2024-02-26,Sold,4443000.0,4234000.0
L103837,Waterkloof,House,4,329.0,2024-02-07,2024-04-27,Sold,7756000.0,7490000.0
L102768,Bryanston,Apartment,1,57.0,2024-02-07,2024-02-23,Sold,1494000.0,1494000.0
L103355,Menlo Park,House,2,159.0,2024-02-07,2024-03-13,Sold,3154000.0,3085000.0
L103391,Centurion,Apartment,1,150.0,2024-02-07,2024-04-29,Sold,2358000.0,2358000.0
L100417,Rooihuiskraal,House,4,344.0,2024-02-08,2024-04-05,Sold,4801000.0,4646000.0
L104253,Faerie Glen,House,3,260.0,2024-02-08,2024-03-01,Sold,3882000.0,3819000.0
L105232,Lynnwood,House,4,288.0,2024-02-08,,Withdrawn,5774000.0,
L103982,Irene,Townhouse,4,236.0,2024-02-08,2024-04-02,Sold,4779000.0,4779000.0
L102635,Lynnwood,House,3,166.0,2024-02-08,2024-03-06,Sold,3255000.0,3253000.0
L103392,Sandton,Apartment,2,56.0,2024-02-08,2024-05-20,Sold,1507000.0,1419000.0
L105315,Lynnwood,House,6,391.0,2024-02-08,2024-03-08,Sold,8544000.0,8432000.0
L105798,Centurion,House,6,343.0,2024-02-08,2024-03-04,Sold,6975000.0,6597000.0
L100357,Rooihuiskraal,Townhouse,2,160.0,2024-02-08,2024-03-06,Sold,2003000.0,1991000.0
L103342,Groenkloof,Apartment,1,54.0,2024-02-09,2024-03-29,Sold,1005000.0,1005000.0
L105610,Waterkloof,House,3,203.0,2024-02-09,2024-03-27,Sold,5117000.0,4843000.0
L102482,Waterkloof Ridge,Apartment,1,66.0,2024-02-09,2024-02-26,Sold,1947000.0,1800000.0
L104171,Centurion,House,3,231.0,2024-02-09,2024-02-24,Sold,4086000.0,3756000.0
L100351,Groenkloof,Townhouse,3,214.0,2024-02-09,2024-03-12,Sold,3952000.0,3753000.0
L101970,Menlo Park,Apartment,2,94.0,2024-02-09,2024-03-02,Sold,1661000.0,1638000.0
L105413,Groenkloof,Apartment,3,129.0,2024-02-09,2024-03-20,Sold,2288000.0,2215000.0
L103309,Waterkloof,Apartment,1,51.0,2024-02-10,2024-02-17,Sold,1222000.0,1199000.0
L102558,Lynnwood,House,4,267.0,2024-02-10,2024-04-06,Sold,5229000.0,4944000.0
L105439,Groenkloof,Apartment,1,57.0,2024-02-10,,Withdrawn,1181000.0,
L103801,Groenkloof,Apartment,2,69.0,2024-02-10,2024-03-10,Sold,1399000.0,1348000.0
L103670,Menlo Park,House,3,309.0,2024-02-10,2024-04-16,Sold,5690000.0,5690000.0
L104777,Waterkloof,House,4,284.0,2024-02-10,2024-04-05,Sold,7026000.0,6747000.0
L105928,Bryanston,Apartment,1,56.0,2024-02-11,2024-04-04,Sold,1488000.0,1454000.0
L105508,Rooihuiskraal,Apartment,1,68.0,2024-02-11,2024-05-04,Sold,830000.0,830000.0
L102410,Centurion,Apartment,2,,2024-02-11,2024-03-11,Sold,1523000.0,1468000.0
L103162,Waterkloof Ridge,Apartment,2,90.0,2024-02-11,2024-02-27,Sold,2171000.0,2052000.0
L105685,Waterkloof,Apartment,2,113.0,2024-02-11,2024-03-15,Sold,2633000.0,2575000.0
L101261,Lynnwood,Apartment,1,91.0,2024-02-11,2024-03-10,Sold,1781000.0,1740000.0
L101394,Bryanston,Apartment,1,156.0,2024-02-11,2024-05-04,Sold,4314000.0,4036000.0
L102584,Waterkloof,Apartment,1,47.0,2024-02-11,2024-03-05,Sold,1079000.0,1035000.0
L104604,Centurion,House,,274.0,2024-02-13,2024-03-14,Sold,5694000.0,5436000.0
L101571,Irene,Townhouse,3,144.0,2024-02-13,2024-02-25,Sold,2475000.0,2410000.0
L104647,Groenkloof,Apartment,1,93.0,2024-02-13,2024-03-25,Sold,1632000.0,1564000.0
L103537,Irene,House,4,304.0,2024-02-13,2024-04-16,Sold,5592000.0,5397000.0
L104536,Centurion,Apartment,2,,2024-02-13,2024-03-27,Sold,1556000.0,1521000.0
L104634,Centurion,Apartment,2,118.0,2024-02-14,2024-03-06,Sold,1844000.0,1829000.0
L104891,Brooklyn,House,3,260.0,2024-02-14,2024-03-28,Sold,5890000.0,5659000.0
L102216,Waterkloof Ridge,Apartment,2,98.0,2024-02-14,2024-03-10,Sold,2415000.0,2405000.0
L105020,Sandton,House,2,224.0,2024-02-15,2024-03-03,Sold,7373000.0,6928000.0
L102527,Sandton,Apartment,,121.0,2024-02-16,2024-03-16,Sold,4019000.0,3803000.0
L104256,Waterkloof,Townhouse,3,211.0,2024-02-16,2024-03-11,Sold,5466000.0,5369000.0
L100068,Waterkloof,House,2,258.0,2024-02-16,2024-03-04,Sold,6222000.0,6222000.0
L104861,Bryanston,Apartment,2,62.0,2024-02-16,2024-06-15,Sold,1473000.0,1384000.0
L101499,Centurion,House,,287.0,2024-02-17,2024-03-27,Sold,5108000.0,4881000.0
L100442,Centurion,Apartment,1,44.0,2024-02-17,2024-03-10,Sold,747000.0,747000.0
L102594,Brooklyn,House,4,326.0,2024-02-17,,Withdrawn,6245000.0,
L104260,Sandton,Apartment,1,59.0,2024-02-17,2024-03-25,Sold,1730000.0,1719000.0
L100579,Menlo Park,Townhouse,3,137.0,2024-02-17,2024-02-29,Sold,2771000.0,2771000.0
L102712,Brooklyn,Apartment,1,69.0,2024-02-17,2024-03-08,Sold,1718000.0,1594000.0
L101123,Groenkloof,Apartment,2,166.0,2024-02-17,2024-03-05,Sold,3604000.0,3599000.0
L104577,Waterkloof,House,4,245.0,2024-02-17,2024-05-23,Sold,7265000.0,7265000.0
L104384,Bryanston,Apartment,2,108.0,2024-02-18,2024-04-18,Sold,3164000.0,3144000.0
L100552,Groenkloof,Apartment,1,84.0,2024-02-18,2024-02-28,Sold,1495000.0,1434000.0
L103033,Brooklyn,Townhouse,1,,2024-02-18,2024-03-30,Sold,2618000.0,2618000.0
L104165,Brooklyn,Townhouse,,141.0,2024-02-18,2024-04-02,Sold,2995000.0,2946000.0
L100080,Centurion,House,4,292.0,2024-02-18,2024-03-17,Sold,6442000.0,6442000.0
L100892,Brooklyn,House,4,275.0,2024-02-18,2024-02-29,Sold,5694000.0,5609000.0
L105222,Waterkloof Ridge,House,5,413.0,2024-02-18,,Withdrawn,10182000.0,
L102215,Waterkloof,House,4,280.0,2024-02-19,2024-03-26,Sold,7101000.0,7023000.0
L105225,Lynnwood,House,3,204.0,2024-02-20,2024-03-12,Sold,4701000.0,4701000.0
L104677,Waterkloof Ridge,Apartment,1,90.0,2024-02-20,2024-04-16,Sold,2063000.0,2063000.0
L103653,Groenkloof,Apartment,1,59.0,2024-02-20,2024-03-19,Sold,1108000.0,1033000.0
L104689,Centurion,Townhouse,3,213.0,2024-02-20,2024-03-05,Sold,4205000.0,4006000.0
L101554,Brooklyn,Apartment,1,53.0,2024-02-21,2024-03-07,Sold,1233000.0,1197000.0
L104743,Brooklyn,Apartment,1,73.0,2024-02-21,2024-04-13,Sold,1534000.0,1528000.0
L101495,Centurion,Apartment,,67.0,2024-02-21,2024-03-28,Sold,915000.0,909000.0
L104970,Irene,Apartment,2,125.0,2024-02-21,2024-04-28,Sold,2269000.0,2269000.0
L105294,Rooihuiskraal,House,3,220.0,2024-02-21,2024-03-09,Sold,2830000.0,2754000.0
L102851,Lynnwood,House,5,415.0,2024-02-21,,Withdrawn,8935000.0,
L103883,Lynnwood,House,3,195.0,2024-02-21,2024-04-13,Sold,4291000.0,4218000.0
L105300,Faerie Glen,House,6,538.0,2024-02-21,2024-03-24,Sold,9557000.0,9458000.0
L100239,Waterkloof Ridge,Apartment,2,106.0,2024-02-21,2024-05-09,Sold,2783000.0,2717000.0
L100404,Sandton,House,4,242.0,2024-02-21,2024-03-09,Sold,7471000.0,7031000.0
L103197,Waterkloof Ridge,House,6,421.0,2024-02-22,2024-05-09,Sold,11073000.0,10942000.0
L101640,Rooihuiskraal,House,3,247.0,2024-02-22,2024-04-24,Sold,3467000.0,3227000.0
L102778,Brooklyn,Apartment,1,48.0,2024-02-22,2024-03-11,Sold,1040000.0,969000.0
L100932,Lynnwood,Apartment,1,81.0,2024-02-22,2024-04-24,Sold,1636000.0,1631000.0
L100435,Groenkloof,House,6,407.0,2024-02-22,2024-05-16,Sold,8564000.0,8466000.0
L101477,Sandton,House,2,227.0,2024-02-22,,Withdrawn,9262000.0,
L101338,Bryanston,House,,327.0,2024-02-23,2024-04-01,Sold,10282000.0,10282000.0
L105975,Brooklyn,House,3,217.0,2024-02-23,,Withdrawn,4190000.0,
L100057,Irene,Apartment,1,125.0,2024-02-23,2024-04-23,Sold,2034000.0,1959000.0
L105415,Lynnwood,Apartment,2,74.0,2024-02-23,2024-06-03,Sold,1386000.0,1311000.0
L103795,Centurion,Apartment,1,39.0,2024-02-23,2024-04-23,Sold,533000.0,510000.0
L105600,Faerie Glen,Apartment,1,89.0,2024-02-23,2024-04-06,Sold,1238000.0,1218000.0
L102265,Waterkloof Ridge,Townhouse,2,108.0,2024-02-24,2024-03-12,Sold,3559000.0,3446000.0
L101417,Faerie Glen,Apartment,1,46.0,2024-02-24,2024-05-13,Sold,942000.0,915000.0
L102512,Waterkloof Ridge,House,6,361.0,2024-02-25,2024-03-15,Sold,10344000.0,10281000.0
L104246,Bryanston,House,5,451.0,2024-02-25,2024-03-30,Sold,13680000.0,13318000.0
L102098,Waterkloof Ridge,House,4,354.0,2024-02-25,2024-03-22,Sold,9839000.0,9839000.0
L104176,Irene,House,4,196.0,2024-02-25,2024-03-07,Sold,3958000.0,3722000.0
L101344,Sandton,House,4,268.0,2024-02-25,2024-04-02,Sold,7181000.0,7026000.0
L105987,Menlo Park,House,,245.0,2024-02-26,2024-03-10,Sold,4935000.0,4796000.0
L104718,Faerie Glen,House,3,193.0,2024-02-26,2024-04-19,Sold,2628000.0,2475000.0
L103395,Sandton,Apartment,1,77.0,2024-02-26,2024-06-25,Sold,2661000.0,2570000.0
L101872,Sandton,House,3,181.0,2024-02-26,,Withdrawn,4957000.0,
L105896,Waterkloof Ridge,House,2,174.0,2024-02-26,2024-05-09,Sold,4913000.0,4888000.0
L101010,Centurion,House,3,164.0,2024-02-26,2024-03-19,Sold,2937000.0,2911000.0
L102186,Bryanston,House,5,287.0,2024-02-26,,Withdrawn,8761000.0,
L102973,Sandton,House,6,337.0,2024-02-26,2024-04-26,Sold,10902000.0,10436000.0
L102762,Waterkloof Ridge,House,6,354.0,2024-02-27,2024-05-02,Sold,11490000.0,11490000.0
L104280,Waterkloof,Apartment,1,82.0,2024-02-27,2024-03-02,Sold,1970000.0,1970000.0
L105809,Rooihuiskraal,Apartment,2,116.0,2024-02-27,2024-05-30,Sold,1832000.0,1738000.0
L105618,Irene,House,6,482.0,2024-02-27,2024-03-08,Sold,9277000.0,8765000.0
L104090,Waterkloof Ridge,Apartment,2,127.0,2024-02-27,2024-04-10,Sold,3144000.0,3102000.0
L101879,Irene,Townhouse,2,121.0,2024-02-27,2024-03-28,Sold,2100000.0,1911000.0
L105477,Lynnwood,Apartment,1,73.0,2024-02-28,2024-03-25,Sold,1712000.0,1712000.0
L102222,Lynnwood,House,6,379.0,2024-02-28,2024-04-08,Sold,9273000.0,9209000.0
L103366,Centurion,Apartment,1,93.0,2024-02-28,2024-03-15,Sold,1496000.0,1437000.0
L104821,Brooklyn,House,,172.0,2024-02-28,2024-03-30,Sold,3892000.0,3732000.0
L102865,Waterkloof Ridge,House,1,122.0,2024-02-28,2024-04-21,Sold,3133000.0,3041000.0
L103776,Centurion,House,2,137.0,2024-02-29,2024-03-31,Sold,2657000.0,2539000.0
L100042,Centurion,Apartment,2,118.0,2024-02-29,2024-04-17,Sold,1987000.0,1975000.0
L102954,Faerie Glen,House,1,113.0,2024-02-29,2024-04-06,Sold,2125000.0,2052000.0
L104480,Lynnwood,Townhouse,3,207.0,2024-02-29,2024-04-18,Sold,3923000.0,3923000.0
L105317,Sandton,House,3,224.0,2024-02-29,2024-03-27,Sold,6230000.0,6113000.0
L101156,Waterkloof,Apartment,1,116.0,2024-02-29,2024-04-08,Sold,3080000.0,3022000.0
L101129,Sandton,House,2,134.0,2024-03-01,,Withdrawn,4139000.0,
L104062,Groenkloof,Apartment,3,120.0,2024-03-01,2024-05-07,Sold,2170000.0,2091000.0
L102961,Sandton,House,5,330.0,2024-03-01,2024-05-16,Sold,8988000.0,8575000.0
L104806,Lynnwood,House,1,150.0,2024-03-01,2024-04-07,Sold,2776000.0,2628000.0
L103748,Brooklyn,Apartment,1,72.0,2024-03-01,2024-03-20,Sold,1383000.0,1383000.0
L101799,Irene,House,3,,2024-03-01,2024-06-02,Sold,3845000.0,3699000.0
L102129,Waterkloof,House,3,272.0,2024-03-01,2024-04-05,Sold,7731000.0,7731000.0
L102423,Waterkloof Ridge,Townhouse,1,145.0,2024-03-02,2024-04-03,Sold,4174000.0,4131000.0
L103696,Brooklyn,House,3,243.0,2024-03-02,2024-04-28,Sold,5812000.0,5331000.0
L100619,Waterkloof,House,4,184.0,2024-03-02,2024-03-26,Sold,4579000.0,4457000.0
L102181,Sandton,Apartment,2,123.0,2024-03-02,2024-04-01,Sold,3215000.0,3215000.0
L102063,Waterkloof Ridge,Apartment,1,75.0,2024-03-02,,Withdrawn,2330000.0,
L100188,Centurion,Apartment,1,72.0,2024-03-03,2024-04-10,Sold,1264000.0,1229000.0
L101135,Menlo Park,Apartment,1,66.0,2024-03-03,2024-04-25,Sold,1211000.0,1211000.0
L103767,Menlo Park,Apartment,2,133.0,2024-03-03,2024-04-04,Sold,2592000.0,2523000.0
L103668,Menlo Park,Townhouse,3,205.0,2024-03-03,2024-03-27,Sold,4978000.0,4978000.0
L103998,Menlo Park,House,3,268.0,2024-03-03,2024-03-23,Sold,7728000.0,7728000.0
L103539,Brooklyn,House,4,268.0,2024-03-03,2024-04-02,Sold,6213000.0,5965000.0
L101874,Sandton,House,4,257.0,2024-03-03,2024-03-23,Sold,8797000.0,8797000.0
L103604,Sandton,House,1,118.0,2024-03-04,2024-03-29,Sold,3746000.0,3724000.0
L100923,Faerie Glen,House,3,228.0,2024-03-04,2024-04-13,Sold,4127000.0,3858000.0
L100548,Rooihuiskraal,Apartment,2,138.0,2024-03-04,2024-04-15,Sold,1930000.0,1832000.0
L100664,Menlo Park,House,4,291.0,2024-03-04,2024-04-04,Sold,6267000.0,6148000.0
L100472,Waterkloof Ridge,Townhouse,4,227.0,2024-03-04,2024-04-23,Sold,6076000.0,6076000.0
L105935,Faerie Glen,Apartment,2,81.0,2024-03-04,2024-04-22,Sold,1214000.0,1087000.0
L100003,Centurion,House,2,156.0,2024-03-05,2024-03-09,Sold,3005000.0,2888000.0
L101304,Bryanston,House,6,380.0,2024-03-05,2024-03-18,Sold,10192000.0,10192000.0
L104114,Rooihuiskraal,House,2,145.0,2024-03-05,,Withdrawn,2663000.0,
L100782,Lynnwood,Apartment,1,63.0,2024-03-05,,Withdrawn,1108000.0,
L102355,Rooihuiskraal,Apartment,2,115.0,2024-03-05,,Withdrawn,1487000.0,
L102387,Waterkloof,Apartment,1,42.0,2024-03-06,2024-03-26,Sold,1036000.0,1036000.0
L101995,Rooihuiskraal,House,2,236.0,2024-03-06,2024-04-25,Sold,3772000.0,3646000.0
L101306,Irene,House,4,,2024-03-06,2024-04-02,Sold,4018000.0,3794000.0
L102451,Centurion,House,5,371.0,2024-03-06,2024-04-01,Sold,6683000.0,6491000.0
L103424,Groenkloof,Apartment,1,79.0,2024-03-06,2024-04-03,Sold,1712000.0,1712000.0
L100732,Waterkloof Ridge,Apartment,1,106.0,2024-03-07,,Withdrawn,2695000.0,
L105460,Centurion,House,6,678.0,2024-03-07,2024-04-09,Sold,10265000.0,10161000.0
L103732,Irene,Townhouse,3,118.0,2024-03-07,2024-04-21,Sold,2007000.0,1902000.0
L101936,Lynnwood,House,5,310.0,2024-03-07,2024-04-20,Sold,6693000.0,6342000.0
L105639,Irene,Townhouse,2,166.0,2024-03-07,2024-03-27,Sold,2901000.0,2705000.0
L104155,Waterkloof,House,5,344.0,2024-03-07,2024-04-04,Sold,8445000.0,8330000.0
L100781,Sandton,House,,479.0,2024-03-08,2024-06-10,Sold,15139000.0,15139000.0
L100490,Centurion,House,4,206.0,2024-03-08,2024-05-14,Sold,3912000.0,3818000.0
L104770,Centurion,House,3,,2024-03-09,2024-04-26,Sold,2992000.0,2970000.0
L102173,Groenkloof,House,4,232.0,2024-03-09,2024-05-02,Sold,4664000.0,4619000.0
L103024,Menlo Park,Apartment,3,136.0,2024-03-09,2024-05-20,Sold,2246000.0,2140000.0
L102302,Lynnwood,House,5,336.0,2024-03-10,2024-04-04,Sold,6278000.0,6257000.0
L105783,Bryanston,Apartment,2,86.0,2024-03-10,2024-04-08,Sold,2025000.0,2021000.0
L104574,Bryanston,Apartment,1,129.0,2024-03-10,2024-03-26,Sold,3560000.0,3288000.0
L100113,Irene,Townhouse,2,141.0,2024-03-11,2024-03-28,Sold,2508000.0,2476000.0
L105493,Menlo Park,House,4,298.0,2024-03-11,2024-06-24,Sold,6584000.0,6361000.0
L103741,Groenkloof,House,2,221.0,2024-03-12,2024-05-22,Sold,4342000.0,4161000.0
L105073,Faerie Glen,House,2,122.0,2024-03-12,,Withdrawn,1910000.0,
L100620,Rooihuiskraal,Apartment,1,81.0,2024-03-12,2024-05-26,Sold,1160000.0,1126000.0
L103132,Waterkloof Ridge,House,3,169.0,2024-03-12,2024-03-18,Sold,4162000.0,4160000.0
L105204,Groenkloof,House,,278.0,2024-03-12,,Withdrawn,6067000.0,
L105296,Sandton,Apartment,1,70.0,2024-03-12,2024-05-10,Sold,1900000.0,1818000.0
L105233,Lynnwood,Apartment,1,63.0,2024-03-12,2024-04-17,Sold,1239000.0,1228000.0
L101656,Brooklyn,Apartment,1,69.0,2024-03-12,2024-03-28,Sold,1541000.0,1512000.0
L104459,Bryanston,Apartment,2,112.0,2024-03-13,2024-03-30,Sold,3119000.0,3119000.0
L103910,Faerie Glen,House,2,195.0,2024-03-13,,Withdrawn,3730000.0,
L103476,Bryanston,House,4,249.0,2024-03-13,2024-04-09,Sold,6790000.0,6790000.0
L103916,Faerie Glen,Apartment,1,55.0,2024-03-13,2024-04-14,Sold,941000.0,891000.0
L100958,Faerie Glen,House,5,287.0,2024-03-13,2024-04-18,Sold,4451000.0,4451000.0
L102521,Irene,House,4,271.0,2024-03-14,,Withdrawn,5055000.0,
L102436,Irene,House,4,207.0,2024-03-14,2024-04-12,Sold,4057000.0,3770000.0
L102805,Brooklyn,House,3,162.0,2024-03-14,2024-04-07,Sold,3304000.0,3304000.0
L103707,Centurion,Townhouse,2,188.0,2024-03-15,2024-04-18,Sold,3520000.0,3458000.0
L105554,Centurion,Apartment,1,58.0,2024-03-15,2024-04-03,Sold,932000.0,932000.0
L105322,Bryanston,House,6,516.0,2024-03-15,2024-04-29,Sold,16159000.0,15074000.0
L103626,Bryanston,House,4,327.0,2024-03-15,2024-04-11,Sold,9476000.0,9092000.0
L105953,Waterkloof,Townhouse,1,115.0,2024-03-15,2024-05-14,Sold,2184000.0,2116000.0
L103656,Groenkloof,House,3,,2024-03-16,2024-04-25,Sold,4539000.0,4524000.0
L100647,Faerie Glen,House,5,364.0,2024-03-16,2024-06-10,Sold,5803000.0,5572000.0
L104440,Waterkloof,House,2,169.0,2024-03-16,2024-04-01,Sold,4331000.0,4195000.0
L100456,Sandton,House,3,198.0,2024-03-16,2024-04-07,Sold,7387000.0,7124000.0
L101749,Lynnwood,Apartment,1,42.0,2024-03-16,2024-04-02,Sold,829000.0,772000.0
L103987,Lynnwood,Apartment,1,100.0,2024-03-16,2024-04-20,Sold,1747000.0,1747000.0
L102209,Waterkloof Ridge,Townhouse,1,101.0,2024-03-17,2024-05-11,Sold,2890000.0,2890000.0
L105826,Centurion,House,3,158.0,2024-03-17,2024-04-02,Sold,3336000.0,3328000.0
L105526,Brooklyn,House,6,452.0,2024-03-18,2024-05-04,Sold,8305000.0,8114000.0
L105650,Bryanston,House,4,217.0,2024-03-18,2024-04-21,Sold,5647000.0,5473000.0
L101864,Centurion,Apartment,1,82.0,2024-03-18,2024-05-01,Sold,1337000.0,1323000.0
L105505,Menlo Park,House,2,184.0,2024-03-18,2024-05-05,Sold,4121000.0,4012000.0
L100145,Brooklyn,Apartment,2,114.0,2024-03-19,2024-04-15,Sold,2328000.0,2314000.0
L104595,Sandton,House,2,149.0,2024-03-19,2024-05-25,Sold,4595000.0,4595000.0
L103819,Bryanston,Townhouse,3,213.0,2024-03-19,2024-04-11,Sold,5995000.0,5995000.0
L104132,Lynnwood,House,3,170.0,2024-03-19,2024-03-30,Sold,3867000.0,3763000.0
L104476,Faerie Glen,House,2,,2024-03-20,2024-05-15,Sold,3744000.0,3657000.0
L104293,Irene,House,4,301.0,2024-03-20,2024-03-30,Sold,5107000.0,5048000.0
L101187,Sandton,House,2,199.0,2024-03-20,2024-04-14,Sold,5717000.0,5555000.0
L100772,Irene,House,5,318.0,2024-03-20,,Withdrawn,6000000.0,
L104331,Sandton,Apartment,,30.0,2024-03-21,2024-04-27,Sold,809000.0,786000.0
L101100,Waterkloof,House,3,199.0,2024-03-21,2024-04-19,Sold,5591000.0,5319000.0
L104037,Bryanston,Apartment,1,91.0,2024-03-21,2024-04-15,Sold,2563000.0,2555000.0
L103826,Brooklyn,Townhouse,3,220.0,2024-03-21,2024-05-06,Sold,4317000.0,4003000.0
L105230,Rooihuiskraal,House,3,217.0,2024-03-22,2024-05-22,Sold,3463000.0,3338000.0
L100631,Bryanston,House,2,159.0,2024-03-22,2024-04-25,Sold,4389000.0,4380000.0
L102053,Bryanston,Apartment,1,69.0,2024-03-22,2024-04-05,Sold,1742000.0,1675000.0
L102748,Faerie Glen,Apartment,1,40.0,2024-03-23,2024-05-04,Sold,646000.0,634000.0
L103064,Menlo Park,House,4,153.0,2024-03-23,2024-05-25,Sold,3464000.0,3361000.0
L103021,Centurion,Townhouse,4,220.0,2024-03-23,2024-06-22,Sold,4414000.0,4320000.0
L101939,Waterkloof,Apartment,1,68.0,2024-03-24,2024-05-07,Sold,1901000.0,1852000.0
L103551,Faerie Glen,House,4,262.0,2024-03-24,2024-04-30,Sold,4012000.0,4012000.0
L103023,Irene,House,5,387.0,2024-03-24,2024-05-06,Sold,7514000.0,7440000.0
L105911,Waterkloof Ridge,Apartment,1,68.0,2024-03-24,2024-04-19,Sold,1560000.0,1508000.0
L102905,Centurion,House,6,545.0,2024-03-25,2024-06-22,Sold,11449000.0,10727000.0
L103412,Faerie Glen,House,3,237.0,2024-03-25,2024-04-29,Sold,4172000.0,3880000.0
L104051,Centurion,House,4,233.0,2024-03-25,2024-05-02,Sold,4017000.0,4017000.0
L103618,Menlo Park,Apartment,1,80.0,2024-03-25,2024-05-10,Sold,1478000.0,1464000.0
L103161,Sandton,Apartment,1,98.0,2024-03-26,,Withdrawn,3085000.0,
L103475,Lynnwood,Townhouse,2,126.0,2024-03-26,2024-04-14,Sold,2548000.0,2413000.0
L101631,Bryanston,Apartment,2,156.0,2024-03-26,,Withdrawn,3821000.0,
L104608,Waterkloof Ridge,Townhouse,1,140.0,2024-03-26,2024-05-15,Sold,3184000.0,2934000.0
L103675,Bryanston,House,4,314.0,2024-03-27,2024-05-20,Sold,7485000.0,7294000.0
L104619,Faerie Glen,Apartment,1,94.0,2024-03-27,2024-04-30,Sold,1665000.0,1581000.0
L104877,Centurion,House,2,187.0,2024-03-27,2024-04-30,Sold,3281000.0,3103000.0
L105152,Lynnwood,House,4,207.0,2024-03-27,2024-04-10,Sold,3912000.0,3742000.0
L104078,Groenkloof,Apartment,1,116.0,2024-03-28,2024-05-11,Sold,2327000.0,2236000.0
L100950,Faerie Glen,Apartment,1,84.0,2024-03-28,2024-04-11,Sold,1422000.0,1373000.0
L104579,Waterkloof,House,2,227.0,2024-03-28,2024-04-06,Sold,5667000.0,5428000.0
L100580,Faerie Glen,Apartment,2,145.0,2024-03-28,2024-05-24,Sold,2097000.0,2005000.0
L105807,Bryanston,House,,232.0,2024-03-29,2024-05-02,Sold,6516000.0,6258000.0
L103926,Faerie Glen,Apartment,1,83.0,2024-03-30,2024-07-09,Sold,1438000.0,1357000.0
L101661,Centurion,Townhouse,2,158.0,2024-03-30,2024-04-24,Sold,2993000.0,2937000.0
L103474,Faerie Glen,House,6,310.0,2024-03-31,2024-04-28,Sold,5453000.0,5237000.0
L102274,Bryanston,House,4,241.0,2024-03-31,2024-06-04,Sold,5673000.0,5559000.0
L103144,Bryanston,House,4,278.0,2024-03-31,2024-06-02,Sold,7891000.0,7876000.0
L100795,Menlo Park,Apartment,2,78.0,2024-03-31,2024-04-27,Sold,1645000.0,1618000.0
L103530,Waterkloof,House,2,220.0,2024-03-31,2024-05-07,Sold,6678000.0,6480000.0
L102389,Waterkloof,Apartment,2,119.0,2024-03-31,2024-04-27,Sold,2441000.0,2423000.0
L100126,Menlo Park,House,2,178.0,2024-03-31,2024-04-07,Sold,4375000.0,4056000.0
L102236,Waterkloof Ridge,Townhouse,2,138.0,2024-04-01,2024-05-10,Sold,4044000.0,4044000.0
L101065,Sandton,Apartment,1,70.0,2024-04-01,2024-05-21,Sold,2185000.0,2172000.0
L105370,Waterkloof Ridge,House,3,165.0,2024-04-01,2024-05-18,Sold,5259000.0,5259000.0
L105656,Sandton,House,4,289.0,2024-04-01,2024-05-10,Sold,9792000.0,9595000.0
L100791,Lynnwood,House,2,196.0,2024-04-02,2024-04-19,Sold,4268000.0,4070000.0
L101103,Bryanston,House,3,302.0,2024-04-02,2024-06-02,Sold,10027000.0,9803000.0
L103127,Waterkloof Ridge,Apartment,2,50.0,2024-04-02,,Withdrawn,1352000.0,
L104167,Lynnwood,Apartment,1,56.0,2024-04-02,2024-04-18,Sold,1079000.0,1074000.0
L100611,Centurion,House,3,260.0,2024-04-02,2024-05-24,Sold,5386000.0,5040000.0
L103690,Waterkloof,House,5,382.0,2024-04-02,2024-04-27,Sold,10576000.0,10147000.0
L101914,Groenkloof,Townhouse,5,269.0,2024-04-02,2024-05-22,Sold,5406000.0,5359000.0
L104115,Brooklyn,House,3,185.0,2024-04-02,2024-06-01,Sold,4474000.0,4209000.0
L104726,Rooihuiskraal,Apartment,1,67.0,2024-04-02,2024-07-31,Sold,978000.0,976000.0
L102474,Menlo Park,House,3,215.0,2024-04-03,2024-05-25,Sold,4706000.0,4541000.0
L105521,Brooklyn,House,4,230.0,2024-04-03,2024-05-03,Sold,4937000.0,4928000.0
L103336,Faerie Glen,House,3,254.0,2024-04-03,2024-06-06,Sold,3763000.0,3763000.0
L102080,Lynnwood,House,4,309.0,2024-04-03,2024-06-05,Sold,5161000.0,4844000.0
L104033,Faerie Glen,House,6,431.0,2024-04-03,,Withdrawn,7153000.0,
L103971,Waterkloof Ridge,House,3,188.0,2024-04-03,,Withdrawn,4329000.0,
L105494,Bryanston,Apartment,1,,2024-04-03,2024-06-03,Sold,2859000.0,2786000.0
L103535,Rooihuiskraal,House,2,137.0,2024-04-03,2024-04-23,Sold,2225000.0,2094000.0
L105646,Irene,Apartment,1,93.0,2024-04-04,2024-05-04,Sold,1319000.0,1285000.0
L104102,Faerie Glen,Townhouse,2,135.0,2024-04-05,2024-05-10,Sold,2763000.0,2614000.0
L104047,Brooklyn,House,4,341.0,2024-04-05,2024-06-29,Sold,7502000.0,7372000.0
L100994,Sandton,Apartment,2,150.0,2024-04-05,2024-06-19,Sold,3965000.0,3934000.0
L104817,Faerie Glen,Apartment,2,106.0,2024-04-05,2024-05-05,Sold,1552000.0,1488000.0
L102729,Bryanston,House,4,293.0,2024-04-05,2024-05-14,Sold,9262000.0,8982000.0
L102671,Lynnwood,House,4,309.0,2024-04-06,2024-05-05,Sold,6769000.0,6291000.0
L100642,Waterkloof,House,3,,2024-04-06,2024-05-30,Sold,5440000.0,5177000.0
L100952,Brooklyn,House,4,243.0,2024-04-06,2024-04-18,Sold,5075000.0,4952000.0
L105645,Brooklyn,House,2,175.0,2024-04-06,2024-05-06,Sold,4256000.0,4105000.0
L103734,Groenkloof,House,4,239.0,2024-04-06,2024-05-27,Sold,4327000.0,4327000.0
L101991,Centurion,Townhouse,2,172.0,2024-04-06,2024-05-02,Sold,3413000.0,3412000.0
L105034,Irene,Apartment,1,101.0,2024-04-07,2024-05-05,Sold,1635000.0,1573000.0
L104191,Centurion,House,2,223.0,2024-04-07,2024-05-17,Sold,3922000.0,3727000.0
L101236,Groenkloof,House,3,193.0,2024-04-07,2024-06-06,Sold,3558000.0,3558000.0
L100359,Irene,House,2,170.0,2024-04-07,2024-05-19,Sold,2818000.0,2622000.0
L100100,Sandton,Apartment,1,44.0,2024-04-07,2024-06-13,Sold,1521000.0,1477000.0
L103989,Sandton,House,5,396.0,2024-04-08,2024-05-01,Sold,13892000.0,13450000.0
L100771,Irene,Apartment,1,89.0,2024-04-08,2024-05-09,Sold,1491000.0,1374000.0
L101517,Sandton,Apartment,1,56.0,2024-04-08,2024-04-28,Sold,1634000.0,1588000.0
L102199,Centurion,House,6,467.0,2024-04-08,2024-04-24,Sold,10103000.0,10068000.0
L104127,Lynnwood,Townhouse,2,155.0,2024-04-08,2024-04-17,Sold,3170000.0,3170000.0
L103307,Waterkloof,Townhouse,2,153.0,2024-04-08,2024-04-30,Sold,3356000.0,3303000.0
L103820,Rooihuiskraal,Apartment,1,89.0,2024-04-08,,Withdrawn,1323000.0,
L101456,Brooklyn,Apartment,2,46.0,2024-04-09,2024-05-07,Sold,1136000.0,1124000.0
L101409,Centurion,House,4,322.0,2024-04-09,2024-05-30,Sold,6547000.0,6234000.0
L100095,Centurion,House,,432.0,2024-04-09,2024-05-16,Sold,9320000.0,9032000.0
L100387,Sandton,House,3,195.0,2024-04-09,2024-05-11,Sold,7013000.0,6860000.0
L100233,Irene,House,,144.0,2024-04-09,2024-06-06,Sold,3380000.0,3193000.0
L104184,Sandton,House,6,276.0,2024-04-09,2024-06-06,Sold,11140000.0,11140000.0
L102107,Sandton,Apartment,2,87.0,2024-04-10,2024-05-18,Sold,2610000.0,2558000.0
L105845,Bryanston,House,4,276.0,2024-04-10,2024-05-27,Sold,8598000.0,8225000.0
L104158,Lynnwood,House,4,270.0,2024-04-11,2024-04-27,Sold,5569000.0,5455000.0
L103468,Menlo Park,Apartment,2,139.0,2024-04-11,2024-04-25,Sold,2614000.0,2497000.0
L102478,Menlo Park,House,3,184.0,2024-04-11,2024-05-01,Sold,4214000.0,3991000.0
L101136,Lynnwood,House,1,81.0,2024-04-11,2024-06-28,Sold,1691000.0,1602000.0
L104120,Sandton,House,6,340.0,2024-04-12,2024-05-16,Sold,13640000.0,12641000.0
L104217,Waterkloof,House,2,151.0,2024-04-12,2024-04-26,Sold,4305000.0,4032000.0
L100281,Groenkloof,House,5,435.0,2024-04-12,2024-06-17,Sold,8649000.0,8649000.0
L102444,Faerie Glen,Apartment,1,89.0,2024-04-13,2024-05-03,Sold,1430000.0,1430000.0
L103427,Bryanston,House,6,364.0,2024-04-13,2024-05-27,Sold,11385000.0,11094000.0
L102324,Brooklyn,Apartment,1,70.0,2024-04-13,2024-05-20,Sold,1541000.0,1541000.0
L102841,Lynnwood,House,3,137.0,2024-04-13,2024-05-27,Sold,3018000.0,2950000.0
L100418,Groenkloof,Apartment,1,104.0,2024-04-13,2024-05-02,Sold,2369000.0,2336000.0
L102001,Lynnwood,Townhouse,2,151.0,2024-04-13,2024-05-11,Sold,2894000.0,2852000.0
L102245,Groenkloof,House,4,262.0,2024-04-13,2024-05-17,Sold,4920000.0,4857000.0
L105786,Bryanston,Apartment,1,65.0,2024-04-14,2024-05-07,Sold,1491000.0,1491000.0
L103137,Waterkloof,Apartment,1,,2024-04-14,2024-06-27,Sold,2361000.0,2361000.0
L104687,Lynnwood,Apartment,1,77.0,2024-04-14,2024-04-22,Sold,1387000.0,1337000.0
L101750,Centurion,Apartment,1,90.0,2024-04-15,2024-05-27,Sold,1274000.0,1260000.0
L104646,Sandton,House,4,296.0,2024-04-15,2024-05-09,Sold,12416000.0,12296000.0
L100528,Rooihuiskraal,House,3,130.0,2024-04-15,2024-05-07,Sold,1837000.0,1754000.0
L100193,Bryanston,House,6,572.0,2024-04-15,2024-04-27,Sold,20790000.0,20200000.0
L103692,Waterkloof Ridge,Apartment,1,63.0,2024-04-15,2024-05-31,Sold,1633000.0,1591000.0
L100708,Lynnwood,Apartment,1,92.0,2024-04-16,2024-05-30,Sold,2128000.0,2000000.0
L100289,Waterkloof Ridge,Townhouse,2,184.0,2024-04-16,2024-06-24,Sold,5303000.0,5140000.0
L104691,Brooklyn,House,6,448.0,2024-04-16,2024-04-27,Sold,9714000.0,9714000.0
L105680,Bryanston,House,3,188.0,2024-04-16,2024-04-28,Sold,4787000.0,4606000.0
L102037,Waterkloof,House,3,223.0,2024-04-17,2024-06-02,Sold,5467000.0,5144000.0
L104584,Centurion,House,4,260.0,2024-04-17,,Withdrawn,6106000.0,
L100440,Bryanston,House,2,196.0,2024-04-17,2024-05-09,Sold,5697000.0,5470000.0
L101901,Waterkloof,Apartment,1,63.0,2024-04-17,2024-06-19,Sold,1437000.0,1437000.0
L100117,Centurion,House,3,206.0,2024-04-17,2024-06-03,Sold,3550000.0,3476000.0
L103793,Groenkloof,House,4,307.0,2024-04-17,2024-07-13,Sold,7107000.0,6779000.0
L100371,Brooklyn,House,1,167.0,2024-04-18,2024-05-18,Sold,3903000.0,3808000.0
L103915,Brooklyn,House,3,181.0,2024-04-18,2024-05-19,Sold,3829000.0,3829000.0
L104464,Groenkloof,House,6,544.0,2024-04-18,2024-07-04,Sold,10275000.0,10155000.0
L102427,Centurion,House,5,261.0,2024-04-18,2024-05-06,Sold,4754000.0,4499000.0
L101985,Sandton,House,3,183.0,2024-04-18,2024-05-30,Sold,5284000.0,5261000.0
L101099,Groenkloof,House,3,186.0,2024-04-19,2024-05-10,Sold,4096000.0,3836000.0
L103797,Rooihuiskraal,House,3,217.0,2024-04-19,2024-06-28,Sold,3362000.0,3216000.0
L105790,Bryanston,Apartment,1,98.0,2024-04-19,,Withdrawn,3003000.0,
L100995,Lynnwood,Apartment,1,76.0,2024-04-19,2024-05-22,Sold,1658000.0,1595000.0
L100191,Brooklyn,House,5,,2024-04-19,2024-05-10,Sold,8477000.0,8210000.0
L102858,Centurion,House,4,236.0,2024-04-19,2024-06-08,Sold,4796000.0,4436000.0
L102189,Sandton,Apartment,1,42.0,2024-04-19,2024-04-24,Sold,1461000.0,1425000.0
L100241,Rooihuiskraal,House,4,235.0,2024-04-20,2024-07-18,Sold,4566000.0,4325000.0
L104061,Centurion,House,4,277.0,2024-04-20,2024-05-16,Sold,4881000.0,4853000.0
L101562,Bryanston,House,5,368.0,2024-04-20,2024-05-18,Sold,13879000.0,13879000.0
L102413,Faerie Glen,House,3,238.0,2024-04-20,2024-06-09,Sold,3832000.0,3826000.0
L100029,Centurion,House,5,366.0,2024-04-20,2024-08-18,Sold,7198000.0,7079000.0
L102795,Irene,Apartment,1,68.0,2024-04-20,2024-05-10,Sold,1096000.0,1063000.0
L103595,Sandton,House,3,175.0,2024-04-20,2024-07-02,Sold,6004000.0,5889000.0
L102818,Lynnwood,Apartment,1,77.0,2024-04-20,2024-06-01,Sold,1314000.0,1288000.0
L100159,Rooihuiskraal,Townhouse,2,131.0,2024-04-21,2024-07-14,Sold,1698000.0,1592000.0
L102960,Rooihuiskraal,House,3,224.0,2024-04-21,2024-06-30,Sold,4106000.0,3940000.0
L104018,Waterkloof,House,4,180.0,2024-04-21,2024-05-23,Sold,4891000.0,4687000.0
L100187,Waterkloof Ridge,House,3,193.0,2024-04-21,2024-05-31,Sold,5588000.0,5483000.0
L103377,Sandton,House,4,253.0,2024-04-22,2024-06-06,Sold,8586000.0,7627000.0
L103148,Bryanston,House,4,265.0,2024-04-22,2024-06-21,Sold,7547000.0,7173000.0
L101464,Centurion,Townhouse,1,123.0,2024-04-22,2024-08-10,Sold,1928000.0,1790000.0
L101199,Centurion,Apartment,,99.0,2024-04-22,2024-07-07,Sold,1793000.0,1777000.0
L103464,Rooihuiskraal,Townhouse,3,124.0,2024-04-22,2024-07-17,Sold,2009000.0,1936000.0
L103514,Sandton,House,3,171.0,2024-04-23,2024-05-19,Sold,6266000.0,6266000.0
L105369,Menlo Park,Apartment,2,,2024-04-23,2024-05-29,Sold,1212000.0,1148000.0
L104124,Sandton,House,,,2024-04-23,2024-06-28,Sold,6717000.0,6717000.0
L100526,Sandton,House,2,199.0,2024-04-23,2024-06-04,Sold,7658000.0,7645000.0
L102969,Groenkloof,House,5,302.0,2024-04-24,2024-08-22,Sold,6287000.0,6161000.0
L101943,Groenkloof,House,3,172.0,2024-04-24,2024-06-26,Sold,3388000.0,3252000.0
L104151,Faerie Glen,Townhouse,3,161.0,2024-04-24,2024-06-17,Sold,2947000.0,2900000.0
L101318,Centurion,House,4,265.0,2024-04-24,2024-06-14,Sold,5867000.0,5867000.0
L101969,Faerie Glen,House,5,332.0,2024-04-24,2024-05-12,Sold,6267000.0,6267000.0
L101902,Bryanston,Townhouse,3,226.0,2024-04-25,2024-06-14,Sold,6591000.0,6437000.0
L103742,Bryanston,Apartment,1,63.0,2024-04-25,2024-06-19,Sold,1619000.0,1619000.0
L103217,Waterkloof,Townhouse,2,143.0,2024-04-25,2024-05-29,Sold,3069000.0,3069000.0
L104974,Irene,Apartment,2,83.0,2024-04-25,2024-05-31,Sold,1364000.0,1339000.0
L103543,Brooklyn,House,3,173.0,2024-04-25,2024-05-03,Sold,3993000.0,3953000.0
L101751,Groenkloof,House,5,306.0,2024-04-26,2024-05-16,Sold,6447000.0,6215000.0
L100807,Groenkloof,Townhouse,1,117.0,2024-04-26,2024-05-10,Sold,2647000.0,2647000.0
L105344,Brooklyn,Apartment,1,77.0,2024-04-26,2024-06-13,Sold,1690000.0,1636000.0
L100649,Waterkloof,House,2,130.0,2024-04-27,2024-05-22,Sold,3564000.0,3460000.0
L100550,Lynnwood,Apartment,1,79.0,2024-04-27,2024-05-30,Sold,1432000.0,1390000.0
L102835,Centurion,House,3,219.0,2024-04-27,2024-06-26,Sold,3995000.0,3995000.0
L104109,Faerie Glen,House,6,427.0,2024-04-27,2024-06-13,Sold,6797000.0,6393000.0
L103014,Brooklyn,Townhouse,3,164.0,2024-04-27,,Withdrawn,3749000.0,
L105671,Bryanston,Apartment,1,84.0,2024-04-27,2024-05-19,Sold,2047000.0,1929000.0
L102305,Menlo Park,House,3,188.0,2024-04-27,2024-06-25,Sold,4576000.0,4424000.0
L101862,Sandton,House,5,393.0,2024-04-28,2024-06-06,Sold,11798000.0,11701000.0
L101437,Faerie Glen,House,3,205.0,2024-04-28,2024-06-06,Sold,3498000.0,3354000.0
L102885,Brooklyn,House,,271.0,2024-04-28,2024-05-04,Sold,6488000.0,6004000.0
L102038,Irene,House,3,240.0,2024-04-28,,Withdrawn,4198000.0,
L103853,Lynnwood,House,4,229.0,2024-04-28,2024-06-02,Sold,4935000.0,4935000.0
L103822,Faerie Glen,House,4,278.0,2024-04-29,2024-06-07,Sold,4350000.0,4243000.0
L101538,Bryanston,House,5,345.0,2024-04-29,2024-05-24,Sold,9613000.0,9486000.0
L103318,Waterkloof,Apartment,2,94.0,2024-04-29,2024-07-08,Sold,2119000.0,2119000.0
L104857,Centurion,Apartment,,91.0,2024-04-29,2024-07-05,Sold,1830000.0,1722000.0
L102019,Menlo Park,Apartment,1,94.0,2024-04-30,,Withdrawn,1866000.0,
L100014,Lynnwood,House,3,183.0,2024-04-30,2024-06-20,Sold,4440000.0,4315000.0
L103561,Faerie Glen,House,2,140.0,2024-04-30,,Withdrawn,2170000.0,
L101244,Menlo Park,House,1,206.0,2024-05-01,2024-05-30,Sold,3986000.0,3906000.0
L102088,Centurion,House,2,174.0,2024-05-01,2024-08-14,Sold,3379000.0,3250000.0
L104926,Groenkloof,Apartment,2,67.0,2024-05-01,2024-07-07,Sold,1366000.0,1366000.0
L103526,Waterkloof Ridge,House,4,317.0,2024-05-01,2024-06-04,Sold,8737000.0,8719000.0
L101041,Centurion,House,5,,2024-05-01,2024-08-03,Sold,5473000.0,5259000.0
L101168,Bryanston,House,2,,2024-05-01,2024-06-23,Sold,3299000.0,3077000.0
L103234,Groenkloof,House,6,377.0,2024-05-01,2024-05-29,Sold,8063000.0,8063000.0
L104245,Brooklyn,Apartment,1,114.0,2024-05-01,2024-07-16,Sold,2872000.0,2722000.0
L103112,Centurion,House,5,364.0,2024-05-02,2024-06-01,Sold,6742000.0,6636000.0
L104774,Waterkloof,House,3,256.0,2024-05-02,2024-05-16,Sold,6375000.0,6375000.0
L102117,Waterkloof,House,4,302.0,2024-05-02,2024-06-17,Sold,7412000.0,7099000.0
L102987,Faerie Glen,Townhouse,2,165.0,2024-05-02,2024-07-18,Sold,2874000.0,2808000.0
L104908,Centurion,Apartment,3,164.0,2024-05-03,2024-06-01,Sold,3222000.0,3222000.0
L100915,Sandton,Townhouse,4,217.0,2024-05-03,,Withdrawn,6201000.0,
L101151,Bryanston,Apartment,1,54.0,2024-05-03,2024-06-07,Sold,1390000.0,1255000.0
L105827,Brooklyn,House,2,182.0,2024-05-04,2024-05-30,Sold,3786000.0,3709000.0
L104229,Brooklyn,House,2,222.0,2024-05-04,2024-06-20,Sold,4257000.0,4257000.0
L104528,Brooklyn,House,5,,2024-05-04,2024-06-04,Sold,10693000.0,10354000.0
L101426,Waterkloof,Townhouse,2,164.0,2024-05-04,2024-06-05,Sold,3973000.0,3727000.0
L104949,Centurion,House,4,302.0,2024-05-04,2024-07-05,Sold,5022000.0,4953000.0
L104572,Groenkloof,House,3,175.0,2024-05-04,2024-07-28,Sold,3780000.0,3622000.0
L105803,Irene,Apartment,1,80.0,2024-05-04,2024-06-10,Sold,1518000.0,1410000.0
L102060,Sandton,Apartment,1,84.0,2024-05-05,2024-05-25,Sold,2511000.0,2397000.0
L101096,Groenkloof,House,3,232.0,2024-05-05,2024-05-26,Sold,6713000.0,6529000.0
L102718,Waterkloof,House,3,194.0,2024-05-05,,Withdrawn,5430000.0,
L104288,Sandton,House,2,113.0,2024-05-05,2024-06-04,Sold,3439000.0,3335000.0
L104170,Sandton,House,6,325.0,2024-05-05,2024-05-30,Sold,9048000.0,8391000.0
L104549,Brooklyn,House,5,,2024-05-05,2024-05-23,Sold,7007000.0,7007000.0
L101748,Lynnwood,House,4,302.0,2024-05-05,2024-05-12,Sold,6152000.0,5877000.0
L101176,Lynnwood,House,,,2024-05-05,2024-07-08,Sold,3258000.0,3258000.0
L104309,Irene,House,4,,2024-05-05,2024-05-30,Sold,4723000.0,4607000.0
L105938,Centurion,House,3,214.0,2024-05-05,2024-06-14,Sold,3356000.0,3148000.0
L102733,Menlo Park,House,3,,2024-05-05,2024-06-03,Sold,6592000.0,6592000.0
L102889,Waterkloof Ridge,House,3,236.0,2024-05-05,2024-05-30,Sold,7565000.0,6943000.0
L102289,Brooklyn,House,3,228.0,2024-05-05,2024-06-15,Sold,4986000.0,4883000.0
L104868,Lynnwood,Apartment,2,80.0,2024-05-06,2024-05-23,Sold,1836000.0,1650000.0
L104845,Brooklyn,Townhouse,1,128.0,2024-05-07,2024-05-27,Sold,3102000.0,3083000.0
L105744,Centurion,House,4,217.0,2024-05-07,2024-06-05,Sold,3869000.0,3807000.0
L100206,Waterkloof Ridge,House,3,246.0,2024-05-07,2024-06-15,Sold,7456000.0,7456000.0
L104258,Sandton,House,5,423.0,2024-05-07,2024-05-29,Sold,11821000.0,10872000.0
L100428,Waterkloof,House,2,218.0,2024-05-07,2024-06-05,Sold,6249000.0,6048000.0
L103610,Centurion,Townhouse,4,228.0,2024-05-07,2024-06-09,Sold,4468000.0,4299000.0
L101519,Groenkloof,House,6,,2024-05-07,2024-06-09,Sold,8628000.0,8257000.0
L104972,Menlo Park,Townhouse,3,235.0,2024-05-08,2024-05-30,Sold,6066000.0,5873000.0
L101915,Groenkloof,Townhouse,3,185.0,2024-05-08,2024-05-31,Sold,4208000.0,4046000.0
L101497,Centurion,House,4,265.0,2024-05-08,2024-06-05,Sold,4803000.0,4756000.0
L101006,Sandton,Apartment,3,160.0,2024-05-08,2024-06-01,Sold,5136000.0,5064000.0
L103285,Centurion,House,,206.0,2024-05-08,2024-06-11,Sold,4472000.0,4422000.0
L100352,Irene,Apartment,1,83.0,2024-05-09,2024-08-20,Sold,1347000.0,1289000.0
L102162,Lynnwood,House,3,159.0,2024-05-09,2024-07-08,Sold,3496000.0,3436000.0
L102505,Waterkloof,House,3,207.0,2024-05-09,2024-06-24,Sold,5800000.0,5800000.0
L105823,Groenkloof,Apartment,1,59.0,2024-05-09,2024-06-10,Sold,1158000.0,1121000.0
L105237,Waterkloof Ridge,Apartment,2,127.0,2024-05-09,2024-06-03,Sold,3480000.0,3288000.0
L104775,Waterkloof,House,5,293.0,2024-05-09,2024-06-12,Sold,8256000.0,8192000.0
L102726,Rooihuiskraal,Townhouse,2,187.0,2024-05-10,2024-06-05,Sold,2640000.0,2561000.0
L105770,Rooihuiskraal,House,4,235.0,2024-05-10,2024-06-20,Sold,3181000.0,2924000.0
L101452,Bryanston,House,2,125.0,2024-05-10,2024-06-16,Sold,3790000.0,3790000.0
L104798,Bryanston,Townhouse,3,,2024-05-11,2024-06-23,Sold,3959000.0,3860000.0
L102310,Sandton,Townhouse,2,128.0,2024-05-11,2024-05-26,Sold,3972000.0,3807000.0
L101798,Faerie Glen,House,3,209.0,2024-05-11,2024-07-06,Sold,3888000.0,3716000.0
L104364,Centurion,House,3,226.0,2024-05-11,2024-07-07,Sold,4940000.0,4897000.0
L100293,Waterkloof Ridge,Townhouse,2,127.0,2024-05-11,2024-06-07,Sold,3785000.0,3425000.0
L105852,Waterkloof,House,3,223.0,2024-05-12,2024-06-25,Sold,6039000.0,5951000.0
L101111,Lynnwood,Apartment,2,109.0,2024-05-12,2024-05-24,Sold,2853000.0,2826000.0
L102399,Faerie Glen,Apartment,2,80.0,2024-05-12,2024-06-18,Sold,1275000.0,1238000.0
L100388,Waterkloof Ridge,Townhouse,1,118.0,2024-05-13,,Withdrawn,2594000.0,
L104495,Menlo Park,Apartment,1,117.0,2024-05-13,2024-06-13,Sold,2485000.0,2393000.0
L105630,Lynnwood,Apartment,3,147.0,2024-05-14,2024-06-29,Sold,2595000.0,2595000.0
L101683,Brooklyn,Apartment,2,88.0,2024-05-14,2024-06-18,Sold,1538000.0,1529000.0
L103153,Waterkloof Ridge,Townhouse,2,133.0,2024-05-14,2024-07-19,Sold,3020000.0,3012000.0
L100596,Centurion,House,4,268.0,2024-05-14,2024-06-12,Sold,4203000.0,4090000.0
L100590,Sandton,House,4,255.0,2024-05-14,2024-07-04,Sold,9738000.0,9482000.0
L101996,Brooklyn,House,3,202.0,2024-05-15,2024-08-02,Sold,4802000.0,4802000.0
L103327,Bryanston,House,3,188.0,2024-05-15,2024-05-23,Sold,6270000.0,6067000.0
L103657,Lynnwood,House,3,214.0,2024-05-15,2024-05-28,Sold,4556000.0,4524000.0
L100413,Bryanston,Townhouse,2,173.0,2024-05-15,2024-06-30,Sold,4627000.0,4603000.0
L104672,Waterkloof,House,6,387.0,2024-05-15,2024-06-14,Sold,9712000.0,9665000.0
L102205,Irene,House,5,383.0,2024-05-15,2024-05-28,Sold,7360000.0,6543000.0
L103813,Waterkloof,House,3,174.0,2024-05-15,2024-07-10,Sold,4348000.0,4241000.0
L105836,Bryanston,House,2,150.0,2024-05-16,2024-06-16,Sold,4235000.0,3878000.0
L101352,Brooklyn,Townhouse,3,224.0,2024-05-16,2024-06-02,Sold,4774000.0,4721000.0
L101476,Lynnwood,House,4,276.0,2024-05-16,2024-07-09,Sold,7533000.0,7303000.0
L102409,Sandton,Apartment,1,90.0,2024-05-16,2024-06-04,Sold,2762000.0,2647000.0
L100010,Menlo Park,Apartment,2,91.0,2024-05-17,2024-06-02,Sold,1623000.0,1600000.0
L104012,Sandton,House,2,90.0,2024-05-17,2024-07-12,Sold,2561000.0,2471000.0
L104837,Waterkloof,Apartment,1,75.0,2024-05-17,2024-06-23,Sold,1873000.0,1873000.0
L102901,Sandton,Townhouse,2,137.0,2024-05-17,2024-06-04,Sold,4019000.0,4019000.0
L101214,Brooklyn,Apartment,1,90.0,2024-05-17,2024-08-05,Sold,1832000.0,1781000.0
L104517,Brooklyn,Apartment,2,82.0,2024-05-17,2024-06-28,Sold,1635000.0,1605000.0
L100879,Irene,House,3,155.0,2024-05-17,2024-08-12,Sold,2986000.0,2827000.0
L105589,Irene,House,3,282.0,2024-05-18,2024-06-10,Sold,5599000.0,5477000.0
L101172,Brooklyn,Apartment,1,96.0,2024-05-18,2024-06-05,Sold,2284000.0,2264000.0
L105683,Irene,Townhouse,3,166.0,2024-05-18,2024-07-12,Sold,3221000.0,3082000.0
L105859,Brooklyn,House,2,236.0,2024-05-18,2024-06-11,Sold,6688000.0,6656000.0
L100643,Brooklyn,House,2,214.0,2024-05-18,2024-06-06,Sold,4539000.0,4415000.0
L102898,Irene,House,3,217.0,2024-05-19,2024-06-18,Sold,3873000.0,3873000.0
L102313,Groenkloof,House,4,283.0,2024-05-19,2024-06-15,Sold,5157000.0,5015000.0
L104583,Sandton,House,4,259.0,2024-05-19,2024-07-19,Sold,7620000.0,7334000.0
L102221,Lynnwood,Apartment,3,71.0,2024-05-19,2024-07-13,Sold,1350000.0,1311000.0
L101289,Irene,House,3,207.0,2024-05-19,2024-09-16,Sold,3535000.0,3414000.0
L103871,Groenkloof,Apartment,2,112.0,2024-05-19,2024-06-18,Sold,2558000.0,2549000.0
L105789,Lynnwood,House,5,363.0,2024-05-19,,Withdrawn,8141000.0,
L101002,Waterkloof Ridge,Apartment,1,69.0,2024-05-19,,Withdrawn,1881000.0,
L105571,Waterkloof,Townhouse,2,111.0,2024-05-19,2024-07-21,Sold,2426000.0,2399000.0
L102654,Lynnwood,House,5,459.0,2024-05-20,2024-06-16,Sold,9258000.0,8966000.0
L103037,Waterkloof,Apartment,3,168.0,2024-05-20,2024-06-05,Sold,4506000.0,4454000.0
L100062,Irene,House,4,291.0,2024-05-20,2024-07-11,Sold,5865000.0,5742000.0
L103764,Waterkloof,House,6,495.0,2024-05-20,2024-07-03,Sold,13516000.0,13124000.0
L104031,Menlo Park,Apartment,2,122.0,2024-05-20,2024-07-14,Sold,2822000.0,2702000.0
L100205,Brooklyn,Apartment,1,79.0,2024-05-21,2024-08-16,Sold,1578000.0,1578000.0
L100274,Centurion,House,6,342.0,2024-05-21,2024-07-12,Sold,5895000.0,5895000.0
L105128,Sandton,House,,303.0,2024-05-21,2024-06-25,Sold,9027000.0,8337000.0
L101090,Brooklyn,House,3,249.0,2024-05-21,2024-06-12,Sold,6166000.0,5789000.0
L101337,Irene,House,2,202.0,2024-05-21,2024-07-15,Sold,3553000.0,3316000.0
L100521,Menlo Park,House,6,350.0,2024-05-22,,Withdrawn,7638000.0,
L103620,Irene,House,6,382.0,2024-05-22,2024-06-21,Sold,7276000.0,6969000.0
L100499,Faerie Glen,Apartment,1,68.0,2024-05-22,2024-06-18,Sold,1173000.0,1093000.0
L100510,Waterkloof,Apartment,2,95.0,2024-05-22,2024-08-13,Sold,2360000.0,2303000.0
L104580,Centurion,Apartment,1,72.0,2024-05-22,2024-07-13,Sold,1117000.0,1095000.0
L105749,Sandton,Apartment,1,101.0,2024-05-22,2024-06-22,Sold,3456000.0,3244000.0
L105922,Centurion,Apartment,1,100.0,2024-05-22,2024-06-16,Sold,1674000.0,1552000.0
L100842,Faerie Glen,Apartment,2,132.0,2024-05-22,2024-06-28,Sold,2132000.0,2100000.0
L104588,Centurion,House,6,,2024-05-23,2024-07-10,Sold,7760000.0,7760000.0
L105416,Waterkloof,Apartment,1,63.0,2024-05-23,2024-06-20,Sold,1552000.0,1552000.0
L102664,Faerie Glen,House,3,187.0,2024-05-23,2024-08-16,Sold,2890000.0,2684000.0
L100906,Faerie Glen,Apartment,2,65.0,2024-05-23,2024-07-30,Sold,1200000.0,1183000.0
L102717,Sandton,House,4,228.0,2024-05-24,2024-08-18,Sold,7739000.0,7658000.0
L101174,Faerie Glen,House,1,145.0,2024-05-24,2024-06-06,Sold,3086000.0,3003000.0
L102212,Bryanston,Apartment,2,137.0,2024-05-24,2024-06-20,Sold,3420000.0,3290000.0
L100691,Bryanston,House,4,368.0,2024-05-24,2024-06-03,Sold,9714000.0,8955000.0
L105817,Groenkloof,House,5,356.0,2024-05-25,,Withdrawn,9767000.0,
L102411,Sandton,House,3,204.0,2024-05-25,2024-07-04,Sold,6185000.0,5683000.0
L103519,Rooihuiskraal,House,4,221.0,2024-05-25,2024-06-18,Sold,3787000.0,3658000.0
L101408,Bryanston,Apartment,1,66.0,2024-05-25,2024-06-19,Sold,1581000.0,1581000.0
L105216,Menlo Park,Townhouse,1,156.0,2024-05-25,2024-06-17,Sold,3468000.0,3468000.0
L103784,Faerie Glen,House,3,233.0,2024-05-25,2024-08-08,Sold,4303000.0,3985000.0
L101133,Centurion,House,1,213.0,2024-05-26,2024-06-12,Sold,3878000.0,3788000.0
L103463,Brooklyn,House,6,406.0,2024-05-26,2024-06-11,Sold,9182000.0,9182000.0
L100280,Waterkloof,Apartment,1,127.0,2024-05-26,2024-07-05,Sold,3629000.0,3390000.0
L100763,Waterkloof Ridge,Apartment,1,89.0,2024-05-27,2024-07-21,Sold,2341000.0,2341000.0
L104783,Irene,House,5,301.0,2024-05-27,2024-06-30,Sold,5983000.0,5624000.0
L103133,Waterkloof,Apartment,,70.0,2024-05-27,2024-06-13,Sold,1725000.0,1700000.0
L103933,Waterkloof,House,3,190.0,2024-05-27,2024-07-10,Sold,5325000.0,4987000.0
L105519,Irene,Apartment,1,35.0,2024-05-28,2024-06-17,Sold,736000.0,736000.0
L105578,Bryanston,Apartment,1,62.0,2024-05-28,2024-07-20,Sold,1702000.0,1660000.0
L105950,Menlo Park,Apartment,2,116.0,2024-05-28,2024-06-16,Sold,2617000.0,2518000.0
L103205,Lynnwood,Apartment,2,128.0,2024-05-28,2024-06-23,Sold,2768000.0,2735000.0
L102848,Rooihuiskraal,Apartment,2,69.0,2024-05-28,2024-06-16,Sold,1033000.0,953000.0
L101153,Groenkloof,Apartment,2,70.0,2024-05-28,2024-07-07,Sold,1435000.0,1341000.0
L101195,Groenkloof,Townhouse,2,195.0,2024-05-28,2024-06-24,Sold,3787000.0,3787000.0
L104617,Faerie Glen,Apartment,1,130.0,2024-05-29,2024-06-11,Sold,2009000.0,1907000.0
L104449,Waterkloof,House,3,162.0,2024-05-29,2024-06-26,Sold,3755000.0,3703000.0
L105698,Bryanston,Apartment,1,106.0,2024-05-29,2024-06-15,Sold,2683000.0,2666000.0
L104763,Faerie Glen,Apartment,1,83.0,2024-05-29,2024-08-22,Sold,1239000.0,1131000.0
L101990,Waterkloof,Apartment,1,77.0,2024-05-29,2024-07-23,Sold,1805000.0,1779000.0
L104316,Sandton,House,3,276.0,2024-05-29,2024-08-21,Sold,9264000.0,8934000.0
L105866,Bryanston,House,3,264.0,2024-05-29,2024-09-26,Sold,9622000.0,9340000.0
L105105,Lynnwood,House,2,201.0,2024-05-29,2024-07-02,Sold,4612000.0,4243000.0
L100203,Waterkloof Ridge,House,3,137.0,2024-05-30,2024-06-14,Sold,4298000.0,4005000.0
L101983,Brooklyn,Townhouse,4,248.0,2024-05-30,2024-06-13,Sold,4944000.0,4944000.0
L105661,Waterkloof,House,2,153.0,2024-05-30,2024-07-02,Sold,4707000.0,4566000.0
L103016,Sandton,Apartment,1,74.0,2024-05-30,2024-07-19,Sold,2092000.0,2035000.0
L103743,Faerie Glen,Apartment,1,79.0,2024-05-31,2024-06-24,Sold,1228000.0,1228000.0
L102009,Centurion,Apartment,1,95.0,2024-05-31,2024-06-23,Sold,1757000.0,1757000.0
L102015,Faerie Glen,House,5,348.0,2024-05-31,2024-06-10,Sold,6048000.0,5801000.0
L103890,Waterkloof Ridge,Apartment,2,90.0,2024-06-01,2024-06-17,Sold,2405000.0,2394000.0
L104589,Bryanston,Apartment,,60.0,2024-06-01,2024-06-25,Sold,1621000.0,1621000.0
L103515,Rooihuiskraal,Townhouse,2,102.0,2024-06-01,2024-07-11,Sold,1479000.0,1455000.0
L105496,Sandton,House,2,136.0,2024-06-01,,Withdrawn,4378000.0,
L102995,Lynnwood,Townhouse,4,296.0,2024-06-01,2024-07-03,Sold,5204000.0,5026000.0
L101414,Waterkloof Ridge,Apartment,1,85.0,2024-06-02,2024-07-07,Sold,2018000.0,1950000.0
L101299,Menlo Park,Apartment,2,148.0,2024-06-02,2024-07-29,Sold,2916000.0,2916000.0
L102924,Waterkloof,House,6,408.0,2024-06-02,2024-07-01,Sold,11246000.0,10909000.0
L101774,Centurion,Apartment,2,79.0,2024-06-02,2024-06-28,Sold,1373000.0,1357000.0
L102537,Menlo Park,Townhouse,3,165.0,2024-06-02,,Withdrawn,3445000.0,
L102163,Lynnwood,House,,245.0,2024-06-03,,Withdrawn,6148000.0,
L102636,Lynnwood,House,4,183.0,2024-06-03,2024-06-25,Sold,4491000.0,4231000.0
L104679,Bryanston,House,4,273.0,2024-06-03,2024-09-04,Sold,9033000.0,9033000.0
L104441,Menlo Park,House,3,216.0,2024-06-03,2024-08-25,Sold,5471000.0,5360000.0
L101525,Groenkloof,House,5,287.0,2024-06-03,2024-07-05,Sold,6815000.0,6815000.0
L101693,Centurion,House,3,272.0,2024-06-03,2024-06-28,Sold,4874000.0,4525000.0
L103665,Lynnwood,Apartment,1,89.0,2024-06-03,2024-06-25,Sold,2007000.0,2007000.0
L105454,Sandton,Apartment,2,79.0,2024-06-03,2024-08-31,Sold,2751000.0,2652000.0
L101736,Bryanston,Apartment,1,77.0,2024-06-03,2024-07-04,Sold,2258000.0,2258000.0
L104688,Bryanston,House,1,115.0,2024-06-03,2024-06-22,Sold,3385000.0,3244000.0
L100711,Centurion,Apartment,1,99.0,2024-06-04,2024-08-02,Sold,1593000.0,1462000.0
L100064,Centurion,House,4,238.0,2024-06-04,2024-08-28,Sold,4959000.0,4952000.0
L104559,Centurion,Apartment,1,,2024-06-04,2024-06-27,Sold,1589000.0,1517000.0
L104157,Waterkloof,Apartment,1,64.0,2024-06-04,2024-06-29,Sold,1533000.0,1523000.0
L105682,Groenkloof,Apartment,2,84.0,2024-06-04,2024-06-29,Sold,1618000.0,1553000.0
L105668,Centurion,House,3,172.0,2024-06-04,2024-07-18,Sold,3380000.0,3379000.0
L100433,Bryanston,Townhouse,2,212.0,2024-06-04,2024-06-10,Sold,6999000.0,6761000.0
L100223,Sandton,House,3,243.0,2024-06-05,2024-07-21,Sold,7635000.0,7009000.0
L104673,Brooklyn,Apartment,1,93.0,2024-06-05,2024-09-13,Sold,2131000.0,2131000.0
L102758,Centurion,House,3,213.0,2024-06-05,2024-06-17,Sold,4266000.0,4168000.0
L105114,Waterkloof Ridge,Apartment,2,125.0,2024-06-05,2024-07-01,Sold,3178000.0,3092000.0
L100153,Faerie Glen,House,5,371.0,2024-06-06,2024-07-31,Sold,7480000.0,7179000.0
L103845,Faerie Glen,Apartment,1,71.0,2024-06-06,2024-07-14,Sold,1188000.0,1156000.0
L105899,Waterkloof,Townhouse,2,161.0,2024-06-06,2024-07-08,Sold,4360000.0,3971000.0
L104097,Irene,Townhouse,4,292.0,2024-06-06,2024-06-23,Sold,5850000.0,5757000.0
L105480,Waterkloof,Apartment,1,42.0,2024-06-07,2024-07-07,Sold,993000.0,993000.0
L103947,Waterkloof Ridge,House,3,163.0,2024-06-07,2024-08-12,Sold,4349000.0,4244000.0
L101089,Lynnwood,House,2,219.0,2024-06-08,2024-07-16,Sold,4650000.0,4621000.0
L102771,Rooihuiskraal,Townhouse,3,152.0,2024-06-08,2024-08-09,Sold,2352000.0,2255000.0
L100885,Menlo Park,Townhouse,2,160.0,2024-06-08,2024-07-01,Sold,3650000.0,3650000.0
L100900,Lynnwood,House,4,318.0,2024-06-08,2024-09-11,Sold,6725000.0,6567000.0
L105945,Brooklyn,Apartment,1,82.0,2024-06-09,2024-08-21,Sold,1658000.0,1573000.0
L103172,Centurion,House,4,288.0,2024-06-09,2024-07-05,Sold,5026000.0,4966000.0
L105708,Waterkloof,House,,323.0,2024-06-09,2024-07-27,Sold,8731000.0,8311000.0
L104946,Irene,Townhouse,1,162.0,2024-06-09,2024-07-14,Sold,2965000.0,2835000.0
L104990,Waterkloof,Apartment,1,87.0,2024-06-09,2024-07-16,Sold,2062000.0,1938000.0
L102991,Bryanston,House,3,,2024-06-09,2024-07-24,Sold,4211000.0,4211000.0
L104685,Menlo Park,House,2,165.0,2024-06-09,2024-08-02,Sold,4053000.0,3994000.0
L105098,Bryanston,House,4,272.0,2024-06-09,2024-07-08,Sold,7884000.0,7459000.0
L105278,Groenkloof,House,4,323.0,2024-06-10,2024-06-19,Sold,6784000.0,6553000.0
L105286,Rooihuiskraal,Townhouse,2,174.0,2024-06-10,2024-08-25,Sold,2536000.0,2536000.0
L103020,Lynnwood,House,5,395.0,2024-06-10,2024-07-30,Sold,9384000.0,9161000.0
L102535,Irene,House,2,144.0,2024-06-10,2024-07-24,Sold,2653000.0,2603000.0
L103553,Faerie Glen,House,3,213.0,2024-06-11,2024-09-13,Sold,4590000.0,4559000.0
L104904,Centurion,House,4,234.0,2024-06-11,2024-07-28,Sold,4347000.0,4347000.0
L103465,Rooihuiskraal,House,3,238.0,2024-06-11,2024-07-21,Sold,3824000.0,3594000.0
L100092,Lynnwood,Apartment,2,95.0,2024-06-11,2024-07-15,Sold,2007000.0,1959000.0
L104751,Faerie Glen,House,1,113.0,2024-06-11,2024-08-05,Sold,1928000.0,1928000.0
L102593,Waterkloof Ridge,House,2,118.0,2024-06-12,2024-07-29,Sold,2758000.0,2676000.0
L104728,Irene,Apartment,2,73.0,2024-06-12,2024-06-28,Sold,1263000.0,1219000.0
L101876,Brooklyn,Apartment,1,60.0,2024-06-13,2024-07-24,Sold,1366000.0,1296000.0
L104670,Groenkloof,House,3,249.0,2024-06-13,2024-06-27,Sold,5898000.0,5898000.0
L101457,Lynnwood,Apartment,,76.0,2024-06-13,2024-07-23,Sold,1403000.0,1403000.0
L102863,Waterkloof Ridge,Apartment,2,131.0,2024-06-13,2024-07-31,Sold,3053000.0,3053000.0
L101150,Waterkloof Ridge,Apartment,3,100.0,2024-06-13,2024-07-24,Sold,2305000.0,2212000.0
L100131,Sandton,Apartment,1,85.0,2024-06-13,2024-10-11,Sold,2853000.0,2853000.0
L104129,Sandton,House,4,253.0,2024-06-14,2024-07-17,Sold,9241000.0,8755000.0
L105305,Centurion,Apartment,1,88.0,2024-06-14,2024-07-29,Sold,1747000.0,1711000.0
L105228,Groenkloof,Apartment,1,50.0,2024-06-15,2024-07-21,Sold,984000.0,943000.0
L103842,Centurion,House,3,254.0,2024-06-15,2024-10-11,Sold,5097000.0,5075000.0
L100556,Brooklyn,Apartment,2,85.0,2024-06-15,2024-07-14,Sold,1913000.0,1875000.0
L101694,Centurion,House,6,736.0,2024-06-15,2024-08-15,Sold,13669000.0,13310000.0
L100975,Irene,House,2,189.0,2024-06-15,2024-07-26,Sold,3128000.0,2953000.0
L104375,Groenkloof,Apartment,1,63.0,2024-06-15,2024-07-20,Sold,1121000.0,1121000.0
L105182,Waterkloof,Apartment,2,97.0,2024-06-15,2024-07-26,Sold,2173000.0,2131000.0
L102161,Brooklyn,Apartment,2,111.0,2024-06-16,2024-07-11,Sold,2348000.0,2301000.0
L101898,Waterkloof,Townhouse,2,123.0,2024-06-16,2024-06-29,Sold,3168000.0,3106000.0
L101267,Sandton,Apartment,3,133.0,2024-06-17,2024-08-09,Sold,4195000.0,4175000.0
L103196,Faerie Glen,Apartment,1,73.0,2024-06-17,2024-07-02,Sold,1134000.0,1125000.0
L100353,Irene,House,3,296.0,2024-06-17,2024-09-23,Sold,6915000.0,6720000.0
L104223,Groenkloof,Apartment,3,85.0,2024-06-17,2024-08-03,Sold,1925000.0,1811000.0
L100107,Brooklyn,House,6,533.0,2024-06-17,2024-07-26,Sold,12144000.0,11711000.0
L103870,Menlo Park,House,4,253.0,2024-06-17,2024-07-20,Sold,5208000.0,5079000.0
L102716,Faerie Glen,House,5,361.0,2024-06-18,2024-09-02,Sold,6303000.0,5860000.0
L101652,Brooklyn,House,5,311.0,2024-06-18,2024-08-14,Sold,7978000.0,7846000.0
L103581,Rooihuiskraal,House,3,250.0,2024-06-18,2024-07-27,Sold,3815000.0,3680000.0
L103727,Brooklyn,House,5,,2024-06-18,2024-08-06,Sold,6894000.0,6528000.0
L105116,Irene,House,5,342.0,2024-06-18,2024-07-16,Sold,6799000.0,6487000.0
L105733,Bryanston,House,3,185.0,2024-06-18,2024-07-03,Sold,5929000.0,5929000.0
L103194,Centurion,House,2,166.0,2024-06-19,2024-08-06,Sold,3817000.0,3817000.0
L105657,Rooihuiskraal,Apartment,1,78.0,2024-06-19,2024-07-24,Sold,1190000.0,1120000.0
L105695,Brooklyn,Apartment,2,91.0,2024-06-19,2024-07-04,Sold,1738000.0,1652000.0
L101406,Sandton,Townhouse,2,138.0,2024-06-20,2024-07-13,Sold,3594000.0,3391000.0
L101054,Brooklyn,House,6,482.0,2024-06-20,2024-07-17,Sold,11606000.0,11534000.0
L101850,Brooklyn,House,3,,2024-06-20,2024-07-24,Sold,3968000.0,3782000.0
L102315,Brooklyn,House,5,352.0,2024-06-20,2024-06-30,Sold,7834000.0,7658000.0
L105891,Irene,House,4,262.0,2024-06-20,2024-08-31,Sold,5967000.0,5306000.0
L101672,Rooihuiskraal,Townhouse,1,120.0,2024-06-20,2024-09-13,Sold,1686000.0,1621000.0
L104302,Sandton,Apartment,,52.0,2024-06-21,2024-07-23,Sold,1376000.0,1262000.0
L105166,Menlo Park,House,5,281.0,2024-06-21,2024-07-27,Sold,6906000.0,6906000.0
L104851,Centurion,House,3,205.0,2024-06-21,2024-08-03,Sold,3965000.0,3699000.0
L105860,Irene,Townhouse,1,91.0,2024-06-21,2024-10-19,Sold,1831000.0,1756000.0
L103495,Bryanston,House,4,245.0,2024-06-21,2024-08-07,Sold,6047000.0,6047000.0
L102304,Lynnwood,Apartment,1,129.0,2024-06-22,,Withdrawn,3122000.0,
L102043,Sandton,House,5,326.0,2024-06-22,2024-08-05,Sold,12378000.0,11806000.0
L101520,Brooklyn,House,4,278.0,2024-06-23,,Withdrawn,6574000.0,
L100248,Menlo Park,Apartment,1,91.0,2024-06-23,2024-08-28,Sold,2026000.0,1993000.0
L104630,Brooklyn,House,2,152.0,2024-06-23,2024-07-16,Sold,3238000.0,3215000.0
L100902,Waterkloof,Apartment,1,50.0,2024-06-23,2024-07-01,Sold,1284000.0,1177000.0
L103844,Sandton,House,5,,2024-06-24,2024-07-18,Sold,10736000.0,10736000.0
L105958,Centurion,Apartment,2,129.0,2024-06-24,,Withdrawn,2494000.0,
L101331,Faerie Glen,Townhouse,1,118.0,2024-06-24,2024-09-23,Sold,2037000.0,1978000.0
L100746,Menlo Park,Apartment,2,124.0,2024-06-24,2024-07-10,Sold,2963000.0,2872000.0
L104471,Brooklyn,Apartment,1,79.0,2024-06-25,2024-07-22,Sold,1591000.0,1577000.0
L103899,Groenkloof,Townhouse,3,173.0,2024-06-25,2024-08-29,Sold,3745000.0,3725000.0
L100551,Groenkloof,House,,152.0,2024-06-25,2024-07-16,Sold,3647000.0,3550000.0
L101792,Groenkloof,House,6,514.0,2024-06-25,2024-09-20,Sold,11911000.0,11645000.0
L104785,Bryanston,Apartment,1,121.0,2024-06-25,2024-07-05,Sold,3332000.0,3254000.0
L101883,Centurion,Apartment,1,103.0,2024-06-25,2024-08-09,Sold,1536000.0,1535000.0
L104303,Menlo Park,House,5,319.0,2024-06-26,2024-07-07,Sold,6499000.0,6039000.0
L101092,Brooklyn,Apartment,2,90.0,2024-06-26,2024-08-05,Sold,1915000.0,1834000.0
L103725,Rooihuiskraal,Apartment,1,87.0,2024-06-26,2024-07-19,Sold,1616000.0,1499000.0
L102949,Bryanston,House,3,218.0,2024-06-26,2024-07-14,Sold,6165000.0,5852000.0
L100302,Faerie Glen,House,4,167.0,2024-06-27,2024-08-17,Sold,2772000.0,2648000.0
L100694,Sandton,House,1,148.0,2024-06-27,2024-08-15,Sold,5490000.0,5128000.0
L102292,Irene,House,3,,2024-06-27,2024-08-28,Sold,5005000.0,4960000.0
L100480,Lynnwood,Apartment,1,55.0,2024-06-27,2024-07-12,Sold,1002000.0,958000.0
L102172,Faerie Glen,Apartment,1,42.0,2024-06-27,,Withdrawn,714000.0,
L100306,Menlo Park,Apartment,1,59.0,2024-06-27,2024-08-15,Sold,1140000.0,1095000.0
L103286,Irene,Apartment,1,65.0,2024-06-27,2024-08-07,Sold,1227000.0,1181000.0
L104023,Sandton,Townhouse,1,159.0,2024-06-28,2024-08-09,Sold,4650000.0,4564000.0
L100859,Faerie Glen,House,4,214.0,2024-06-28,2024-09-24,Sold,3267000.0,3139000.0
L102396,Brooklyn,House,2,170.0,2024-06-28,2024-07-27,Sold,4265000.0,4080000.0
L101892,Faerie Glen,House,3,179.0,2024-06-28,2024-08-11,Sold,2849000.0,2815000.0
L103236,Sandton,House,2,124.0,2024-06-28,2024-08-13,Sold,3400000.0,3400000.0
L100681,Groenkloof,Townhouse,3,144.0,2024-06-28,2024-09-04,Sold,2432000.0,2379000.0
L103882,Centurion,Apartment,1,57.0,2024-06-29,2024-07-22,Sold,1269000.0,1217000.0
L102035,Rooihuiskraal,Apartment,1,77.0,2024-06-29,2024-09-04,Sold,1206000.0,1145000.0
L100607,Waterkloof Ridge,House,4,292.0,2024-06-29,2024-07-29,Sold,9926000.0,9926000.0
L102598,Sandton,House,3,197.0,2024-06-30,2024-07-16,Sold,6732000.0,6613000.0
L104660,Centurion,House,4,237.0,2024-06-30,2024-08-18,Sold,4680000.0,4678000.0
L100899,Faerie Glen,Townhouse,1,111.0,2024-06-30,2024-09-04,Sold,1628000.0,1563000.0
L103815,Lynnwood,House,3,178.0,2024-06-30,2024-09-16,Sold,3936000.0,3662000.0
L102564,Irene,House,3,174.0,2024-06-30,2024-09-24,Sold,2893000.0,2893000.0
L104499,Rooihuiskraal,Apartment,1,79.0,2024-06-30,2024-09-09,Sold,1200000.0,1137000.0
L100043,Menlo Park,Townhouse,2,,2024-06-30,2024-07-25,Sold,3767000.0,3730000.0
L102763,Menlo Park,Apartment,1,76.0,2024-07-01,2024-07-23,Sold,1706000.0,1638000.0
L100598,Sandton,House,4,,2024-07-01,2024-07-28,Sold,8552000.0,8448000.0
L104561,Brooklyn,House,4,262.0,2024-07-01,2024-08-21,Sold,5526000.0,5393000.0
L104953,Sandton,Apartment,1,45.0,2024-07-01,2024-08-29,Sold,1458000.0,1425000.0
L105179,Faerie Glen,Apartment,,152.0,2024-07-01,2024-07-13,Sold,2291000.0,2291000.0
L105414,Centurion,Townhouse,2,242.0,2024-07-02,2024-08-08,Sold,4634000.0,4634000.0
L102849,Menlo Park,Townhouse,2,115.0,2024-07-02,2024-07-16,Sold,3279000.0,3038000.0
L101252,Waterkloof Ridge,Apartment,1,76.0,2024-07-02,2024-07-18,Sold,1756000.0,1657000.0
L105631,Groenkloof,House,5,345.0,2024-07-02,2024-08-02,Sold,9107000.0,9107000.0
L102663,Brooklyn,Townhouse,2,151.0,2024-07-02,2024-07-15,Sold,3705000.0,3559000.0
L102182,Bryanston,House,4,223.0,2024-07-02,2024-07-29,Sold,5681000.0,5426000.0
L100030,Centurion,House,3,254.0,2024-07-02,2024-09-06,Sold,4131000.0,4131000.0
L105894,Waterkloof,House,4,,2024-07-02,2024-08-16,Sold,6007000.0,5779000.0
L105544,Faerie Glen,House,5,,2024-07-03,,Withdrawn,5374000.0,
L103721,Faerie Glen,Townhouse,2,129.0,2024-07-03,2024-07-22,Sold,2337000.0,2121000.0
L105588,Faerie Glen,House,4,178.0,2024-07-03,2024-09-18,Sold,3515000.0,3349000.0
L102092,Irene,House,4,173.0,2024-07-03,2024-09-26,Sold,3700000.0,3596000.0
L101779,Lynnwood,Apartment,1,69.0,2024-07-04,2024-08-06,Sold,1361000.0,1280000.0
L102314,Menlo Park,House,3,153.0,2024-07-04,2024-08-30,Sold,3674000.0,3371000.0
L105962,Faerie Glen,Apartment,1,73.0,2024-07-04,2024-08-06,Sold,1207000.0,1196000.0
L104226,Irene,Apartment,1,128.0,2024-07-04,2024-09-01,Sold,1983000.0,1924000.0
L102021,Waterkloof Ridge,House,4,262.0,2024-07-04,,Withdrawn,7575000.0,
L105014,Groenkloof,Townhouse,1,95.0,2024-07-04,2024-08-12,Sold,1995000.0,1995000.0
L102514,Brooklyn,House,4,276.0,2024-07-04,,Withdrawn,7368000.0,
L101984,Irene,Apartment,2,99.0,2024-07-05,2024-07-30,Sold,2327000.0,2279000.0
L102953,Sandton,Townhouse,2,162.0,2024-07-05,2024-07-15,Sold,4740000.0,4719000.0
L100603,Centurion,House,3,220.0,2024-07-05,2024-09-14,Sold,4242000.0,4185000.0
L103995,Waterkloof,House,6,402.0,2024-07-06,2024-08-06,Sold,11160000.0,10585000.0
L102298,Waterkloof,House,6,416.0,2024-07-06,2024-09-16,Sold,11462000.0,11462000.0
L104719,Waterkloof Ridge,Apartment,2,63.0,2024-07-06,2024-07-22,Sold,1813000.0,1720000.0
L100422,Waterkloof,Apartment,1,87.0,2024-07-06,2024-08-05,Sold,2611000.0,2517000.0
L105380,Groenkloof,Apartment,1,78.0,2024-07-06,2024-09-09,Sold,1663000.0,1596000.0
L100221,Faerie Glen,House,4,225.0,2024-07-06,2024-07-21,Sold,4458000.0,4383000.0
L102466,Bryanston,House,6,341.0,2024-07-07,2024-09-26,Sold,11846000.0,11846000.0
L105782,Lynnwood,Apartment,1,116.0,2024-07-07,,Withdrawn,2339000.0,
L100993,Groenkloof,House,6,406.0,2024-07-07,2024-07-21,Sold,8270000.0,8075000.0
L101762,Groenkloof,House,2,142.0,2024-07-07,2024-08-15,Sold,2950000.0,2950000.0
L103521,Bryanston,Apartment,2,67.0,2024-07-08,2024-08-14,Sold,1792000.0,1792000.0
L102665,Rooihuiskraal,Apartment,1,114.0,2024-07-08,2024-08-01,Sold,1807000.0,1807000.0
L105545,Brooklyn,Apartment,2,91.0,2024-07-08,2024-07-11,Sold,1838000.0,1831000.0
L103817,Brooklyn,House,5,220.0,2024-07-08,2024-09-11,Sold,5524000.0,5514000.0
L102996,Centurion,Apartment,2,103.0,2024-07-09,2024-10-14,Sold,1740000.0,1642000.0
L105779,Waterkloof,Townhouse,3,146.0,2024-07-09,2024-07-22,Sold,4360000.0,3924000.0
L105905,Bryanston,Apartment,,88.0,2024-07-09,2024-09-18,Sold,2553000.0,2486000.0
L100019,Centurion,Townhouse,2,88.0,2024-07-09,2024-08-01,Sold,1356000.0,1296000.0
L103259,Waterkloof,House,6,,2024-07-09,2024-07-28,Sold,11156000.0,10835000.0
L102461,Centurion,Apartment,2,90.0,2024-07-09,2024-08-02,Sold,1709000.0,1706000.0
L103954,Waterkloof,Apartment,1,89.0,2024-07-10,2024-07-29,Sold,2182000.0,2068000.0
L104386,Brooklyn,Apartment,1,94.0,2024-07-10,2024-08-18,Sold,2368000.0,2368000.0
L103268,Sandton,Townhouse,2,85.0,2024-07-10,2024-08-29,Sold,2199000.0,2089000.0
L103071,Sandton,House,6,421.0,2024-07-10,2024-09-04,Sold,16583000.0,16386000.0
L104576,Bryanston,Apartment,1,61.0,2024-07-10,2024-08-10,Sold,1794000.0,1792000.0
L104358,Faerie Glen,Apartment,2,136.0,2024-07-10,2024-09-02,Sold,2365000.0,2285000.0
L104272,Rooihuiskraal,Apartment,1,79.0,2024-07-10,2024-08-07,Sold,962000.0,921000.0
L105857,Faerie Glen,House,3,252.0,2024-07-10,2024-08-28,Sold,4682000.0,4629000.0
L101529,Brooklyn,House,4,207.0,2024-07-10,2024-08-30,Sold,5033000.0,5007000.0
L103299,Waterkloof,House,1,140.0,2024-07-10,2024-08-20,Sold,3736000.0,3503000.0
L104515,Brooklyn,House,2,145.0,2024-07-10,2024-08-16,Sold,3161000.0,3161000.0
L103062,Brooklyn,House,6,493.0,2024-07-11,2024-09-02,Sold,11934000.0,11718000.0
L100525,Menlo Park,Townhouse,3,139.0,2024-07-11,2024-07-24,Sold,3252000.0,3154000.0
L105284,Groenkloof,Apartment,1,137.0,2024-07-11,2024-09-01,Sold,3253000.0,3191000.0
L103453,Waterkloof,Apartment,2,105.0,2024-07-12,2024-07-29,Sold,2373000.0,2373000.0
L102242,Menlo Park,Townhouse,3,174.0,2024-07-12,2024-08-15,Sold,4010000.0,3857000.0
L101624,Lynnwood,House,5,359.0,2024-07-12,,Withdrawn,8328000.0,
L104406,Sandton,Apartment,1,106.0,2024-07-12,2024-07-27,Sold,2890000.0,2777000.0
L102190,Waterkloof Ridge,Apartment,1,134.0,2024-07-12,2024-07-20,Sold,4327000.0,4292000.0
L105341,Waterkloof,House,6,577.0,2024-07-12,,Withdrawn,13518000.0,
L104649,Lynnwood,House,4,353.0,2024-07-12,2024-09-03,Sold,7787000.0,7337000.0
L105347,Centurion,House,4,314.0,2024-07-13,,Withdrawn,6595000.0,
L100884,Groenkloof,Townhouse,1,138.0,2024-07-13,,Withdrawn,2781000.0,
L104140,Lynnwood,House,6,361.0,2024-07-14,2024-08-20,Sold,9078000.0,9078000.0
L101402,Sandton,House,4,291.0,2024-07-14,2024-09-26,Sold,8732000.0,8492000.0
L104357,Menlo Park,Apartment,1,115.0,2024-07-14,2024-09-08,Sold,2510000.0,2510000.0
L104149,Lynnwood,Apartment,2,95.0,2024-07-14,,Withdrawn,1576000.0,
L101766,Sandton,Apartment,2,141.0,2024-07-15,2024-08-07,Sold,4460000.0,4279000.0
L105397,Menlo Park,Apartment,1,93.0,2024-07-15,2024-07-21,Sold,1781000.0,1729000.0
L103614,Irene,House,4,254.0,2024-07-15,2024-09-09,Sold,4593000.0,4355000.0
L100198,Groenkloof,House,3,209.0,2024-07-15,,Withdrawn,4067000.0,
L100705,Irene,House,1,175.0,2024-07-15,2024-08-28,Sold,3218000.0,3058000.0
L101371,Sandton,Apartment,1,,2024-07-16,2024-08-18,Sold,1665000.0,1595000.0
L100641,Rooihuiskraal,Apartment,,70.0,2024-07-16,2024-08-22,Sold,915000.0,825000.0
L105594,Irene,House,5,342.0,2024-07-16,2024-08-10,Sold,6362000.0,6087000.0
L104134,Faerie Glen,Apartment,2,95.0,2024-07-16,2024-10-04,Sold,1430000.0,1430000.0
L103744,Waterkloof Ridge,Apartment,1,102.0,2024-07-17,2024-09-03,Sold,2623000.0,2623000.0
L101139,Centurion,House,2,192.0,2024-07-17,,Withdrawn,3746000.0,
L102361,Waterkloof,Townhouse,3,183.0,2024-07-17,2024-08-03,Sold,4291000.0,3967000.0
L105495,Brooklyn,House,5,372.0,2024-07-18,2024-08-14,Sold,8625000.0,8397000.0
L102262,Lynnwood,Apartment,1,83.0,2024-07-18,2024-08-18,Sold,1524000.0,1487000.0
L105168,Waterkloof Ridge,Apartment,1,,2024-07-18,2024-08-18,Sold,3012000.0,2783000.0
L103415,Brooklyn,Apartment,2,129.0,2024-07-18,2024-08-10,Sold,2609000.0,2481000.0
L102513,Waterkloof Ridge,Townhouse,2,191.0,2024-07-18,2024-08-11,Sold,4325000.0,4325000.0
L102803,Irene,House,4,243.0,2024-07-20,2024-08-29,Sold,4416000.0,4163000.0
L103999,Groenkloof,House,3,223.0,2024-07-20,2024-08-16,Sold,4123000.0,4074000.0
L100333,Bryanston,House,3,193.0,2024-07-20,2024-08-30,Sold,6120000.0,5792000.0
L105170,Centurion,House,3,238.0,2024-07-20,2024-08-05,Sold,4863000.0,4863000.0
L103794,Irene,House,,256.0,2024-07-21,2024-09-17,Sold,6023000.0,5852000.0
L103191,Waterkloof,House,4,252.0,2024-07-21,,Withdrawn,6864000.0,
L105839,Groenkloof,House,4,274.0,2024-07-21,2024-07-24,Sold,5715000.0,5462000.0
L102337,Menlo Park,House,5,261.0,2024-07-21,2024-08-20,Sold,5026000.0,4955000.0
L100637,Centurion,Apartment,1,42.0,2024-07-22,2024-09-07,Sold,748000.0,724000.0
L102083,Groenkloof,Apartment,1,68.0,2024-07-22,2024-08-03,Sold,1345000.0,1316000.0
L102602,Lynnwood,House,3,222.0,2024-07-22,2024-07-30,Sold,5055000.0,4925000.0
L105259,Groenkloof,House,3,206.0,2024-07-22,2024-08-28,Sold,4854000.0,4834000.0
L105366,Lynnwood,House,4,345.0,2024-07-22,2024-09-10,Sold,7093000.0,6826000.0
L103792,Waterkloof,House,3,181.0,2024-07-22,2024-09-17,Sold,4773000.0,4460000.0
L100523,Irene,House,6,382.0,2024-07-23,2024-08-25,Sold,8762000.0,8272000.0
L101549,Brooklyn,House,,178.0,2024-07-23,2024-09-14,Sold,4084000.0,3881000.0
L101557,Faerie Glen,House,2,247.0,2024-07-23,2024-08-14,Sold,4100000.0,3713000.0
L101159,Rooihuiskraal,House,4,288.0,2024-07-23,2024-08-03,Sold,3710000.0,3602000.0
L101108,Sandton,House,3,292.0,2024-07-23,2024-08-18,Sold,9289000.0,8405000.0
L102808,Groenkloof,Townhouse,3,213.0,2024-07-24,2024-08-26,Sold,3597000.0,3524000.0
L102312,Menlo Park,House,6,412.0,2024-07-24,2024-08-27,Sold,9873000.0,9036000.0
L104470,Sandton,House,5,279.0,2024-07-24,2024-08-11,Sold,8854000.0,8355000.0
L105853,Brooklyn,Townhouse,2,166.0,2024-07-24,2024-08-16,Sold,4118000.0,4015000.0
L104959,Centurion,Townhouse,3,184.0,2024-07-24,2024-08-31,Sold,4004000.0,3768000.0
L101175,Rooihuiskraal,House,3,203.0,2024-07-25,2024-09-25,Sold,2906000.0,2866000.0
L102347,Bryanston,House,2,,2024-07-25,2024-09-14,Sold,4561000.0,4372000.0
L105165,Centurion,Apartment,1,104.0,2024-07-26,2024-08-18,Sold,1961000.0,1917000.0
L102394,Irene,House,2,180.0,2024-07-26,2024-10-06,Sold,3762000.0,3592000.0
L104611,Brooklyn,House,1,122.0,2024-07-26,2024-09-13,Sold,2484000.0,2430000.0
L104592,Centurion,Apartment,2,119.0,2024-07-26,2024-09-02,Sold,2118000.0,2054000.0
L101067,Centurion,Townhouse,,161.0,2024-07-26,2024-09-19,Sold,2949000.0,2949000.0
L102816,Brooklyn,Apartment,1,111.0,2024-07-26,2024-09-05,Sold,2357000.0,2268000.0
L104954,Brooklyn,Townhouse,3,124.0,2024-07-27,2024-09-14,Sold,3005000.0,3005000.0
L104274,Groenkloof,House,4,261.0,2024-07-27,2024-08-24,Sold,6267000.0,5988000.0
L100496,Lynnwood,House,6,401.0,2024-07-27,2024-09-24,Sold,9585000.0,9231000.0
L103173,Sandton,House,,251.0,2024-07-27,2024-09-04,Sold,8090000.0,7936000.0
L100072,Bryanston,House,3,197.0,2024-07-27,2024-08-20,Sold,6794000.0,6733000.0
L101311,Sandton,House,3,233.0,2024-07-27,2024-08-24,Sold,6810000.0,6809000.0
L100712,Bryanston,House,4,228.0,2024-07-27,2024-08-23,Sold,7051000.0,7051000.0
L105354,Sandton,House,4,185.0,2024-07-27,2024-08-15,Sold,6443000.0,6443000.0
L103798,Lynnwood,House,5,394.0,2024-07-27,2024-08-14,Sold,8908000.0,8520000.0
L105323,Waterkloof,Apartment,1,65.0,2024-07-28,2024-08-09,Sold,1647000.0,1581000.0
L102055,Lynnwood,Apartment,1,58.0,2024-07-28,2024-09-14,Sold,1176000.0,1176000.0
L101118,Brooklyn,House,5,356.0,2024-07-28,2024-08-16,Sold,7515000.0,7257000.0
L105841,Menlo Park,Apartment,1,59.0,2024-07-28,2024-11-06,Sold,1326000.0,1286000.0
L101660,Groenkloof,House,5,319.0,2024-07-28,2024-09-17,Sold,7355000.0,7017000.0
L100959,Faerie Glen,Townhouse,3,154.0,2024-07-28,2024-09-26,Sold,2684000.0,2438000.0
L104997,Lynnwood,Apartment,,195.0,2024-07-28,2024-09-14,Sold,4014000.0,3834000.0
L105572,Faerie Glen,House,4,269.0,2024-07-29,2024-10-17,Sold,5481000.0,5434000.0
L101690,Rooihuiskraal,House,5,335.0,2024-07-29,2024-09-04,Sold,4407000.0,4334000.0
L101865,Bryanston,House,6,415.0,2024-07-29,2024-09-16,Sold,12184000.0,11878000.0
L102912,Faerie Glen,Apartment,1,80.0,2024-07-29,2024-08-30,Sold,1495000.0,1465000.0
L105977,Menlo Park,House,3,,2024-07-30,2024-08-25,Sold,4530000.0,4530000.0
L101981,Menlo Park,Townhouse,1,149.0,2024-07-30,,Withdrawn,3752000.0,
L102670,Irene,House,4,276.0,2024-07-30,2024-08-30,Sold,4842000.0,4823000.0
L105719,Waterkloof Ridge,Townhouse,3,182.0,2024-07-30,2024-09-27,Sold,5096000.0,4793000.0
L101891,Rooihuiskraal,Townhouse,,200.0,2024-07-31,2024-10-07,Sold,3392000.0,3279000.0
L100960,Faerie Glen,House,2,213.0,2024-08-01,2024-11-22,Sold,4106000.0,4088000.0
L102624,Irene,House,2,207.0,2024-08-01,2024-09-01,Sold,4631000.0,4391000.0
L100452,Centurion,House,3,236.0,2024-08-01,2024-09-07,Sold,3882000.0,3792000.0
L104241,Bryanston,House,3,214.0,2024-08-01,2024-09-25,Sold,6620000.0,6384000.0
L100055,Rooihuiskraal,House,6,448.0,2024-08-02,2024-09-25,Sold,7107000.0,6791000.0
L104204,Centurion,Apartment,2,86.0,2024-08-02,2024-08-26,Sold,1836000.0,1757000.0
L103158,Sandton,House,,200.0,2024-08-02,2024-10-26,Sold,5845000.0,5845000.0
L103972,Faerie Glen,Townhouse,1,102.0,2024-08-02,2024-08-20,Sold,1988000.0,1920000.0
L105916,Rooihuiskraal,Apartment,,61.0,2024-08-02,2024-09-20,Sold,829000.0,763000.0
L101235,Waterkloof Ridge,Apartment,1,80.0,2024-08-02,2024-09-12,Sold,2135000.0,2006000.0
L103867,Brooklyn,Apartment,1,71.0,2024-08-02,2024-09-09,Sold,1371000.0,1344000.0
L104067,Centurion,Townhouse,2,136.0,2024-08-03,2024-10-06,Sold,2640000.0,2407000.0
L102316,Groenkloof,Townhouse,,125.0,2024-08-04,2024-09-06,Sold,2564000.0,2538000.0
L101596,Groenkloof,House,3,,2024-08-04,2024-08-27,Sold,5282000.0,5007000.0
L103765,Rooihuiskraal,House,3,219.0,2024-08-04,2024-09-15,Sold,3300000.0,3271000.0
L102860,Lynnwood,House,6,558.0,2024-08-04,2024-11-02,Sold,12752000.0,12357000.0
L104854,Waterkloof,Townhouse,2,113.0,2024-08-05,2024-08-19,Sold,2807000.0,2791000.0
L103787,Waterkloof Ridge,House,2,183.0,2024-08-05,2024-10-16,Sold,5539000.0,5010000.0
L105649,Groenkloof,Apartment,1,60.0,2024-08-06,2024-08-31,Sold,1143000.0,1115000.0
L100889,Centurion,Apartment,2,91.0,2024-08-06,,Withdrawn,1416000.0,
L100273,Irene,House,5,336.0,2024-08-06,2024-09-10,Sold,6543000.0,6037000.0
L101782,Brooklyn,House,2,180.0,2024-08-06,2024-08-19,Sold,4166000.0,3984000.0
L105622,Centurion,House,3,211.0,2024-08-07,,Withdrawn,4203000.0,
L104202,Waterkloof Ridge,House,4,322.0,2024-08-07,2024-09-11,Sold,9201000.0,9089000.0
L104271,Lynnwood,Apartment,2,183.0,2024-08-07,2024-08-25,Sold,4086000.0,3989000.0
L101422,Lynnwood,House,4,324.0,2024-08-07,2024-09-11,Sold,7132000.0,7096000.0
L104104,Sandton,Apartment,2,100.0,2024-08-07,,Withdrawn,2835000.0,
L102214,Sandton,House,3,234.0,2024-08-08,2024-09-04,Sold,8016000.0,7152000.0
L101028,Centurion,Apartment,2,150.0,2024-08-08,2024-09-03,Sold,2465000.0,2304000.0
L102919,Centurion,Apartment,2,148.0,2024-08-08,2024-10-17,Sold,2526000.0,2492000.0
L101024,Centurion,House,5,426.0,2024-08-08,2024-09-14,Sold,8552000.0,8506000.0
L103872,Waterkloof Ridge,Apartment,1,63.0,2024-08-08,2024-09-16,Sold,1663000.0,1663000.0
L102007,Waterkloof Ridge,Apartment,2,,2024-08-09,2024-10-03,Sold,1412000.0,1349000.0
L105382,Rooihuiskraal,House,4,252.0,2024-08-09,2024-09-16,Sold,3950000.0,3783000.0
L103315,Waterkloof,Townhouse,6,370.0,2024-08-09,2024-08-24,Sold,10027000.0,9330000.0
L101760,Menlo Park,House,3,186.0,2024-08-09,2024-09-15,Sold,4061000.0,3909000.0
L104627,Menlo Park,House,4,238.0,2024-08-09,2024-09-13,Sold,5175000.0,4907000.0
L105331,Centurion,Townhouse,1,173.0,2024-08-09,2024-09-14,Sold,3079000.0,3079000.0
L104036,Menlo Park,Townhouse,3,222.0,2024-08-09,2024-08-29,Sold,4961000.0,4961000.0
L105642,Rooihuiskraal,House,3,218.0,2024-08-10,2024-09-08,Sold,3302000.0,3048000.0
L103927,Bryanston,House,4,308.0,2024-08-10,2024-08-19,Sold,9171000.0,9096000.0
L101030,Irene,House,4,307.0,2024-08-10,2024-10-16,Sold,6263000.0,6106000.0
L100845,Bryanston,House,4,226.0,2024-08-10,2024-09-29,Sold,6495000.0,6237000.0
L105593,Waterkloof,Apartment,1,57.0,2024-08-10,,Withdrawn,1387000.0,
L102855,Sandton,House,5,270.0,2024-08-10,,Withdrawn,9059000.0,
L100627,Waterkloof,Apartment,1,85.0,2024-08-10,2024-09-16,Sold,1845000.0,1845000.0
L101738,Faerie Glen,House,4,272.0,2024-08-11,2024-09-01,Sold,4815000.0,4541000.0
L100416,Waterkloof Ridge,House,5,303.0,2024-08-11,2024-11-19,Sold,8641000.0,8265000.0
L100008,Waterkloof Ridge,Apartment,1,75.0,2024-08-11,2024-09-04,Sold,2073000.0,2041000.0
L105149,Brooklyn,Apartment,1,54.0,2024-08-12,2024-10-19,Sold,1351000.0,1336000.0
L100264,Sandton,House,3,232.0,2024-08-13,2024-09-15,Sold,8059000.0,8059000.0
L100380,Faerie Glen,Apartment,1,91.0,2024-08-13,2024-08-29,Sold,1614000.0,1549000.0
L102669,Lynnwood,Townhouse,2,,2024-08-13,2024-09-19,Sold,3109000.0,2867000.0
L105822,Centurion,Apartment,1,103.0,2024-08-13,2024-10-14,Sold,1749000.0,1706000.0
L102794,Bryanston,Apartment,1,143.0,2024-08-13,2024-08-25,Sold,4341000.0,4103000.0
L102169,Faerie Glen,House,3,213.0,2024-08-13,2024-09-10,Sold,3340000.0,3170000.0
L104932,Rooihuiskraal,Apartment,,95.0,2024-08-14,2024-11-07,Sold,1493000.0,1399000.0
L103223,Centurion,Apartment,1,,2024-08-14,2024-08-30,Sold,1738000.0,1676000.0
L105895,Rooihuiskraal,House,4,308.0,2024-08-14,2024-10-07,Sold,4741000.0,4528000.0
L100118,Lynnwood,Apartment,1,88.0,2024-08-14,2024-10-03,Sold,1948000.0,1863000.0
L103934,Faerie Glen,Apartment,1,109.0,2024-08-15,2024-09-01,Sold,1511000.0,1495000.0
L104361,Faerie Glen,House,6,426.0,2024-08-15,,Withdrawn,6729000.0,
L100985,Sandton,Apartment,2,57.0,2024-08-15,2024-09-26,Sold,1703000.0,1663000.0
L103703,Centurion,House,2,131.0,2024-08-15,2024-10-06,Sold,2463000.0,2417000.0
L103874,Sandton,House,6,427.0,2024-08-15,,Withdrawn,15374000.0,
L100330,Centurion,House,3,208.0,2024-08-15,2024-11-09,Sold,3418000.0,3312000.0
L101929,Lynnwood,Apartment,1,91.0,2024-08-16,2024-10-17,Sold,2053000.0,1993000.0
L105005,Lynnwood,House,5,430.0,2024-08-16,2024-09-03,Sold,7829000.0,7422000.0
L102811,Bryanston,Townhouse,1,145.0,2024-08-16,,Withdrawn,4072000.0,
L103084,Rooihuiskraal,House,3,208.0,2024-08-16,2024-10-17,Sold,4021000.0,3783000.0
L105776,Centurion,House,4,171.0,2024-08-16,2024-09-11,Sold,3708000.0,3708000.0
L100671,Irene,House,6,395.0,2024-08-17,2024-09-06,Sold,10217000.0,9730000.0
L105755,Irene,Apartment,2,132.0,2024-08-17,2024-09-30,Sold,3010000.0,2990000.0
L103270,Sandton,House,6,442.0,2024-08-17,2024-09-04,Sold,16752000.0,15537000.0
L101316,Irene,Apartment,2,61.0,2024-08-17,2024-10-15,Sold,1072000.0,1029000.0
L101572,Faerie Glen,House,1,144.0,2024-08-18,2024-11-09,Sold,2154000.0,2114000.0
L104864,Centurion,House,5,332.0,2024-08-18,2024-10-16,Sold,6050000.0,6030000.0
L102628,Brooklyn,House,3,217.0,2024-08-18,2024-09-16,Sold,4595000.0,4538000.0
L101804,Centurion,House,3,187.0,2024-08-18,2024-10-17,Sold,4007000.0,3721000.0
L103353,Menlo Park,Apartment,1,107.0,2024-08-18,2024-11-15,Sold,2512000.0,2373000.0
L101279,Irene,Apartment,1,109.0,2024-08-18,,Withdrawn,1872000.0,
L104351,Waterkloof,House,3,223.0,2024-08-18,,Withdrawn,5116000.0,
L100788,Rooihuiskraal,Apartment,1,135.0,2024-08-19,2024-09-09,Sold,2048000.0,1953000.0
L104759,Sandton,Townhouse,1,108.0,2024-08-19,2024-08-24,Sold,3703000.0,3522000.0
L103701,Brooklyn,House,2,170.0,2024-08-20,2024-09-15,Sold,4031000.0,4031000.0
L104582,Bryanston,House,3,238.0,2024-08-20,2024-10-15,Sold,6685000.0,6685000.0
L100374,Groenkloof,House,1,112.0,2024-08-20,2024-10-09,Sold,2539000.0,2517000.0
L100592,Brooklyn,House,3,178.0,2024-08-20,2024-10-11,Sold,3139000.0,3071000.0
L104838,Waterkloof Ridge,House,1,147.0,2024-08-20,2024-10-06,Sold,4737000.0,4630000.0
L101288,Lynnwood,Apartment,1,94.0,2024-08-20,2024-09-17,Sold,1897000.0,1887000.0
L102153,Rooihuiskraal,Townhouse,3,172.0,2024-08-20,2024-09-16,Sold,2687000.0,2517000.0
L100406,Brooklyn,Townhouse,4,217.0,2024-08-20,2024-10-04,Sold,5619000.0,5215000.0
L105459,Waterkloof,House,5,306.0,2024-08-20,2024-09-20,Sold,8010000.0,7785000.0
L102185,Groenkloof,Townhouse,2,155.0,2024-08-21,2024-09-30,Sold,3346000.0,3011000.0
L104250,Menlo Park,Apartment,1,48.0,2024-08-21,2024-09-24,Sold,1111000.0,1093000.0
L102230,Menlo Park,House,5,336.0,2024-08-21,2024-09-14,Sold,7757000.0,7757000.0
L103634,Irene,Apartment,1,83.0,2024-08-21,2024-11-25,Sold,1714000.0,1709000.0
L100980,Sandton,Townhouse,3,183.0,2024-08-21,2024-08-29,Sold,5845000.0,5845000.0
L102425,Centurion,Apartment,1,61.0,2024-08-22,,Withdrawn,1116000.0,
L103302,Brooklyn,House,5,339.0,2024-08-22,,Withdrawn,10136000.0,
L105535,Rooihuiskraal,House,5,322.0,2024-08-22,2024-11-19,Sold,5638000.0,5360000.0
L104181,Waterkloof Ridge,Apartment,2,149.0,2024-08-23,2024-10-02,Sold,4621000.0,4597000.0
L104984,Brooklyn,Apartment,2,109.0,2024-08-23,2024-10-04,Sold,2380000.0,2380000.0
L101585,Sandton,House,3,199.0,2024-08-24,2024-09-02,Sold,7148000.0,6622000.0
L102110,Faerie Glen,House,5,336.0,2024-08-25,2024-09-19,Sold,7280000.0,6867000.0
L100160,Waterkloof Ridge,Apartment,1,62.0,2024-08-25,2024-10-25,Sold,1775000.0,1693000.0
L100189,Brooklyn,Apartment,1,85.0,2024-08-25,2024-09-25,Sold,1709000.0,1709000.0
L104225,Bryanston,Apartment,3,165.0,2024-08-25,2024-10-20,Sold,4238000.0,4238000.0
L101036,Menlo Park,House,4,312.0,2024-08-25,2024-09-08,Sold,7184000.0,7123000.0
L102777,Faerie Glen,Apartment,2,94.0,2024-08-25,,Withdrawn,1689000.0,
L104177,Sandton,Apartment,1,146.0,2024-08-26,2024-12-12,Sold,4417000.0,4417000.0
L104145,Brooklyn,Townhouse,2,,2024-08-26,2024-09-10,Sold,2480000.0,2421000.0
L100434,Waterkloof,Apartment,1,89.0,2024-08-26,2024-10-08,Sold,2357000.0,2248000.0
L105942,Waterkloof Ridge,House,4,394.0,2024-08-26,2024-10-17,Sold,10110000.0,9674000.0
L100429,Rooihuiskraal,House,4,207.0,2024-08-27,2024-09-21,Sold,3133000.0,2896000.0
L105368,Bryanston,Apartment,1,82.0,2024-08-27,2024-10-31,Sold,2778000.0,2724000.0
L103126,Faerie Glen,House,4,214.0,2024-08-27,2024-11-02,Sold,3524000.0,3524000.0
L101122,Bryanston,Townhouse,2,160.0,2024-08-27,2024-09-20,Sold,4369000.0,4369000.0
L101508,Groenkloof,Apartment,2,95.0,2024-08-28,,Withdrawn,1909000.0,
L100623,Lynnwood,House,1,136.0,2024-08-28,2024-10-26,Sold,3162000.0,3090000.0
L102622,Brooklyn,House,4,273.0,2024-08-28,2024-09-09,Sold,6823000.0,6591000.0
L105577,Centurion,House,2,199.0,2024-08-28,,Withdrawn,3663000.0,
L102871,Lynnwood,Apartment,2,114.0,2024-08-28,2024-09-24,Sold,2333000.0,2332000.0
L104321,Faerie Glen,House,4,246.0,2024-08-28,2024-12-12,Sold,4889000.0,4843000.0
L104600,Irene,Apartment,1,127.0,2024-08-29,2024-12-01,Sold,2585000.0,2538000.0
L100542,Bryanston,Townhouse,3,223.0,2024-08-29,2024-10-13,Sold,6330000.0,6330000.0
L102012,Waterkloof Ridge,Apartment,1,117.0,2024-08-29,2024-10-22,Sold,3042000.0,2986000.0
L102391,Rooihuiskraal,House,5,304.0,2024-08-30,2024-12-28,Sold,4254000.0,4026000.0
L104161,Brooklyn,Apartment,,69.0,2024-08-30,2024-11-01,Sold,1624000.0,1620000.0
L100461,Waterkloof Ridge,Apartment,1,100.0,2024-08-30,,Withdrawn,2966000.0,
L102923,Centurion,House,4,280.0,2024-08-30,2024-10-05,Sold,5934000.0,5714000.0
L104524,Centurion,Townhouse,2,204.0,2024-08-30,,Withdrawn,3312000.0,
L100181,Bryanston,House,2,143.0,2024-08-30,2024-09-25,Sold,4306000.0,4103000.0
L103830,Lynnwood,Apartment,1,85.0,2024-08-30,2024-09-29,Sold,1563000.0,1542000.0
L102353,Faerie Glen,House,4,335.0,2024-08-30,2024-10-12,Sold,5413000.0,5191000.0
L101955,Sandton,Apartment,1,109.0,2024-08-30,2024-10-13,Sold,3634000.0,3634000.0
L100028,Groenkloof,Townhouse,3,175.0,2024-08-31,2024-09-23,Sold,3040000.0,2861000.0
L101677,Lynnwood,Townhouse,2,144.0,2024-08-31,2024-09-11,Sold,2897000.0,2675000.0
L104969,Irene,House,5,,2024-08-31,2024-11-04,Sold,5531000.0,5218000.0
L104996,Groenkloof,House,3,241.0,2024-08-31,2024-10-23,Sold,4771000.0,4771000.0
L102866,Lynnwood,House,4,243.0,2024-09-01,2024-11-13,Sold,4292000.0,4145000.0
L101086,Rooihuiskraal,Apartment,1,60.0,2024-09-01,2024-11-07,Sold,804000.0,804000.0
L100904,Sandton,House,4,282.0,2024-09-01,2024-10-01,Sold,11656000.0,11341000.0
L102504,Brooklyn,Apartment,1,112.0,2024-09-01,2024-09-07,Sold,2120000.0,2016000.0
L103633,Lynnwood,House,1,150.0,2024-09-01,2024-09-29,Sold,2926000.0,2797000.0
L100770,Brooklyn,House,2,196.0,2024-09-01,2024-10-07,Sold,5957000.0,5957000.0
L100656,Bryanston,Apartment,2,99.0,2024-09-02,2024-09-15,Sold,2922000.0,2812000.0
L101838,Rooihuiskraal,Apartment,1,111.0,2024-09-02,,Withdrawn,1568000.0,
L105093,Menlo Park,House,3,308.0,2024-09-02,2024-09-17,Sold,6969000.0,6835000.0
L102210,Sandton,House,5,405.0,2024-09-02,2024-10-23,Sold,13410000.0,12485000.0
L100738,Lynnwood,Apartment,1,70.0,2024-09-02,2024-09-25,Sold,1332000.0,1311000.0
L105238,Lynnwood,Apartment,3,95.0,2024-09-02,2024-09-06,Sold,2009000.0,1977000.0
L100703,Bryanston,House,2,146.0,2024-09-03,2024-10-13,Sold,4326000.0,4143000.0
L103769,Centurion,House,5,238.0,2024-09-03,2024-10-17,Sold,3915000.0,3914000.0
L100871,Waterkloof,Apartment,1,77.0,2024-09-04,2024-12-12,Sold,1925000.0,1925000.0
L104224,Groenkloof,Apartment,1,,2024-09-04,2024-09-19,Sold,1018000.0,986000.0
L101833,Groenkloof,Apartment,1,79.0,2024-09-04,,Withdrawn,1741000.0,
L100101,Centurion,House,4,269.0,2024-09-04,2024-09-21,Sold,6005000.0,5780000.0
L101177,Menlo Park,Townhouse,1,112.0,2024-09-04,2024-09-17,Sold,2297000.0,2297000.0
L103054,Irene,Apartment,2,82.0,2024-09-04,2024-10-16,Sold,1476000.0,1381000.0
L102260,Centurion,House,6,315.0,2024-09-04,2024-09-24,Sold,6221000.0,6174000.0
L101567,Waterkloof,Apartment,1,85.0,2024-09-05,2024-10-15,Sold,2156000.0,2156000.0
L104208,Lynnwood,House,4,197.0,2024-09-05,2024-12-24,Sold,4503000.0,4272000.0
L102228,Waterkloof,Townhouse,3,159.0,2024-09-05,2024-10-25,Sold,3818000.0,3683000.0
L105475,Waterkloof Ridge,House,5,301.0,2024-09-05,2024-09-23,Sold,7245000.0,6971000.0
L101044,Waterkloof,Townhouse,4,275.0,2024-09-06,2024-09-16,Sold,7295000.0,7295000.0
L101107,Lynnwood,Apartment,2,153.0,2024-09-06,2024-10-08,Sold,3212000.0,3175000.0
L103677,Irene,Apartment,,64.0,2024-09-06,2024-09-27,Sold,1000000.0,1000000.0
L100073,Brooklyn,House,,240.0,2024-09-06,,Withdrawn,5743000.0,
L101696,Groenkloof,House,1,164.0,2024-09-06,2024-09-18,Sold,3243000.0,3165000.0
L103484,Centurion,Apartment,1,100.0,2024-09-06,2024-10-01,Sold,2024000.0,1946000.0
L100450,Waterkloof,House,4,248.0,2024-09-06,2024-10-05,Sold,7787000.0,7787000.0
L104730,Menlo Park,House,,485.0,2024-09-07,2024-10-05,Sold,11156000.0,11156000.0
L101015,Groenkloof,Townhouse,3,209.0,2024-09-07,2024-09-29,Sold,3860000.0,3771000.0
L102082,Centurion,House,4,279.0,2024-09-07,2024-10-18,Sold,5973000.0,5708000.0
L104281,Menlo Park,Apartment,1,81.0,2024-09-07,2024-09-26,Sold,1753000.0,1709000.0
L101120,Centurion,House,4,289.0,2024-09-07,2024-10-03,Sold,6186000.0,6084000.0
L103688,Irene,House,1,166.0,2024-09-08,2024-09-15,Sold,3312000.0,3276000.0
L103843,Irene,Apartment,1,,2024-09-08,2024-12-14,Sold,2071000.0,1905000.0
L105483,Menlo Park,Apartment,1,57.0,2024-09-08,2024-11-04,Sold,1066000.0,1054000.0
L101821,Faerie Glen,Apartment,2,135.0,2024-09-08,2025-01-01,Sold,2414000.0,2380000.0
L100533,Centurion,House,5,312.0,2024-09-08,2024-10-10,Sold,5318000.0,5283000.0
L102496,Faerie Glen,House,3,241.0,2024-09-08,,Withdrawn,4175000.0,
L103278,Menlo Park,House,4,275.0,2024-09-09,2024-11-03,Sold,5657000.0,5435000.0
L105568,Groenkloof,House,2,217.0,2024-09-09,2024-10-13,Sold,4885000.0,4770000.0
L103717,Rooihuiskraal,House,6,353.0,2024-09-09,2024-10-27,Sold,5764000.0,5534000.0
L100640,Centurion,House,2,219.0,2024-09-09,2024-11-04,Sold,3784000.0,3784000.0
L104388,Centurion,House,2,178.0,2024-09-09,2024-10-01,Sold,3328000.0,3102000.0
L100158,Centurion,House,4,246.0,2024-09-09,2024-11-01,Sold,5426000.0,5339000.0
L103679,Waterkloof,House,2,195.0,2024-09-09,2024-10-25,Sold,5080000.0,4856000.0
L101566,Waterkloof,House,6,419.0,2024-09-09,2024-10-19,Sold,14490000.0,13640000.0
L101029,Lynnwood,Townhouse,1,178.0,2024-09-10,2024-11-09,Sold,3861000.0,3781000.0
L100119,Irene,House,6,361.0,2024-09-10,2024-10-15,Sold,5013000.0,4902000.0
L103807,Irene,House,2,156.0,2024-09-10,2024-11-15,Sold,3194000.0,3024000.0
L101688,Irene,House,,344.0,2024-09-11,2024-11-09,Sold,6837000.0,6837000.0
L103027,Bryanston,Apartment,1,123.0,2024-09-11,2024-11-03,Sold,3524000.0,3469000.0
L102659,Brooklyn,House,5,296.0,2024-09-11,2024-10-03,Sold,6742000.0,6537000.0
L103774,Rooihuiskraal,Apartment,1,97.0,2024-09-11,2024-11-17,Sold,1464000.0,1437000.0
L104322,Irene,House,3,233.0,2024-09-11,2024-10-17,Sold,4863000.0,4746000.0
L101692,Brooklyn,House,5,288.0,2024-09-11,2024-09-19,Sold,6720000.0,6720000.0
L100455,Groenkloof,Apartment,1,90.0,2024-09-11,2024-10-07,Sold,1718000.0,1625000.0
L102531,Centurion,House,2,174.0,2024-09-12,2024-11-20,Sold,3369000.0,3081000.0
L105984,Centurion,House,5,314.0,2024-09-12,2024-11-06,Sold,6029000.0,6029000.0
L102297,Waterkloof,House,2,248.0,2024-09-12,2024-11-04,Sold,5915000.0,5857000.0
L103473,Lynnwood,House,3,251.0,2024-09-12,2024-10-09,Sold,5020000.0,4808000.0
L102743,Rooihuiskraal,Apartment,1,,2024-09-13,2024-11-19,Sold,1707000.0,1707000.0
L100059,Waterkloof Ridge,Townhouse,,214.0,2024-09-13,2024-11-10,Sold,6675000.0,6675000.0
L103570,Rooihuiskraal,House,2,167.0,2024-09-13,2024-11-23,Sold,2620000.0,2620000.0
L105120,Irene,Townhouse,2,143.0,2024-09-13,2024-10-23,Sold,2860000.0,2795000.0
L100144,Lynnwood,Apartment,1,68.0,2024-09-13,2024-10-23,Sold,1272000.0,1237000.0
L105510,Waterkloof Ridge,House,6,477.0,2024-09-13,2024-11-07,Sold,16663000.0,16169000.0
L105404,Faerie Glen,Apartment,2,109.0,2024-09-14,2024-10-29,Sold,1813000.0,1698000.0
L101844,Groenkloof,House,4,246.0,2024-09-14,2024-12-07,Sold,4503000.0,4436000.0
L103564,Sandton,Apartment,1,54.0,2024-09-14,2024-10-11,Sold,1552000.0,1471000.0
L101389,Waterkloof,House,5,422.0,2024-09-14,2024-11-02,Sold,11436000.0,10985000.0
L104082,Centurion,House,3,230.0,2024-09-14,2024-10-23,Sold,4401000.0,4401000.0
L103373,Groenkloof,Townhouse,3,258.0,2024-09-14,2024-11-07,Sold,4669000.0,4669000.0
L105327,Sandton,House,4,270.0,2024-09-14,2024-10-29,Sold,8269000.0,8013000.0
L101342,Faerie Glen,Apartment,1,91.0,2024-09-15,2024-10-22,Sold,1485000.0,1388000.0
L100485,Lynnwood,Townhouse,2,113.0,2024-09-15,2024-10-01,Sold,2472000.0,2472000.0
L101427,Waterkloof,House,4,287.0,2024-09-15,2024-10-22,Sold,6698000.0,6107000.0
L104214,Irene,Apartment,3,137.0,2024-09-15,2024-11-16,Sold,2581000.0,2507000.0
L101033,Sandton,House,2,157.0,2024-09-15,2024-12-29,Sold,4480000.0,4462000.0
L101684,Waterkloof Ridge,House,3,,2024-09-16,2024-11-13,Sold,6928000.0,6783000.0
L101860,Irene,Apartment,1,55.0,2024-09-16,2024-12-01,Sold,1094000.0,1094000.0
L103426,Waterkloof,House,4,284.0,2024-09-16,2024-10-31,Sold,7678000.0,7590000.0
L101889,Lynnwood,Apartment,1,46.0,2024-09-16,2024-11-21,Sold,868000.0,814000.0
L104766,Centurion,House,3,215.0,2024-09-16,2024-11-14,Sold,4157000.0,4083000.0
L103851,Brooklyn,Apartment,3,71.0,2024-09-16,2024-10-04,Sold,1745000.0,1708000.0
L102597,Lynnwood,Apartment,1,78.0,2024-09-16,2024-10-11,Sold,1799000.0,1756000.0
L102052,Lynnwood,Townhouse,3,225.0,2024-09-16,2024-09-25,Sold,6030000.0,5917000.0
L102267,Faerie Glen,House,2,133.0,2024-09-17,2024-10-17,Sold,2297000.0,2160000.0
L101658,Lynnwood,House,3,175.0,2024-09-17,2024-10-19,Sold,3867000.0,3867000.0
L104198,Groenkloof,Apartment,2,105.0,2024-09-17,2024-10-14,Sold,2208000.0,2122000.0
L101663,Groenkloof,Townhouse,1,105.0,2024-09-18,2024-10-31,Sold,2268000.0,2171000.0
L101238,Groenkloof,House,,300.0,2024-09-18,2024-11-24,Sold,6476000.0,6284000.0
L100675,Lynnwood,House,3,251.0,2024-09-18,2024-10-09,Sold,5019000.0,4892000.0
L100443,Groenkloof,Apartment,1,110.0,2024-09-18,2024-11-22,Sold,2431000.0,2399000.0
L101895,Groenkloof,Apartment,2,,2024-09-18,2024-10-20,Sold,2343000.0,2292000.0
L100261,Bryanston,House,5,333.0,2024-09-18,2024-10-10,Sold,9416000.0,9416000.0
L102439,Rooihuiskraal,House,4,343.0,2024-09-19,2024-12-14,Sold,5318000.0,5171000.0
L101283,Centurion,House,2,159.0,2024-09-19,2024-10-02,Sold,2731000.0,2521000.0
L103629,Groenkloof,Apartment,1,68.0,2024-09-19,2024-10-17,Sold,1356000.0,1351000.0
L105736,Irene,Apartment,1,54.0,2024-09-19,2024-10-21,Sold,1149000.0,1132000.0
L100778,Rooihuiskraal,House,3,165.0,2024-09-19,2024-11-02,Sold,2832000.0,2560000.0
L105121,Brooklyn,Apartment,,83.0,2024-09-19,2024-10-21,Sold,1799000.0,1799000.0
L104944,Faerie Glen,Townhouse,4,,2024-09-19,2024-12-05,Sold,3334000.0,3186000.0
L104113,Faerie Glen,Apartment,1,96.0,2024-09-20,2024-12-10,Sold,1582000.0,1513000.0
L105094,Sandton,House,3,170.0,2024-09-20,2024-10-24,Sold,5693000.0,5693000.0
L100036,Waterkloof Ridge,Townhouse,1,100.0,2024-09-20,2024-10-10,Sold,2589000.0,2589000.0
L105613,Centurion,Apartment,1,88.0,2024-09-20,2024-10-14,Sold,1568000.0,1553000.0
L103179,Faerie Glen,House,2,190.0,2024-09-21,2024-10-19,Sold,4017000.0,3838000.0
L100001,Lynnwood,House,6,445.0,2024-09-21,2024-11-01,Sold,8867000.0,8867000.0
L103886,Sandton,Apartment,2,176.0,2024-09-21,2024-12-14,Sold,4717000.0,4580000.0
L104056,Brooklyn,House,3,210.0,2024-09-21,2024-09-29,Sold,5145000.0,5086000.0
L100783,Irene,House,2,185.0,2024-09-22,2024-12-19,Sold,3574000.0,3574000.0
L100341,Sandton,Townhouse,3,205.0,2024-09-22,2024-11-14,Sold,8062000.0,7656000.0
L105002,Rooihuiskraal,Apartment,2,103.0,2024-09-22,2024-11-15,Sold,1299000.0,1272000.0
L100409,Sandton,House,5,254.0,2024-09-23,2024-11-10,Sold,9257000.0,8675000.0
L101253,Irene,Apartment,1,64.0,2024-09-23,2024-09-27,Sold,1247000.0,1219000.0
L100271,Groenkloof,House,4,259.0,2024-09-23,2024-10-23,Sold,5380000.0,5380000.0
L104423,Brooklyn,House,4,226.0,2024-09-23,2024-10-07,Sold,4988000.0,4836000.0
L103523,Menlo Park,House,2,141.0,2024-09-23,,Withdrawn,2938000.0,
L102956,Groenkloof,Apartment,1,115.0,2024-09-23,2024-11-01,Sold,2810000.0,2808000.0
L103566,Bryanston,House,3,195.0,2024-09-24,2024-09-29,Sold,5600000.0,5600000.0
L102984,Waterkloof,Apartment,2,119.0,2024-09-24,2024-10-21,Sold,2774000.0,2774000.0
L100316,Menlo Park,House,4,,2024-09-24,2024-10-28,Sold,5043000.0,4847000.0
L105986,Waterkloof,House,1,109.0,2024-09-24,2024-12-07,Sold,3481000.0,3406000.0
L103407,Brooklyn,House,5,306.0,2024-09-25,2024-11-08,Sold,7481000.0,7261000.0
L101433,Groenkloof,House,5,369.0,2024-09-25,2024-12-18,Sold,6951000.0,6945000.0
L105637,Centurion,Apartment,1,113.0,2024-09-25,2024-10-03,Sold,2093000.0,2047000.0
L102034,Waterkloof Ridge,House,2,77.0,2024-09-25,,Withdrawn,2065000.0,
L104053,Lynnwood,House,5,448.0,2024-09-25,2024-11-21,Sold,11244000.0,11038000.0
L103906,Bryanston,House,3,215.0,2024-09-25,2024-10-12,Sold,5847000.0,5723000.0
L102994,Irene,House,4,260.0,2024-09-25,2024-11-21,Sold,5251000.0,5165000.0
L105873,Groenkloof,House,4,247.0,2024-09-26,2024-11-18,Sold,5115000.0,5007000.0
L101358,Centurion,House,5,308.0,2024-09-26,2024-10-15,Sold,5566000.0,5566000.0
L101516,Waterkloof Ridge,Apartment,2,53.0,2024-09-26,2024-10-13,Sold,1217000.0,1149000.0
L102977,Centurion,Townhouse,2,145.0,2024-09-26,2024-10-20,Sold,2055000.0,1984000.0
L103169,Irene,House,3,198.0,2024-09-26,2024-10-06,Sold,3844000.0,3844000.0
L105243,Brooklyn,Apartment,1,75.0,2024-09-26,2024-10-18,Sold,1461000.0,1456000.0
L104714,Irene,Apartment,2,110.0,2024-09-27,2024-12-09,Sold,2044000.0,1977000.0
L103768,Centurion,Apartment,,90.0,2024-09-27,,Withdrawn,1605000.0,
L101560,Sandton,Townhouse,,213.0,2024-09-27,2024-10-21,Sold,6378000.0,6319000.0
L103503,Centurion,House,2,165.0,2024-09-27,2024-10-17,Sold,3757000.0,3592000.0
L105197,Menlo Park,House,2,136.0,2024-09-27,2024-10-08,Sold,3446000.0,3328000.0
L103547,Sandton,Apartment,2,73.0,2024-09-27,2024-12-10,Sold,2124000.0,2070000.0
L100493,Menlo Park,House,6,353.0,2024-09-27,2024-10-13,Sold,6689000.0,6689000.0
L103334,Menlo Park,Apartment,1,90.0,2024-09-28,2024-12-12,Sold,2269000.0,2261000.0
L102583,Groenkloof,House,5,345.0,2024-09-28,2024-10-21,Sold,6902000.0,6902000.0
L103708,Lynnwood,Apartment,,89.0,2024-09-28,2024-11-22,Sold,1817000.0,1771000.0
L104392,Faerie Glen,Apartment,1,110.0,2024-09-28,,Withdrawn,1742000.0,
L104232,Centurion,House,4,267.0,2024-09-28,2024-11-02,Sold,4737000.0,4649000.0
L104712,Irene,House,3,171.0,2024-09-29,2024-11-06,Sold,3415000.0,3312000.0
L103749,Groenkloof,House,4,302.0,2024-09-29,2024-10-21,Sold,6501000.0,6365000.0
L103441,Groenkloof,Townhouse,1,141.0,2024-09-29,2024-10-30,Sold,3442000.0,3280000.0
L100500,Centurion,Townhouse,2,121.0,2024-09-29,2024-12-07,Sold,2105000.0,2020000.0
L101648,Sandton,House,2,260.0,2024-09-29,2024-11-22,Sold,8607000.0,8148000.0
L100307,Centurion,Apartment,1,64.0,2024-09-29,2024-11-02,Sold,1245000.0,1184000.0
L102334,Lynnwood,House,5,303.0,2024-09-29,2024-12-13,Sold,6780000.0,6294000.0
L102188,Brooklyn,Apartment,1,60.0,2024-09-29,2024-11-05,Sold,1342000.0,1342000.0
L100012,Centurion,House,2,180.0,2024-09-30,2024-11-22,Sold,3791000.0,3634000.0
L103502,Waterkloof,Apartment,1,94.0,2024-09-30,2024-10-24,Sold,2539000.0,2397000.0
L102728,Lynnwood,House,3,177.0,2024-09-30,2024-11-01,Sold,3389000.0,3182000.0
L101277,Waterkloof Ridge,Apartment,1,105.0,2024-09-30,2024-12-14,Sold,3133000.0,2997000.0
L102847,Waterkloof,Apartment,1,80.0,2024-10-01,2024-10-10,Sold,2167000.0,2167000.0
L105870,Centurion,House,,378.0,2024-10-02,2024-12-04,Sold,8011000.0,7949000.0
L105046,Brooklyn,Townhouse,2,175.0,2024-10-02,2024-12-02,Sold,4159000.0,4159000.0
L105677,Irene,Townhouse,2,139.0,2024-10-02,2024-11-19,Sold,2440000.0,2380000.0
L103396,Waterkloof,Apartment,1,93.0,2024-10-02,2024-11-04,Sold,2478000.0,2452000.0
L105131,Groenkloof,House,3,,2024-10-03,2024-10-27,Sold,6235000.0,6235000.0
L102784,Groenkloof,Apartment,2,73.0,2024-10-03,2024-12-02,Sold,1540000.0,1487000.0
L100909,Brooklyn,House,2,136.0,2024-10-03,2024-11-09,Sold,3203000.0,3203000.0
L100497,Irene,House,6,413.0,2024-10-03,2024-11-19,Sold,7222000.0,7134000.0
L100813,Irene,House,4,230.0,2024-10-03,2024-10-21,Sold,4067000.0,3673000.0
L100896,Brooklyn,Townhouse,1,176.0,2024-10-03,2024-11-01,Sold,4436000.0,4436000.0
L102404,Rooihuiskraal,Townhouse,2,,2024-10-04,2024-11-21,Sold,1532000.0,1532000.0
L104199,Waterkloof Ridge,Apartment,1,72.0,2024-10-04,,Withdrawn,1829000.0,
L103113,Centurion,House,2,157.0,2024-10-05,2024-11-29,Sold,2816000.0,2715000.0
L100494,Rooihuiskraal,Apartment,1,61.0,2024-10-05,2024-10-24,Sold,968000.0,968000.0
L101639,Centurion,House,2,135.0,2024-10-05,2025-01-01,Sold,2679000.0,2507000.0
L104154,Irene,House,4,306.0,2024-10-05,2024-11-16,Sold,7194000.0,6620000.0
L102553,Sandton,Apartment,2,73.0,2024-10-05,2024-11-03,Sold,2490000.0,2490000.0
L104639,Brooklyn,House,6,501.0,2024-10-05,2024-10-16,Sold,11355000.0,10609000.0
L101130,Sandton,House,3,275.0,2024-10-06,2024-11-17,Sold,9631000.0,9249000.0
L101604,Brooklyn,Townhouse,2,117.0,2024-10-06,2024-12-14,Sold,2668000.0,2668000.0
L105417,Sandton,House,5,381.0,2024-10-06,,Withdrawn,12021000.0,
L105433,Lynnwood,Apartment,1,63.0,2024-10-07,2024-12-10,Sold,1259000.0,1219000.0
L100723,Sandton,House,2,229.0,2024-10-07,2024-12-23,Sold,8407000.0,8407000.0
L100557,Faerie Glen,House,,246.0,2024-10-07,2024-10-16,Sold,4205000.0,4205000.0
L105215,Lynnwood,House,3,191.0,2024-10-07,2025-01-04,Sold,3750000.0,3426000.0
L102196,Waterkloof,Apartment,1,98.0,2024-10-07,2024-11-06,Sold,2268000.0,2268000.0
L105453,Groenkloof,House,5,357.0,2024-10-08,2024-10-15,Sold,8438000.0,7994000.0
L104326,Waterkloof,House,3,321.0,2024-10-08,2024-10-29,Sold,7559000.0,7124000.0
L104569,Irene,Townhouse,3,189.0,2024-10-08,2024-11-06,Sold,3974000.0,3949000.0
L103508,Centurion,Apartment,1,77.0,2024-10-08,2024-11-30,Sold,1192000.0,1176000.0
L102936,Menlo Park,House,3,224.0,2024-10-08,2024-10-28,Sold,5143000.0,5143000.0
L100075,Brooklyn,House,5,385.0,2024-10-08,2024-12-16,Sold,8263000.0,7674000.0
L105050,Brooklyn,House,2,,2024-10-08,2024-10-30,Sold,3881000.0,3713000.0
L104750,Groenkloof,House,6,549.0,2024-10-09,2024-11-18,Sold,13034000.0,12647000.0
L102526,Sandton,Apartment,1,77.0,2024-10-09,2024-11-07,Sold,2500000.0,2495000.0
L103258,Irene,House,,279.0,2024-10-09,2024-11-23,Sold,5950000.0,5731000.0
L100635,Waterkloof Ridge,House,3,301.0,2024-10-09,2024-11-14,Sold,8776000.0,8545000.0
L105856,Irene,House,5,309.0,2024-10-09,2024-11-13,Sold,6047000.0,5508000.0
L101960,Irene,House,1,172.0,2024-10-10,2025-01-12,Sold,4101000.0,3973000.0
L101101,Menlo Park,House,4,197.0,2024-10-10,2024-12-12,Sold,4534000.0,4449000.0
L101616,Waterkloof,House,6,,2024-10-10,2024-12-17,Sold,16764000.0,16659000.0
L102405,Brooklyn,Apartment,1,85.0,2024-10-10,2024-12-15,Sold,1992000.0,1986000.0
L100050,Groenkloof,House,5,394.0,2024-10-11,2024-11-02,Sold,8024000.0,7830000.0
L104773,Lynnwood,Apartment,1,70.0,2024-10-11,2024-10-26,Sold,1400000.0,1332000.0
L101907,Waterkloof,Apartment,2,149.0,2024-10-11,2024-11-10,Sold,3530000.0,3463000.0
L104906,Bryanston,Apartment,1,115.0,2024-10-11,2025-01-12,Sold,3104000.0,3050000.0
L102907,Waterkloof,Apartment,3,117.0,2024-10-11,,Withdrawn,2922000.0,
L105523,Centurion,House,6,577.0,2024-10-12,2024-11-01,Sold,11434000.0,10608000.0
L101740,Brooklyn,House,6,384.0,2024-10-12,2024-10-18,Sold,8579000.0,8579000.0
L104442,Bryanston,Townhouse,2,112.0,2024-10-12,2024-10-24,Sold,3252000.0,3232000.0
L101691,Sandton,House,6,427.0,2024-10-12,2024-11-26,Sold,12812000.0,12755000.0
L100600,Lynnwood,House,5,359.0,2024-10-12,2024-11-12,Sold,7629000.0,7259000.0
L105632,Lynnwood,House,3,174.0,2024-10-12,2024-12-03,Sold,2959000.0,2847000.0
L100690,Brooklyn,House,3,241.0,2024-10-12,2024-11-06,Sold,4772000.0,4772000.0
L102191,Irene,Apartment,1,92.0,2024-10-12,2025-01-06,Sold,1605000.0,1605000.0
L102417,Faerie Glen,Apartment,1,66.0,2024-10-13,2025-01-01,Sold,1330000.0,1300000.0
L101401,Waterkloof,House,2,135.0,2024-10-13,2024-10-24,Sold,3230000.0,3149000.0
L100397,Brooklyn,House,5,307.0,2024-10-14,2024-11-16,Sold,5515000.0,5232000.0
L102839,Waterkloof,Apartment,1,71.0,2024-10-14,2024-11-13,Sold,1997000.0,1855000.0
L100242,Brooklyn,House,3,210.0,2024-10-14,2024-10-22,Sold,4842000.0,4572000.0
L103184,Waterkloof,Apartment,1,94.0,2024-10-14,2024-11-16,Sold,2118000.0,2054000.0
L105929,Waterkloof,Apartment,1,52.0,2024-10-14,,Withdrawn,941000.0,
L102348,Waterkloof,House,6,458.0,2024-10-14,2024-11-10,Sold,11450000.0,11416000.0
L103357,Faerie Glen,Apartment,1,94.0,2024-10-14,2024-12-14,Sold,1576000.0,1527000.0
L104610,Bryanston,House,4,234.0,2024-10-15,2024-12-05,Sold,6780000.0,6780000.0
L102237,Menlo Park,House,3,275.0,2024-10-15,2024-11-02,Sold,6496000.0,6395000.0
L101070,Bryanston,Apartment,1,50.0,2024-10-15,2024-11-12,Sold,1262000.0,1262000.0
L100942,Groenkloof,House,6,395.0,2024-10-15,2024-11-21,Sold,8086000.0,7726000.0
L102048,Waterkloof Ridge,House,6,499.0,2024-10-16,,Withdrawn,15656000.0,
L103418,Waterkloof,House,6,358.0,2024-10-16,2024-10-19,Sold,8176000.0,7796000.0
L104086,Faerie Glen,Apartment,2,102.0,2024-10-16,2024-11-11,Sold,1570000.0,1492000.0
L104539,Menlo Park,Townhouse,3,162.0,2024-10-16,2024-11-07,Sold,3303000.0,3295000.0
L100812,Sandton,House,6,433.0,2024-10-16,2024-11-29,Sold,12673000.0,12199000.0
L104401,Centurion,House,6,,2024-10-16,2024-12-10,Sold,11651000.0,11557000.0
L101399,Lynnwood,Apartment,1,72.0,2024-10-17,2024-12-15,Sold,1366000.0,1342000.0
L101608,Lynnwood,House,2,157.0,2024-10-17,2024-11-30,Sold,3481000.0,3271000.0
L105345,Waterkloof,House,5,328.0,2024-10-17,2024-11-03,Sold,9005000.0,8436000.0
L100097,Waterkloof,House,6,517.0,2024-10-17,2024-12-08,Sold,16828000.0,16828000.0
L104674,Centurion,Townhouse,3,179.0,2024-10-17,2024-11-06,Sold,3161000.0,2970000.0
L103814,Lynnwood,Townhouse,2,86.0,2024-10-18,2024-11-14,Sold,1699000.0,1668000.0
L104234,Waterkloof,Apartment,1,,2024-10-18,2024-11-04,Sold,1503000.0,1503000.0
L101756,Waterkloof Ridge,House,1,128.0,2024-10-18,2024-11-17,Sold,3954000.0,3613000.0
L101220,Waterkloof,House,4,299.0,2024-10-18,2024-12-29,Sold,8776000.0,8636000.0
L105926,Bryanston,House,3,252.0,2024-10-18,2024-12-24,Sold,7060000.0,6616000.0
L102243,Brooklyn,House,2,203.0,2024-10-18,2024-11-30,Sold,5145000.0,5080000.0
L104521,Lynnwood,Apartment,1,77.0,2024-10-18,2024-11-21,Sold,1704000.0,1586000.0
L103045,Sandton,House,3,232.0,2024-10-19,2024-11-24,Sold,8230000.0,8230000.0
L103149,Groenkloof,House,4,224.0,2024-10-19,2024-12-03,Sold,5172000.0,5042000.0
L102126,Menlo Park,House,2,136.0,2024-10-19,2024-11-25,Sold,3018000.0,2992000.0
L104346,Rooihuiskraal,House,2,192.0,2024-10-20,2025-01-29,Sold,2625000.0,2625000.0
L104472,Centurion,Apartment,1,60.0,2024-10-20,2024-11-09,Sold,1041000.0,979000.0
L101630,Lynnwood,House,3,205.0,2024-10-20,2024-11-17,Sold,4012000.0,3939000.0
L100737,Brooklyn,Apartment,1,76.0,2024-10-20,2024-12-01,Sold,1621000.0,1611000.0
L100299,Centurion,Townhouse,2,125.0,2024-10-20,2024-10-31,Sold,2045000.0,1980000.0
L101075,Menlo Park,House,3,244.0,2024-10-20,2024-11-15,Sold,5833000.0,5607000.0
L105737,Centurion,Apartment,1,89.0,2024-10-20,,Withdrawn,1456000.0,
L103300,Sandton,Apartment,2,156.0,2024-10-21,2024-12-14,Sold,4868000.0,4749000.0
L105399,Waterkloof,Townhouse,2,113.0,2024-10-22,2025-01-23,Sold,2837000.0,2813000.0
L100758,Waterkloof,House,3,223.0,2024-10-22,2024-11-07,Sold,6359000.0,5987000.0
L103481,Centurion,House,4,227.0,2024-10-22,2024-11-21,Sold,4764000.0,4578000.0
L104337,Waterkloof,Townhouse,2,,2024-10-22,2024-12-04,Sold,3939000.0,3939000.0
L102233,Sandton,Apartment,1,47.0,2024-10-22,2025-01-18,Sold,1387000.0,1354000.0
L103806,Centurion,Apartment,1,81.0,2024-10-22,2024-12-02,Sold,1189000.0,1165000.0
L104910,Waterkloof Ridge,Apartment,1,55.0,2024-10-22,2024-11-07,Sold,1592000.0,1533000.0
L100794,Waterkloof,Apartment,2,94.0,2024-10-23,2024-11-04,Sold,2535000.0,2356000.0
L105270,Sandton,House,3,349.0,2024-10-23,2024-11-02,Sold,11965000.0,11891000.0
L101999,Faerie Glen,Townhouse,1,107.0,2024-10-23,2024-12-04,Sold,1545000.0,1545000.0
L100877,Menlo Park,House,3,229.0,2024-10-23,2024-11-06,Sold,5059000.0,5004000.0
L105487,Waterkloof Ridge,Apartment,1,86.0,2024-10-23,2024-12-08,Sold,2532000.0,2455000.0
L105108,Faerie Glen,House,6,430.0,2024-10-23,2024-12-04,Sold,6688000.0,6432000.0
L104266,Lynnwood,House,2,122.0,2024-10-23,2024-12-15,Sold,3095000.0,3095000.0
L101087,Rooihuiskraal,House,2,135.0,2024-10-25,2024-11-30,Sold,1801000.0,1801000.0
L101904,Irene,Townhouse,2,161.0,2024-10-25,2024-11-18,Sold,3443000.0,3345000.0
L104370,Brooklyn,House,6,397.0,2024-10-25,2024-12-04,Sold,10036000.0,9725000.0
L100684,Centurion,House,6,370.0,2024-10-25,2024-11-19,Sold,7532000.0,7532000.0
L103340,Menlo Park,House,6,339.0,2024-10-26,2024-11-27,Sold,9105000.0,9105000.0
L103046,Lynnwood,House,5,311.0,2024-10-26,,Withdrawn,6517000.0,
L104106,Centurion,House,6,481.0,2024-10-26,,Withdrawn,9892000.0,
L104247,Waterkloof,House,4,275.0,2024-10-26,2024-11-28,Sold,7388000.0,7388000.0
L100300,Rooihuiskraal,House,1,96.0,2024-10-26,2024-11-24,Sold,1359000.0,1324000.0
L100573,Rooihuiskraal,Apartment,1,70.0,2024-10-27,2025-01-01,Sold,1040000.0,977000.0
L102455,Faerie Glen,House,3,,2024-10-27,2024-12-14,Sold,3476000.0,3381000.0
L100358,Faerie Glen,House,2,157.0,2024-10-27,2024-12-09,Sold,2837000.0,2694000.0
L105320,Waterkloof,House,6,501.0,2024-10-27,2024-11-24,Sold,14181000.0,13425000.0
L104353,Waterkloof,Apartment,2,107.0,2024-10-28,2024-11-16,Sold,2816000.0,2816000.0
L102962,Waterkloof Ridge,Apartment,2,104.0,2024-10-28,2025-01-16,Sold,2970000.0,2953000.0
L105236,Groenkloof,House,3,255.0,2024-10-28,2024-11-30,Sold,5013000.0,4630000.0
L100832,Lynnwood,House,3,276.0,2024-10-29,2024-11-17,Sold,7272000.0,6992000.0
L103836,Centurion,House,4,262.0,2024-10-29,2024-12-25,Sold,5074000.0,4707000.0
L103854,Irene,House,,315.0,2024-10-29,2024-11-13,Sold,5927000.0,5845000.0
L103349,Lynnwood,House,3,184.0,2024-10-30,2024-11-20,Sold,4741000.0,4658000.0
L101541,Brooklyn,House,2,131.0,2024-10-30,2024-11-23,Sold,2896000.0,2829000.0
L101861,Sandton,House,4,232.0,2024-10-31,2025-01-11,Sold,8682000.0,8682000.0
L101284,Sandton,Townhouse,2,80.0,2024-11-01,2024-12-04,Sold,2753000.0,2753000.0
L100584,Sandton,House,2,146.0,2024-11-01,,Withdrawn,5435000.0,
L104081,Brooklyn,House,,243.0,2024-11-01,2024-12-30,Sold,5290000.0,5059000.0
L105255,Bryanston,House,,347.0,2024-11-01,2025-01-09,Sold,11487000.0,11293000.0
L102119,Brooklyn,Apartment,2,172.0,2024-11-01,2024-11-27,Sold,4005000.0,3906000.0
L102463,Irene,Apartment,1,85.0,2024-11-01,2024-11-19,Sold,1510000.0,1450000.0
L101043,Centurion,House,,156.0,2024-11-01,2024-12-18,Sold,3638000.0,3440000.0
L102180,Rooihuiskraal,House,2,141.0,2024-11-01,2025-01-30,Sold,2005000.0,1807000.0
L105029,Waterkloof,Townhouse,3,216.0,2024-11-02,2024-12-02,Sold,6074000.0,5572000.0
L100084,Waterkloof,House,4,257.0,2024-11-02,,Withdrawn,6641000.0,
L103243,Brooklyn,House,3,,2024-11-02,2024-11-18,Sold,4748000.0,4333000.0
L101083,Bryanston,House,4,174.0,2024-11-02,2024-12-17,Sold,6005000.0,6005000.0
L102145,Sandton,Apartment,1,103.0,2024-11-02,2024-11-30,Sold,3642000.0,3595000.0
L104333,Lynnwood,House,3,188.0,2024-11-02,2025-03-02,Sold,3871000.0,3527000.0
L103386,Faerie Glen,Townhouse,3,157.0,2024-11-02,2024-12-08,Sold,3310000.0,3296000.0
L105741,Centurion,House,5,334.0,2024-11-02,2024-12-17,Sold,6274000.0,6201000.0
L100628,Faerie Glen,House,4,278.0,2024-11-03,2024-12-18,Sold,5288000.0,5062000.0
L103863,Menlo Park,Townhouse,2,129.0,2024-11-03,2024-12-03,Sold,2537000.0,2445000.0
L104761,Faerie Glen,Apartment,2,,2024-11-03,2024-12-11,Sold,1286000.0,1208000.0
L102498,Bryanston,Apartment,2,133.0,2024-11-03,,Withdrawn,3840000.0,
L103489,Faerie Glen,Townhouse,4,263.0,2024-11-03,2024-12-03,Sold,4155000.0,4045000.0
L105440,Waterkloof Ridge,House,,151.0,2024-11-03,2024-11-16,Sold,3604000.0,3389000.0
L101522,Bryanston,House,4,260.0,2024-11-04,2025-01-04,Sold,6917000.0,6917000.0
L100482,Irene,Apartment,1,52.0,2024-11-04,2025-01-18,Sold,806000.0,778000.0
L100754,Centurion,House,4,299.0,2024-11-04,2024-11-13,Sold,6595000.0,6092000.0
L102441,Groenkloof,House,2,145.0,2024-11-04,2024-12-26,Sold,3172000.0,3144000.0
L105091,Rooihuiskraal,House,4,203.0,2024-11-04,2025-01-30,Sold,2812000.0,2780000.0
L101818,Faerie Glen,Townhouse,3,166.0,2024-11-05,2025-01-24,Sold,3113000.0,2959000.0
L103504,Centurion,Apartment,1,100.0,2024-11-05,2025-01-06,Sold,1532000.0,1532000.0
L103323,Rooihuiskraal,Apartment,2,107.0,2024-11-05,2024-11-24,Sold,1380000.0,1354000.0
L104188,Waterkloof,House,1,111.0,2024-11-05,2024-12-25,Sold,2663000.0,2508000.0
L100347,Brooklyn,Apartment,2,128.0,2024-11-05,2024-11-17,Sold,2909000.0,2804000.0
L103414,Brooklyn,Apartment,,81.0,2024-11-06,2024-12-13,Sold,1630000.0,1624000.0
L103607,Brooklyn,House,4,262.0,2024-11-06,2024-12-02,Sold,6873000.0,6181000.0
L103782,Sandton,Apartment,1,71.0,2024-11-06,2024-12-29,Sold,2225000.0,2089000.0
L103198,Groenkloof,House,,138.0,2024-11-06,2025-01-05,Sold,2737000.0,2701000.0
L102711,Brooklyn,House,2,207.0,2024-11-06,2024-11-19,Sold,5452000.0,5296000.0
L104573,Menlo Park,House,2,194.0,2024-11-07,,Withdrawn,3837000.0,
L105561,Menlo Park,House,6,373.0,2024-11-07,2024-12-19,Sold,7910000.0,7553000.0
L100149,Waterkloof,Apartment,2,137.0,2024-11-07,2024-12-26,Sold,3129000.0,3129000.0
L105902,Waterkloof Ridge,House,4,215.0,2024-11-07,2024-12-02,Sold,6320000.0,6320000.0
L101233,Centurion,House,3,202.0,2024-11-07,2024-12-04,Sold,3528000.0,3528000.0
L101841,Irene,House,,217.0,2024-11-07,2024-11-18,Sold,4231000.0,4231000.0
L104347,Bryanston,Apartment,1,65.0,2024-11-07,2024-12-17,Sold,1252000.0,1242000.0
L104506,Lynnwood,Apartment,2,131.0,2024-11-08,2024-12-01,Sold,2590000.0,2495000.0
L104049,Centurion,Apartment,2,122.0,2024-11-08,,Withdrawn,2021000.0,
L103985,Waterkloof,Townhouse,2,91.0,2024-11-08,2024-11-29,Sold,2554000.0,2425000.0
L105275,Rooihuiskraal,House,3,225.0,2024-11-08,2024-12-10,Sold,3685000.0,3649000.0
L105579,Rooihuiskraal,Apartment,2,95.0,2024-11-08,2024-12-01,Sold,1930000.0,1890000.0
L100392,Irene,House,2,183.0,2024-11-08,2024-11-28,Sold,3844000.0,3544000.0
L101540,Bryanston,Townhouse,3,193.0,2024-11-08,2024-12-19,Sold,5386000.0,4892000.0
L100111,Groenkloof,House,3,258.0,2024-11-08,2024-12-14,Sold,5475000.0,5475000.0
L102902,Waterkloof Ridge,Apartment,1,78.0,2024-11-08,2024-11-22,Sold,1804000.0,1739000.0
L101325,Bryanston,House,3,163.0,2024-11-08,2024-12-14,Sold,4141000.0,3863000.0
L101597,Groenkloof,Apartment,2,112.0,2024-11-09,2024-12-07,Sold,1951000.0,1935000.0
L104544,Menlo Park,House,2,177.0,2024-11-09,2024-12-11,Sold,3759000.0,3458000.0
L101530,Brooklyn,House,4,260.0,2024-11-09,2024-11-24,Sold,5652000.0,5400000.0
L101063,Irene,House,3,213.0,2024-11-10,2024-11-22,Sold,4151000.0,4018000.0
L103799,Brooklyn,House,3,276.0,2024-11-10,2024-12-16,Sold,7394000.0,6857000.0
L105205,Waterkloof,House,5,322.0,2024-11-10,,Withdrawn,9206000.0,
L104432,Bryanston,House,2,193.0,2024-11-10,,Withdrawn,5579000.0,
L104138,Centurion,House,4,195.0,2024-11-10,2024-12-15,Sold,3422000.0,3416000.0
L103330,Sandton,Apartment,1,76.0,2024-11-11,2024-12-07,Sold,2295000.0,2274000.0
L103804,Waterkloof,House,3,212.0,2024-11-11,,Withdrawn,4933000.0,
L100368,Menlo Park,Apartment,1,98.0,2024-11-11,2025-01-08,Sold,1855000.0,1855000.0
L101620,Groenkloof,House,4,299.0,2024-11-11,2024-11-25,Sold,6538000.0,6302000.0
L102414,Faerie Glen,House,6,577.0,2024-11-12,,Withdrawn,9503000.0,
L100400,Brooklyn,House,4,,2024-11-12,2024-11-29,Sold,5201000.0,5053000.0
L101506,Centurion,Townhouse,1,83.0,2024-11-12,2024-12-10,Sold,1640000.0,1640000.0
L104300,Lynnwood,House,3,193.0,2024-11-12,2024-12-07,Sold,4978000.0,4854000.0
L105525,Sandton,Apartment,2,114.0,2024-11-12,2024-12-17,Sold,3343000.0,3343000.0
L104599,Lynnwood,Townhouse,1,87.0,2024-11-12,2024-12-09,Sold,1626000.0,1590000.0
L100659,Lynnwood,House,2,111.0,2024-11-12,2024-12-16,Sold,2286000.0,2064000.0
L103573,Lynnwood,Apartment,1,65.0,2024-11-12,2024-12-29,Sold,1273000.0,1222000.0
L100132,Irene,Apartment,2,73.0,2024-11-13,2025-01-07,Sold,1616000.0,1616000.0
L100491,Centurion,Apartment,2,103.0,2024-11-13,2024-12-10,Sold,2596000.0,2596000.0
L102502,Sandton,House,5,350.0,2024-11-13,2025-02-01,Sold,9895000.0,9649000.0
L105773,Faerie Glen,Apartment,2,97.0,2024-11-13,2025-01-19,Sold,1618000.0,1556000.0
L101196,Brooklyn,House,4,322.0,2024-11-13,2024-12-12,Sold,7959000.0,7897000.0
L103835,Lynnwood,House,4,236.0,2024-11-14,2024-12-19,Sold,6048000.0,6048000.0
L102257,Rooihuiskraal,House,4,281.0,2024-11-14,2024-12-31,Sold,4996000.0,4901000.0
L103884,Sandton,House,3,240.0,2024-11-14,2024-12-20,Sold,7607000.0,7240000.0
L105778,Centurion,House,4,283.0,2024-11-14,2025-02-03,Sold,5866000.0,5727000.0
L100056,Lynnwood,House,3,182.0,2024-11-14,,Withdrawn,3450000.0,
L102925,Irene,House,5,379.0,2024-11-15,2025-01-14,Sold,8179000.0,7917000.0
L104128,Rooihuiskraal,House,1,169.0,2024-11-15,2025-02-02,Sold,2222000.0,2170000.0
L103930,Faerie Glen,House,5,361.0,2024-11-16,2024-12-16,Sold,7192000.0,7093000.0
L102559,Waterkloof,Apartment,1,79.0,2024-11-16,2024-11-28,Sold,1677000.0,1677000.0
L101523,Rooihuiskraal,House,2,235.0,2024-11-16,2025-02-15,Sold,3556000.0,3556000.0
L103868,Irene,House,2,236.0,2024-11-17,2025-01-05,Sold,4301000.0,4188000.0
L105663,Waterkloof Ridge,House,3,249.0,2024-11-17,2024-12-16,Sold,7163000.0,7085000.0
L101721,Brooklyn,Apartment,1,84.0,2024-11-17,2024-12-20,Sold,1605000.0,1598000.0
L100026,Lynnwood,House,3,244.0,2024-11-17,2024-11-28,Sold,5824000.0,5532000.0
L101806,Waterkloof,Apartment,1,74.0,2024-11-17,2024-12-05,Sold,1835000.0,1775000.0
L105478,Irene,Apartment,2,117.0,2024-11-17,2024-12-26,Sold,2428000.0,2327000.0
L100769,Irene,House,2,188.0,2024-11-17,2025-01-20,Sold,3679000.0,3500000.0
L105881,Brooklyn,Apartment,1,44.0,2024-11-18,2024-12-13,Sold,1028000.0,992000.0
L102115,Sandton,Townhouse,3,216.0,2024-11-18,2024-12-24,Sold,7047000.0,7033000.0
L100396,Bryanston,Apartment,1,60.0,2024-11-18,2024-12-05,Sold,1469000.0,1422000.0
L105955,Centurion,Apartment,1,107.0,2024-11-18,2024-12-05,Sold,2040000.0,2040000.0
L103005,Rooihuiskraal,Apartment,2,84.0,2024-11-19,2024-12-15,Sold,1171000.0,1112000.0
L104843,Lynnwood,Apartment,1,103.0,2024-11-19,2025-02-06,Sold,2134000.0,2027000.0
L102618,Bryanston,House,3,224.0,2024-11-19,2024-12-12,Sold,6380000.0,6063000.0
L105584,Centurion,Apartment,3,178.0,2024-11-19,2025-01-17,Sold,2561000.0,2496000.0
L101681,Bryanston,Apartment,1,123.0,2024-11-19,2025-01-18,Sold,3306000.0,3090000.0
L104147,Centurion,House,4,245.0,2024-11-19,2024-12-10,Sold,5407000.0,5407000.0
L103780,Waterkloof,House,5,313.0,2024-11-19,2025-01-17,Sold,7625000.0,7274000.0
L100566,Rooihuiskraal,Apartment,1,71.0,2024-11-20,2025-01-13,Sold,895000.0,854000.0
L102577,Bryanston,House,2,183.0,2024-11-20,2025-01-17,Sold,5250000.0,5049000.0
L101719,Bryanston,House,6,503.0,2024-11-20,2025-01-16,Sold,16332000.0,16239000.0
L103772,Centurion,Apartment,1,111.0,2024-11-20,2024-12-06,Sold,2133000.0,2004000.0
L100955,Bryanston,House,3,231.0,2024-11-21,2024-12-02,Sold,6889000.0,6889000.0
L104289,Irene,House,4,315.0,2024-11-22,,Withdrawn,5853000.0,
L102911,Waterkloof Ridge,House,4,324.0,2024-11-22,2024-12-26,Sold,9742000.0,9259000.0
L101281,Lynnwood,House,5,303.0,2024-11-22,,Withdrawn,7523000.0,
L103711,Rooihuiskraal,House,3,252.0,2024-11-23,2024-12-25,Sold,4112000.0,4007000.0
L105644,Irene,Apartment,2,110.0,2024-11-23,2024-12-19,Sold,2289000.0,2227000.0
L104267,Bryanston,House,3,183.0,2024-11-23,2025-03-10,Sold,5456000.0,5311000.0
L104126,Faerie Glen,House,6,412.0,2024-11-23,2025-03-13,Sold,7140000.0,6997000.0
L103771,Sandton,Apartment,1,100.0,2024-11-23,2024-12-16,Sold,2939000.0,2879000.0
L101854,Bryanston,House,,136.0,2024-11-24,2024-12-28,Sold,3691000.0,3493000.0
L101062,Brooklyn,House,2,148.0,2024-11-24,2025-01-11,Sold,3473000.0,3444000.0
L103188,Waterkloof Ridge,Apartment,1,78.0,2024-11-24,2025-01-07,Sold,2153000.0,2153000.0
L105364,Bryanston,Apartment,1,71.0,2024-11-24,2025-01-27,Sold,2403000.0,2339000.0
L104400,Rooihuiskraal,Townhouse,3,128.0,2024-11-24,2025-01-24,Sold,1995000.0,1866000.0
L105516,Groenkloof,Townhouse,2,141.0,2024-11-24,2025-02-01,Sold,2899000.0,2899000.0
L100282,Brooklyn,House,2,221.0,2024-11-25,2024-12-21,Sold,6145000.0,6111000.0
L101778,Menlo Park,House,2,217.0,2024-11-25,2024-12-18,Sold,4663000.0,4329000.0
L104365,Waterkloof Ridge,House,5,268.0,2024-11-25,2024-12-10,Sold,7422000.0,7210000.0
L104160,Faerie Glen,House,6,369.0,2024-11-25,2025-01-01,Sold,5948000.0,5948000.0
L104907,Waterkloof Ridge,House,4,209.0,2024-11-25,2024-12-30,Sold,5643000.0,5322000.0
L104030,Faerie Glen,Apartment,1,62.0,2024-11-26,2025-01-05,Sold,1051000.0,1018000.0
L104727,Brooklyn,Apartment,2,57.0,2024-11-26,2025-02-03,Sold,1230000.0,1185000.0
L101890,Brooklyn,House,3,216.0,2024-11-26,2024-12-14,Sold,5918000.0,5759000.0
L100384,Menlo Park,House,4,223.0,2024-11-26,2024-12-19,Sold,4078000.0,4077000.0
L103382,Sandton,House,4,269.0,2024-11-26,2025-01-03,Sold,7400000.0,7211000.0
L104917,Centurion,Apartment,1,87.0,2024-11-26,2025-01-08,Sold,1626000.0,1626000.0
L101359,Groenkloof,Apartment,2,77.0,2024-11-26,2024-12-23,Sold,1391000.0,1365000.0
L103069,Lynnwood,House,3,183.0,2024-11-26,2025-01-02,Sold,3617000.0,3553000.0
L104705,Brooklyn,Apartment,1,94.0,2024-11-27,,Withdrawn,1779000.0,
L102621,Sandton,Apartment,2,130.0,2024-11-27,2024-12-28,Sold,4437000.0,4248000.0
L101863,Faerie Glen,House,6,351.0,2024-11-27,2024-12-31,Sold,5843000.0,5554000.0
L100838,Lynnwood,Townhouse,2,163.0,2024-11-28,,Withdrawn,3707000.0,
L101106,Waterkloof Ridge,Apartment,1,122.0,2024-11-28,2024-12-10,Sold,3059000.0,3022000.0
L104183,Faerie Glen,House,6,494.0,2024-11-28,2024-12-19,Sold,8322000.0,8222000.0
L101270,Sandton,Apartment,2,123.0,2024-11-28,2025-03-28,Sold,4100000.0,4092000.0
L105732,Centurion,Townhouse,2,110.0,2024-11-28,2025-01-09,Sold,1806000.0,1737000.0
L103039,Centurion,House,4,249.0,2024-11-28,2024-12-11,Sold,4931000.0,4547000.0
L103254,Waterkloof,Apartment,1,60.0,2024-11-28,2024-12-31,Sold,1634000.0,1577000.0
L101505,Faerie Glen,Apartment,3,150.0,2024-11-28,2025-01-09,Sold,2572000.0,2572000.0
L105044,Brooklyn,Apartment,1,85.0,2024-11-29,2024-12-11,Sold,1573000.0,1541000.0
L101212,Irene,Apartment,1,59.0,2024-11-29,,Withdrawn,912000.0,
L101383,Sandton,House,2,,2024-11-29,2024-12-18,Sold,4524000.0,4318000.0
L103554,Brooklyn,House,4,231.0,2024-11-29,2025-02-27,Sold,5258000.0,4910000.0
L101282,Lynnwood,House,1,148.0,2024-11-29,2025-02-14,Sold,2919000.0,2864000.0
L103344,Faerie Glen,Apartment,2,129.0,2024-11-30,2025-01-27,Sold,2273000.0,2101000.0
L105353,Centurion,House,5,289.0,2024-12-01,2025-01-29,Sold,4817000.0,4817000.0
L105617,Bryanston,House,3,225.0,2024-12-01,2024-12-15,Sold,5964000.0,5719000.0
L105747,Sandton,House,2,158.0,2024-12-01,2025-02-13,Sold,4625000.0,4255000.0
L103499,Bryanston,House,2,108.0,2024-12-01,2024-12-19,Sold,2560000.0,2546000.0
L101009,Lynnwood,House,3,221.0,2024-12-01,2025-01-16,Sold,5063000.0,4620000.0
L102738,Centurion,Apartment,2,147.0,2024-12-02,2024-12-22,Sold,3110000.0,3110000.0
L105728,Sandton,Apartment,2,113.0,2024-12-02,2025-01-21,Sold,3836000.0,3621000.0
L104001,Menlo Park,Apartment,2,46.0,2024-12-02,2025-01-25,Sold,981000.0,981000.0
L105565,Brooklyn,House,5,330.0,2024-12-02,2025-03-14,Sold,7853000.0,7853000.0
L102011,Brooklyn,Apartment,,92.0,2024-12-02,2024-12-25,Sold,2161000.0,2161000.0
L103574,Menlo Park,House,4,339.0,2024-12-02,2025-01-26,Sold,7244000.0,7130000.0
L103040,Menlo Park,House,5,291.0,2024-12-03,2024-12-11,Sold,7182000.0,7100000.0
L104641,Waterkloof,Apartment,1,69.0,2024-12-03,2024-12-18,Sold,1975000.0,1866000.0
L104952,Brooklyn,House,4,322.0,2024-12-03,2024-12-18,Sold,8917000.0,8917000.0
L100079,Rooihuiskraal,Apartment,2,116.0,2024-12-03,2025-01-18,Sold,1541000.0,1418000.0
L104159,Groenkloof,Apartment,1,98.0,2024-12-04,2024-12-21,Sold,2229000.0,2229000.0
L105742,Rooihuiskraal,Townhouse,2,141.0,2024-12-04,2025-01-28,Sold,2043000.0,1913000.0
L103333,Brooklyn,Apartment,2,120.0,2024-12-04,2024-12-22,Sold,2401000.0,2385000.0
L103404,Bryanston,Apartment,1,76.0,2024-12-04,2025-01-17,Sold,2188000.0,2133000.0
L100688,Rooihuiskraal,Apartment,2,117.0,2024-12-04,2025-01-02,Sold,1639000.0,1573000.0
L100098,Waterkloof Ridge,Apartment,1,83.0,2024-12-05,2025-01-03,Sold,2072000.0,1965000.0
L105764,Lynnwood,Townhouse,3,200.0,2024-12-05,2024-12-17,Sold,4266000.0,4088000.0
L101504,Bryanston,House,3,206.0,2024-12-05,2025-02-12,Sold,5635000.0,5611000.0
L100998,Sandton,Apartment,1,74.0,2024-12-05,2025-01-22,Sold,2640000.0,2457000.0
L105993,Sandton,House,5,347.0,2024-12-05,2024-12-10,Sold,10913000.0,10303000.0
L101487,Lynnwood,House,3,218.0,2024-12-06,2024-12-24,Sold,4376000.0,4096000.0
L101462,Groenkloof,House,5,348.0,2024-12-06,2025-01-07,Sold,6873000.0,6636000.0
L102435,Sandton,Apartment,2,65.0,2024-12-06,2025-01-08,Sold,1642000.0,1625000.0
L100290,Bryanston,Apartment,1,73.0,2024-12-06,2025-02-14,Sold,1944000.0,1926000.0
L102580,Waterkloof,Apartment,1,77.0,2024-12-06,2025-01-24,Sold,2004000.0,1928000.0
L102449,Irene,Apartment,2,69.0,2024-12-08,,Withdrawn,1236000.0,
L103865,Menlo Park,House,3,183.0,2024-12-08,2024-12-17,Sold,4256000.0,4159000.0
L105065,Faerie Glen,House,5,390.0,2024-12-09,,Withdrawn,7244000.0,
L103702,Irene,Townhouse,2,112.0,2024-12-09,2025-01-09,Sold,2299000.0,2282000.0
L104069,Groenkloof,House,4,247.0,2024-12-09,2025-01-17,Sold,4891000.0,4781000.0
L105076,Faerie Glen,House,2,199.0,2024-12-09,2025-01-17,Sold,3758000.0,3668000.0
L101565,Lynnwood,Townhouse,2,158.0,2024-12-10,2025-01-29,Sold,3869000.0,3683000.0
L101251,Waterkloof Ridge,House,5,280.0,2024-12-10,2024-12-25,Sold,8214000.0,7833000.0
L101247,Groenkloof,House,2,166.0,2024-12-10,2024-12-16,Sold,3663000.0,3380000.0
L103752,Lynnwood,House,5,365.0,2024-12-10,2024-12-21,Sold,8183000.0,8183000.0
L105643,Menlo Park,Apartment,1,62.0,2024-12-10,,Withdrawn,978000.0,
L105375,Centurion,House,4,282.0,2024-12-10,2025-01-29,Sold,6752000.0,6364000.0
L104493,Waterkloof Ridge,House,3,154.0,2024-12-10,2025-01-23,Sold,4848000.0,4848000.0
L102917,Bryanston,House,3,168.0,2024-12-10,2025-01-08,Sold,4599000.0,4599000.0
L101933,Bryanston,House,4,293.0,2024-12-10,2024-12-31,Sold,9136000.0,8993000.0
L100969,Groenkloof,Apartment,1,74.0,2024-12-11,2025-01-19,Sold,1586000.0,1527000.0
L104606,Bryanston,House,3,283.0,2024-12-11,2025-01-03,Sold,7767000.0,7358000.0
L100037,Lynnwood,House,4,275.0,2024-12-11,2025-01-07,Sold,6436000.0,6430000.0
L101795,Brooklyn,Apartment,,68.0,2024-12-11,2025-01-20,Sold,1449000.0,1430000.0
L104255,Waterkloof,House,5,297.0,2024-12-11,2024-12-22,Sold,8186000.0,8186000.0
L102013,Lynnwood,House,5,440.0,2024-12-11,2024-12-26,Sold,10190000.0,10066000.0
L105360,Centurion,Apartment,2,,2024-12-12,2025-01-23,Sold,2280000.0,2221000.0
L104475,Centurion,House,2,212.0,2024-12-12,2025-01-26,Sold,4365000.0,4365000.0
L100775,Bryanston,House,4,242.0,2024-12-12,2025-01-08,Sold,8408000.0,8223000.0
L105626,Centurion,House,,214.0,2024-12-14,2025-02-02,Sold,3417000.0,3319000.0
L105142,Menlo Park,Apartment,2,97.0,2024-12-14,2025-01-20,Sold,2224000.0,2207000.0
L104792,Brooklyn,House,6,346.0,2024-12-15,2024-12-23,Sold,7915000.0,7548000.0
L100653,Brooklyn,House,3,231.0,2024-12-15,,Withdrawn,5071000.0,
L100238,Waterkloof,Apartment,1,73.0,2024-12-15,2025-01-01,Sold,1726000.0,1618000.0
L103859,Waterkloof,House,3,255.0,2024-12-15,2025-01-18,Sold,7321000.0,6937000.0
L105405,Centurion,House,4,237.0,2024-12-16,2025-01-04,Sold,4860000.0,4839000.0
L102232,Waterkloof Ridge,Townhouse,4,204.0,2024-12-17,2025-03-06,Sold,6410000.0,6410000.0
L103034,Sandton,House,2,183.0,2024-12-17,2025-02-06,Sold,6485000.0,6146000.0
L104684,Sandton,Apartment,2,101.0,2024-12-17,2025-02-10,Sold,2856000.0,2856000.0
L101322,Waterkloof,House,2,112.0,2024-12-17,2025-01-07,Sold,3237000.0,3237000.0
L102868,Sandton,House,3,242.0,2024-12-17,2025-02-05,Sold,8283000.0,7609000.0
L103312,Faerie Glen,House,4,226.0,2024-12-18,2025-01-14,Sold,4044000.0,3991000.0
L103182,Faerie Glen,House,2,179.0,2024-12-18,2024-12-25,Sold,3749000.0,3420000.0
L102651,Lynnwood,Townhouse,2,80.0,2024-12-18,2025-02-16,Sold,1384000.0,1300000.0
L102582,Waterkloof,House,5,372.0,2024-12-18,2025-01-03,Sold,9585000.0,9061000.0
L100948,Bryanston,Apartment,2,119.0,2024-12-18,2024-12-26,Sold,2931000.0,2867000.0
L101791,Brooklyn,House,2,155.0,2024-12-18,,Withdrawn,3311000.0,
L105348,Centurion,House,5,294.0,2024-12-18,2025-01-08,Sold,5802000.0,5802000.0
L100102,Brooklyn,Apartment,1,61.0,2024-12-19,2024-12-28,Sold,1382000.0,1319000.0
L100819,Brooklyn,Townhouse,2,182.0,2024-12-19,2025-01-19,Sold,3664000.0,3513000.0
L102125,Menlo Park,House,3,238.0,2024-12-19,,Withdrawn,5075000.0,
L105198,Rooihuiskraal,House,3,223.0,2024-12-20,2025-02-11,Sold,3063000.0,2943000.0
L105670,Irene,House,6,530.0,2024-12-20,2025-02-03,Sold,8545000.0,7939000.0
L104704,Waterkloof Ridge,House,4,243.0,2024-12-20,2025-02-07,Sold,7813000.0,7540000.0
L100799,Centurion,House,4,223.0,2024-12-20,2025-01-13,Sold,3918000.0,3918000.0
L104484,Bryanston,House,,216.0,2024-12-20,2025-01-12,Sold,6409000.0,5931000.0
L103590,Rooihuiskraal,Apartment,3,95.0,2024-12-20,2025-04-19,Sold,1287000.0,1237000.0
L102812,Centurion,Apartment,1,73.0,2024-12-20,2025-01-12,Sold,1132000.0,1132000.0
L100780,Brooklyn,House,5,362.0,2024-12-20,2025-01-01,Sold,9244000.0,8466000.0
L105673,Faerie Glen,Apartment,2,106.0,2024-12-21,2025-01-30,Sold,2040000.0,1850000.0
L102270,Irene,House,4,305.0,2024-12-21,2025-01-26,Sold,6711000.0,6515000.0
L102951,Rooihuiskraal,House,3,240.0,2024-12-21,2025-02-06,Sold,3371000.0,3371000.0
L100060,Centurion,Apartment,1,108.0,2024-12-21,2025-03-02,Sold,2043000.0,1912000.0
L101334,Sandton,House,3,223.0,2024-12-22,2025-01-13,Sold,8599000.0,8292000.0
L104786,Menlo Park,Apartment,1,82.0,2024-12-22,2025-01-25,Sold,1814000.0,1814000.0
L103860,Lynnwood,House,2,175.0,2024-12-22,2025-01-25,Sold,3575000.0,3519000.0
L100152,Waterkloof Ridge,House,5,283.0,2024-12-22,2025-02-22,Sold,9176000.0,9176000.0
L103609,Brooklyn,House,5,269.0,2024-12-22,2024-12-28,Sold,8213000.0,7611000.0
L104024,Rooihuiskraal,House,1,162.0,2024-12-23,2025-02-11,Sold,2230000.0,2113000.0
L103559,Faerie Glen,Apartment,1,67.0,2024-12-23,,Withdrawn,1203000.0,
L105274,Menlo Park,House,3,171.0,2024-12-23,2025-01-28,Sold,2732000.0,2704000.0
L103922,Menlo Park,Apartment,1,57.0,2024-12-23,2025-02-08,Sold,1204000.0,1194000.0
L104206,Groenkloof,House,6,416.0,2024-12-25,2025-02-13,Sold,11117000.0,10631000.0
L101834,Groenkloof,Apartment,1,98.0,2024-12-25,2025-02-02,Sold,2145000.0,2022000.0
L105944,Waterkloof,House,3,239.0,2024-12-25,2025-01-18,Sold,5889000.0,5747000.0
L102626,Irene,House,5,365.0,2024-12-25,2025-01-03,Sold,6430000.0,6344000.0
L101438,Sandton,House,1,127.0,2024-12-25,2025-01-18,Sold,4375000.0,4184000.0
L102369,Faerie Glen,House,6,422.0,2024-12-25,2025-01-27,Sold,7944000.0,7598000.0
L103310,Sandton,House,3,190.0,2024-12-26,2025-04-09,Sold,6821000.0,6721000.0
L104273,Bryanston,House,3,265.0,2024-12-26,2025-03-09,Sold,7147000.0,6816000.0
L101859,Brooklyn,Apartment,2,91.0,2024-12-26,2025-02-24,Sold,1724000.0,1724000.0
L103059,Brooklyn,Apartment,,97.0,2024-12-26,2025-03-24,Sold,2116000.0,2022000.0
L103876,Waterkloof,Apartment,1,74.0,2024-12-26,2025-01-16,Sold,1752000.0,1745000.0
L105828,Faerie Glen,House,3,278.0,2024-12-26,2025-01-14,Sold,5604000.0,5318000.0
L100949,Menlo Park,Townhouse,2,129.0,2024-12-26,2025-02-23,Sold,2961000.0,2936000.0
L101570,Lynnwood,Apartment,1,74.0,2024-12-26,2025-02-07,Sold,1491000.0,1448000.0
L103683,Faerie Glen,House,5,322.0,2024-12-27,2025-01-17,Sold,5353000.0,5129000.0
L104399,Rooihuiskraal,Apartment,1,95.0,2024-12-27,2025-03-01,Sold,1401000.0,1333000.0
L101946,Groenkloof,Townhouse,1,122.0,2024-12-27,2025-03-10,Sold,3092000.0,3040000.0
L105701,Waterkloof Ridge,Apartment,1,88.0,2024-12-27,2025-01-25,Sold,2161000.0,2161000.0
L105301,Irene,Townhouse,3,155.0,2024-12-27,2025-01-27,Sold,2786000.0,2757000.0
L103483,Irene,Apartment,1,144.0,2024-12-27,2025-03-02,Sold,2952000.0,2799000.0
L104585,Rooihuiskraal,Apartment,1,62.0,2024-12-28,2025-02-05,Sold,832000.0,815000.0
L104312,Brooklyn,Apartment,1,,2024-12-28,,Withdrawn,867000.0,
L104131,Irene,House,4,287.0,2024-12-28,2025-01-21,Sold,6378000.0,6188000.0
L102046,Lynnwood,Apartment,1,105.0,2024-12-28,2025-02-14,Sold,1827000.0,1827000.0
L104466,Groenkloof,House,3,191.0,2024-12-28,2025-02-12,Sold,3652000.0,3355000.0
L103961,Waterkloof Ridge,House,5,389.0,2024-12-29,2025-01-16,Sold,10544000.0,10286000.0
L100858,Menlo Park,House,4,274.0,2024-12-29,2025-03-08,Sold,5996000.0,5996000.0
L101569,Faerie Glen,Townhouse,3,203.0,2024-12-29,2025-02-23,Sold,3230000.0,3102000.0
L105074,Sandton,Townhouse,3,147.0,2024-12-29,2025-03-31,Sold,4722000.0,4607000.0
L102542,Menlo Park,House,,215.0,2024-12-29,2025-02-21,Sold,4940000.0,4734000.0
L103212,Rooihuiskraal,House,6,373.0,2024-12-29,2025-02-15,Sold,5765000.0,5342000.0
L104831,Brooklyn,House,3,179.0,2024-12-29,2025-01-16,Sold,4114000.0,3969000.0
L103423,Lynnwood,House,,132.0,2024-12-30,2025-01-08,Sold,3144000.0,2887000.0
L104894,Centurion,Apartment,1,53.0,2024-12-30,2025-01-27,Sold,895000.0,857000.0
L100606,Bryanston,Apartment,1,46.0,2024-12-30,2025-02-08,Sold,1146000.0,1120000.0
L102840,Rooihuiskraal,House,6,337.0,2024-12-30,2025-02-01,Sold,5873000.0,5707000.0
L105085,Lynnwood,Townhouse,1,113.0,2024-12-30,2025-02-04,Sold,2401000.0,2351000.0
L104681,Waterkloof,Apartment,2,53.0,2024-12-30,2025-02-19,Sold,1365000.0,1343000.0
L103218,Brooklyn,Apartment,1,49.0,2024-12-30,2025-02-09,Sold,987000.0,987000.0
L103406,Faerie Glen,House,6,401.0,2024-12-30,2025-03-22,Sold,5974000.0,5786000.0
L100207,Centurion,House,3,193.0,2024-12-30,2025-01-21,Sold,3533000.0,3369000.0
L100044,Bryanston,House,5,284.0,2024-12-31,,Withdrawn,7548000.0,
L104554,Brooklyn,Apartment,3,106.0,2024-12-31,2025-02-15,Sold,2309000.0,2309000.0
L102616,Groenkloof,Apartment,2,97.0,2024-12-31,2025-03-20,Sold,1852000.0,1799000.0
L105423,Waterkloof,House,3,259.0,2025-01-01,2025-02-10,Sold,7477000.0,7477000.0
L103582,Lynnwood,House,3,241.0,2025-01-01,,Withdrawn,4943000.0,
L105599,Lynnwood,House,2,169.0,2025-01-01,2025-01-24,Sold,3584000.0,3489000.0
L103052,Centurion,Townhouse,2,135.0,2025-01-01,2025-02-10,Sold,2760000.0,2693000.0
L100918,Brooklyn,House,3,264.0,2025-01-01,2025-01-12,Sold,5307000.0,5305000.0
L105799,Lynnwood,House,3,255.0,2025-01-01,2025-01-20,Sold,5493000.0,5459000.0
L104334,Bryanston,House,3,221.0,2025-01-02,2025-03-06,Sold,6543000.0,6354000.0
L103704,Waterkloof,House,6,364.0,2025-01-02,2025-01-23,Sold,13410000.0,12752000.0
L101537,Centurion,Apartment,3,99.0,2025-01-02,2025-02-04,Sold,1715000.0,1616000.0
L103116,Groenkloof,House,2,210.0,2025-01-02,2025-01-22,Sold,4969000.0,4892000.0
L104462,Menlo Park,House,6,479.0,2025-01-03,2025-01-26,Sold,10180000.0,10123000.0
L103924,Groenkloof,House,3,229.0,2025-01-03,2025-03-02,Sold,6253000.0,6100000.0
L102108,Menlo Park,Apartment,2,123.0,2025-01-03,2025-03-04,Sold,2258000.0,2094000.0
L101165,Bryanston,House,2,167.0,2025-01-03,2025-01-07,Sold,5040000.0,4873000.0
L100448,Waterkloof,Apartment,2,74.0,2025-01-03,2025-03-17,Sold,1611000.0,1499000.0
L101768,Waterkloof Ridge,Townhouse,2,126.0,2025-01-03,,Withdrawn,4103000.0,
L100464,Irene,Apartment,2,137.0,2025-01-04,2025-01-23,Sold,2463000.0,2442000.0
L101606,Sandton,Apartment,1,73.0,2025-01-04,2025-02-09,Sold,2000000.0,2000000.0
L100093,Menlo Park,Apartment,3,175.0,2025-01-04,2025-03-05,Sold,3312000.0,3212000.0
L103730,Sandton,House,5,351.0,2025-01-04,2025-01-15,Sold,11175000.0,10361000.0
L100728,Lynnwood,Apartment,1,101.0,2025-01-05,2025-02-25,Sold,1990000.0,1990000.0
L100895,Bryanston,House,4,221.0,2025-01-05,2025-01-31,Sold,6255000.0,6255000.0
L102023,Brooklyn,House,2,154.0,2025-01-05,2025-02-07,Sold,3260000.0,3169000.0
L101286,Lynnwood,Apartment,,67.0,2025-01-05,2025-01-26,Sold,1235000.0,1168000.0
L105959,Brooklyn,House,3,305.0,2025-01-05,2025-02-05,Sold,8279000.0,8279000.0
L100184,Rooihuiskraal,House,6,400.0,2025-01-05,2025-02-27,Sold,6035000.0,5713000.0
L103057,Groenkloof,Townhouse,2,215.0,2025-01-06,2025-05-06,Sold,3713000.0,3604000.0
L103545,Lynnwood,House,2,188.0,2025-01-06,2025-03-11,Sold,3664000.0,3444000.0
L104710,Rooihuiskraal,Apartment,1,113.0,2025-01-06,2025-02-25,Sold,1548000.0,1478000.0
L102772,Bryanston,Apartment,1,131.0,2025-01-06,2025-02-28,Sold,3238000.0,3150000.0
L101117,Rooihuiskraal,Apartment,1,65.0,2025-01-06,2025-01-21,Sold,953000.0,943000.0
L103599,Lynnwood,House,2,162.0,2025-01-06,2025-03-04,Sold,3630000.0,3630000.0
L100568,Menlo Park,Apartment,1,85.0,2025-01-06,2025-02-03,Sold,1868000.0,1846000.0
L105408,Brooklyn,House,5,,2025-01-06,2025-03-15,Sold,7739000.0,7689000.0
L105609,Centurion,House,4,254.0,2025-01-07,2025-01-18,Sold,4703000.0,4483000.0
L103992,Waterkloof,House,3,167.0,2025-01-07,2025-01-29,Sold,4481000.0,4144000.0
L101347,Menlo Park,House,1,165.0,2025-01-07,2025-02-12,Sold,4490000.0,4304000.0
L104422,Irene,House,2,118.0,2025-01-07,2025-03-16,Sold,2139000.0,2054000.0
L102815,Faerie Glen,House,3,188.0,2025-01-07,,Withdrawn,3734000.0,
L102970,Lynnwood,Apartment,2,111.0,2025-01-07,,Withdrawn,2151000.0,
L102720,Faerie Glen,Apartment,1,67.0,2025-01-07,,Withdrawn,1240000.0,
L105710,Rooihuiskraal,Apartment,3,131.0,2025-01-08,2025-03-07,Sold,1749000.0,1685000.0
L101240,Bryanston,Apartment,1,45.0,2025-01-08,2025-02-23,Sold,1079000.0,1079000.0
L101967,Bryanston,Apartment,2,111.0,2025-01-08,2025-01-28,Sold,3018000.0,2956000.0
L105031,Bryanston,House,3,262.0,2025-01-08,2025-01-17,Sold,8460000.0,8460000.0
L101885,Menlo Park,House,3,234.0,2025-01-08,2025-03-20,Sold,5981000.0,5909000.0
L102045,Waterkloof,House,3,265.0,2025-01-08,2025-01-22,Sold,6220000.0,5868000.0
L105500,Groenkloof,House,4,208.0,2025-01-08,2025-02-27,Sold,4581000.0,4417000.0
L101149,Bryanston,Apartment,1,67.0,2025-01-08,2025-01-28,Sold,1744000.0,1744000.0
L103317,Waterkloof Ridge,House,6,,2025-01-08,2025-02-10,Sold,14398000.0,14398000.0
L105184,Waterkloof,House,4,214.0,2025-01-08,2025-03-10,Sold,5874000.0,5679000.0
L100209,Faerie Glen,Apartment,1,76.0,2025-01-09,2025-03-07,Sold,1461000.0,1393000.0
L105800,Lynnwood,Apartment,2,128.0,2025-01-10,2025-02-16,Sold,2543000.0,2426000.0
L102552,Centurion,Apartment,1,46.0,2025-01-10,2025-02-23,Sold,832000.0,810000.0
L102434,Centurion,Apartment,1,76.0,2025-01-10,,Withdrawn,1489000.0,
L103617,Groenkloof,House,4,294.0,2025-01-10,2025-03-16,Sold,6435000.0,6100000.0
L104450,Bryanston,House,4,228.0,2025-01-10,2025-01-30,Sold,7008000.0,6968000.0
L100199,Menlo Park,Townhouse,2,124.0,2025-01-10,2025-03-08,Sold,2699000.0,2599000.0
L105196,Lynnwood,House,2,223.0,2025-01-10,2025-02-13,Sold,4881000.0,4876000.0
L100459,Centurion,Apartment,1,74.0,2025-01-10,2025-03-03,Sold,1410000.0,1325000.0
L102438,Lynnwood,Townhouse,3,218.0,2025-01-10,2025-03-01,Sold,4779000.0,4779000.0
L104491,Bryanston,House,1,74.0,2025-01-11,2025-02-27,Sold,2054000.0,1964000.0
L104923,Bryanston,House,6,392.0,2025-01-11,2025-02-04,Sold,13408000.0,13183000.0
L102797,Menlo Park,Apartment,1,79.0,2025-01-11,2025-01-22,Sold,1532000.0,1516000.0
L103041,Sandton,House,3,230.0,2025-01-11,2025-02-09,Sold,6731000.0,5797000.0
L101858,Brooklyn,Apartment,1,,2025-01-11,2025-02-13,Sold,1902000.0,1778000.0
L103321,Lynnwood,House,5,240.0,2025-01-11,2025-04-12,Sold,4954000.0,4918000.0
L105868,Waterkloof Ridge,House,3,160.0,2025-01-11,2025-01-28,Sold,4887000.0,4630000.0
L104523,Bryanston,House,6,547.0,2025-01-12,2025-01-15,Sold,13542000.0,13189000.0
L103733,Irene,House,2,205.0,2025-01-12,2025-02-28,Sold,3948000.0,3860000.0
L103687,Sandton,Apartment,1,100.0,2025-01-12,2025-02-28,Sold,3414000.0,3248000.0
L103241,Irene,House,6,405.0,2025-01-12,2025-03-08,Sold,6301000.0,5988000.0
L105241,Brooklyn,House,2,147.0,2025-01-12,2025-02-09,Sold,3988000.0,3929000.0
L102095,Menlo Park,Apartment,1,65.0,2025-01-12,2025-01-26,Sold,1156000.0,1133000.0
L100096,Menlo Park,House,3,182.0,2025-01-12,2025-02-12,Sold,3558000.0,3505000.0
L105234,Centurion,Apartment,1,,2025-01-13,,Withdrawn,1708000.0,
L105307,Brooklyn,Apartment,1,54.0,2025-01-13,2025-02-25,Sold,1299000.0,1292000.0
L105033,Faerie Glen,House,6,489.0,2025-01-13,2025-03-06,Sold,9165000.0,8427000.0
L103242,Sandton,House,2,162.0,2025-01-13,2025-03-04,Sold,6492000.0,6305000.0
L102437,Centurion,Apartment,2,149.0,2025-01-13,2025-03-08,Sold,2316000.0,2285000.0
L100522,Groenkloof,House,1,166.0,2025-01-13,2025-03-14,Sold,3083000.0,3015000.0
L105447,Menlo Park,House,5,307.0,2025-01-13,2025-02-27,Sold,5379000.0,5253000.0
L105711,Faerie Glen,House,4,288.0,2025-01-13,2025-03-01,Sold,6368000.0,6153000.0
L100339,Sandton,Apartment,2,94.0,2025-01-14,2025-01-23,Sold,3132000.0,3019000.0
L102018,Irene,House,3,213.0,2025-01-14,2025-02-27,Sold,4173000.0,4088000.0
L104166,Waterkloof,Townhouse,4,227.0,2025-01-14,2025-03-05,Sold,7091000.0,7091000.0
L102376,Bryanston,Apartment,2,54.0,2025-01-15,2025-02-19,Sold,1358000.0,1345000.0
L105410,Brooklyn,House,6,450.0,2025-01-15,2025-02-28,Sold,9342000.0,9093000.0
L100051,Waterkloof,House,2,156.0,2025-01-15,2025-02-04,Sold,3900000.0,3900000.0
L105825,Groenkloof,House,5,358.0,2025-01-15,2025-01-24,Sold,8573000.0,7927000.0
L102638,Bryanston,House,4,226.0,2025-01-15,2025-03-01,Sold,5921000.0,5912000.0
L103354,Faerie Glen,Apartment,1,103.0,2025-01-15,2025-04-09,Sold,1738000.0,1738000.0
L101729,Lynnwood,House,4,271.0,2025-01-15,2025-02-13,Sold,5921000.0,5844000.0
L105071,Menlo Park,House,2,120.0,2025-01-15,2025-02-08,Sold,2457000.0,2399000.0
L101923,Menlo Park,Apartment,1,91.0,2025-01-15,2025-02-13,Sold,2033000.0,1991000.0
L105109,Bryanston,House,4,,2025-01-15,2025-03-09,Sold,8514000.0,8514000.0
L103928,Waterkloof Ridge,Apartment,1,56.0,2025-01-15,2025-03-01,Sold,1618000.0,1554000.0
L103437,Menlo Park,Apartment,1,105.0,2025-01-15,2025-02-11,Sold,2201000.0,2119000.0
L105713,Centurion,House,,235.0,2025-01-16,2025-02-20,Sold,3648000.0,3648000.0
L103840,Centurion,Apartment,1,86.0,2025-01-16,2025-04-23,Sold,1313000.0,1263000.0
L100002,Bryanston,Apartment,1,94.0,2025-01-16,2025-03-14,Sold,2884000.0,2884000.0
L103251,Faerie Glen,House,2,167.0,2025-01-16,2025-02-02,Sold,2696000.0,2696000.0
L103225,Rooihuiskraal,Apartment,1,57.0,2025-01-16,2025-02-27,Sold,831000.0,791000.0
L100179,Centurion,House,5,358.0,2025-01-16,2025-03-09,Sold,7113000.0,6732000.0
L102697,Waterkloof,House,6,407.0,2025-01-16,2025-02-15,Sold,9879000.0,9779000.0
L104889,Sandton,House,4,259.0,2025-01-16,2025-03-09,Sold,9279000.0,9026000.0
L101518,Groenkloof,House,3,145.0,2025-01-16,2025-02-22,Sold,2655000.0,2455000.0
L100240,Bryanston,Apartment,1,64.0,2025-01-17,2025-02-13,Sold,2058000.0,1911000.0
L103461,Rooihuiskraal,House,6,460.0,2025-01-18,2025-03-16,Sold,6081000.0,5810000.0
L104633,Brooklyn,Apartment,1,79.0,2025-01-18,2025-02-25,Sold,1429000.0,1346000.0
L104755,Faerie Glen,House,3,231.0,2025-01-18,2025-03-04,Sold,4167000.0,4125000.0
L105687,Groenkloof,House,5,356.0,2025-01-18,2025-03-16,Sold,7124000.0,6762000.0
L104345,Sandton,Apartment,2,106.0,2025-01-18,2025-03-28,Sold,3450000.0,3450000.0
L100818,Irene,House,2,196.0,2025-01-18,2025-03-13,Sold,4618000.0,4414000.0
L105481,Waterkloof,Apartment,2,91.0,2025-01-19,2025-03-17,Sold,2359000.0,2280000.0
L103201,Sandton,Townhouse,3,185.0,2025-01-20,2025-04-13,Sold,6089000.0,6039000.0
L105052,Faerie Glen,Apartment,1,92.0,2025-01-20,2025-02-24,Sold,1542000.0,1455000.0
L101699,Centurion,Apartment,1,58.0,2025-01-20,2025-03-02,Sold,1030000.0,1014000.0
L100686,Lynnwood,Townhouse,3,,2025-01-20,2025-02-28,Sold,3925000.0,3739000.0
L103002,Brooklyn,House,4,274.0,2025-01-21,2025-03-13,Sold,6511000.0,6231000.0
L104663,Waterkloof,Apartment,1,,2025-01-21,2025-02-22,Sold,1296000.0,1296000.0
L105039,Rooihuiskraal,Apartment,2,145.0,2025-01-22,2025-02-14,Sold,2249000.0,2212000.0
L100930,Brooklyn,House,2,162.0,2025-01-22,,Withdrawn,3352000.0,
L102989,Irene,House,5,318.0,2025-01-22,2025-02-26,Sold,6943000.0,6488000.0
L101012,Lynnwood,House,2,149.0,2025-01-22,2025-03-02,Sold,3057000.0,2980000.0
L105488,Lynnwood,House,6,517.0,2025-01-22,2025-02-23,Sold,10743000.0,10743000.0
L100638,Rooihuiskraal,Apartment,2,96.0,2025-01-22,2025-03-10,Sold,1720000.0,1719000.0
L100707,Rooihuiskraal,House,3,176.0,2025-01-22,2025-03-14,Sold,2456000.0,2353000.0
L102253,Irene,Apartment,1,62.0,2025-01-23,2025-03-26,Sold,911000.0,881000.0
L102549,Brooklyn,Apartment,2,,2025-01-23,2025-02-24,Sold,2206000.0,2109000.0
L104034,Waterkloof Ridge,Townhouse,2,180.0,2025-01-23,2025-02-01,Sold,4432000.0,4202000.0
L102609,Menlo Park,House,5,323.0,2025-01-23,2025-03-21,Sold,7638000.0,7111000.0
L104912,Menlo Park,Apartment,1,68.0,2025-01-23,2025-03-20,Sold,1312000.0,1242000.0
L105624,Waterkloof,Apartment,1,97.0,2025-01-23,2025-03-19,Sold,2560000.0,2560000.0
L104070,Lynnwood,House,3,194.0,2025-01-23,,Withdrawn,4463000.0,
L105720,Rooihuiskraal,House,2,169.0,2025-01-23,2025-02-14,Sold,2611000.0,2500000.0
L100679,Menlo Park,House,3,148.0,2025-01-23,2025-03-26,Sold,3154000.0,2853000.0
L105009,Lynnwood,Townhouse,2,104.0,2025-01-24,2025-03-22,Sold,2229000.0,2171000.0
L104531,Menlo Park,House,3,178.0,2025-01-24,2025-02-09,Sold,3622000.0,3622000.0
L103501,Irene,Apartment,3,107.0,2025-01-24,2025-03-11,Sold,1684000.0,1626000.0
L104637,Centurion,Townhouse,2,184.0,2025-01-24,2025-03-28,Sold,3144000.0,3115000.0
L104936,Menlo Park,Apartment,1,70.0,2025-01-25,2025-03-11,Sold,1408000.0,1397000.0
L104897,Faerie Glen,Apartment,,83.0,2025-01-25,2025-02-07,Sold,1503000.0,1349000.0
L103531,Waterkloof,Apartment,2,133.0,2025-01-25,2025-03-20,Sold,3342000.0,3342000.0
L103199,Sandton,House,1,160.0,2025-01-25,2025-03-04,Sold,5316000.0,5123000.0
L102075,Faerie Glen,House,6,421.0,2025-01-25,2025-04-25,Sold,7483000.0,7080000.0
L100727,Waterkloof,House,2,190.0,2025-01-25,2025-03-15,Sold,4299000.0,4299000.0
L105563,Groenkloof,House,3,,2025-01-26,,Withdrawn,4662000.0,
L100192,Waterkloof Ridge,House,4,228.0,2025-01-26,2025-03-11,Sold,6528000.0,6235000.0
L102646,Centurion,Apartment,1,80.0,2025-01-26,2025-02-06,Sold,1331000.0,1311000.0
L104190,Waterkloof,Townhouse,1,149.0,2025-01-26,2025-03-03,Sold,3778000.0,3627000.0
L104428,Brooklyn,House,5,326.0,2025-01-26,2025-02-16,Sold,7732000.0,7545000.0
L102543,Brooklyn,Townhouse,1,127.0,2025-01-26,2025-05-14,Sold,2995000.0,2995000.0
L103293,Faerie Glen,House,2,166.0,2025-01-27,2025-05-05,Sold,2783000.0,2523000.0
L100602,Sandton,House,4,260.0,2025-01-27,2025-03-13,Sold,9283000.0,8886000.0
L100369,Bryanston,Apartment,2,,2025-01-27,2025-03-13,Sold,1595000.0,1517000.0
L102093,Groenkloof,Townhouse,1,67.0,2025-01-28,,Withdrawn,1261000.0,
L104323,Waterkloof,Apartment,2,126.0,2025-01-28,2025-04-30,Sold,3000000.0,2954000.0
L100984,Groenkloof,House,3,171.0,2025-01-28,2025-02-23,Sold,3501000.0,3393000.0
L103337,Bryanston,House,1,153.0,2025-01-29,2025-03-17,Sold,4964000.0,4964000.0
L102139,Bryanston,House,3,247.0,2025-01-29,2025-02-05,Sold,7239000.0,7118000.0
L102480,Faerie Glen,House,3,188.0,2025-01-29,2025-03-20,Sold,3613000.0,3505000.0
L104638,Groenkloof,House,4,284.0,2025-01-29,2025-02-14,Sold,7956000.0,7585000.0
L102167,Lynnwood,Townhouse,4,252.0,2025-01-29,,Withdrawn,6042000.0,
L101789,Waterkloof,House,3,244.0,2025-01-29,2025-02-10,Sold,6128000.0,6000000.0
L101558,Centurion,Apartment,1,43.0,2025-01-30,,Withdrawn,825000.0,
L104605,Menlo Park,House,6,460.0,2025-01-30,2025-03-11,Sold,12023000.0,11208000.0
L100063,Rooihuiskraal,House,5,341.0,2025-01-30,2025-03-18,Sold,5348000.0,5129000.0
L104692,Centurion,House,5,359.0,2025-01-30,2025-02-22,Sold,7369000.0,7120000.0
L102522,Menlo Park,Townhouse,3,224.0,2025-01-31,2025-02-21,Sold,5050000.0,4664000.0
L100336,Waterkloof Ridge,House,4,212.0,2025-02-01,2025-03-04,Sold,6177000.0,5943000.0
L104402,Waterkloof,House,6,370.0,2025-02-01,2025-02-24,Sold,9413000.0,9413000.0
L105017,Faerie Glen,House,2,169.0,2025-02-01,2025-04-02,Sold,3095000.0,3053000.0
L101486,Sandton,House,4,327.0,2025-02-01,2025-03-08,Sold,11229000.0,10499000.0
L101977,Sandton,Townhouse,3,172.0,2025-02-01,2025-04-03,Sold,6743000.0,6371000.0
L105051,Lynnwood,House,3,203.0,2025-02-01,2025-02-28,Sold,4944000.0,4905000.0
L104720,Lynnwood,House,4,231.0,2025-02-02,2025-03-31,Sold,5681000.0,5142000.0
L100405,Bryanston,Apartment,1,96.0,2025-02-02,2025-04-04,Sold,2817000.0,2780000.0
L101105,Rooihuiskraal,House,6,412.0,2025-02-02,2025-03-04,Sold,6494000.0,6070000.0
L100323,Faerie Glen,House,5,440.0,2025-02-02,2025-02-27,Sold,8939000.0,8573000.0
L105192,Waterkloof Ridge,Apartment,1,79.0,2025-02-02,2025-04-16,Sold,2225000.0,2202000.0
L103579,Waterkloof,House,4,223.0,2025-02-02,,Withdrawn,6611000.0,
L101814,Bryanston,Apartment,1,80.0,2025-02-02,2025-02-22,Sold,2129000.0,2036000.0
L103831,Irene,House,2,172.0,2025-02-02,2025-03-23,Sold,3482000.0,3358000.0
L105432,Centurion,Apartment,2,148.0,2025-02-02,2025-03-15,Sold,2593000.0,2534000.0
L102239,Faerie Glen,House,5,347.0,2025-02-02,2025-03-25,Sold,7013000.0,6528000.0
L103466,Irene,House,4,192.0,2025-02-02,2025-02-16,Sold,3985000.0,3878000.0
L100173,Sandton,House,3,141.0,2025-02-02,2025-04-18,Sold,4680000.0,4231000.0
L100569,Faerie Glen,Townhouse,1,111.0,2025-02-02,2025-02-23,Sold,1583000.0,1491000.0
L100524,Waterkloof Ridge,House,4,242.0,2025-02-02,2025-02-18,Sold,7707000.0,7425000.0
L101145,Menlo Park,Apartment,1,63.0,2025-02-03,2025-04-29,Sold,1377000.0,1352000.0
L103786,Sandton,House,4,318.0,2025-02-03,2025-02-16,Sold,13061000.0,12518000.0
L100587,Menlo Park,Townhouse,2,126.0,2025-02-03,2025-03-18,Sold,2592000.0,2574000.0
L103520,Faerie Glen,Townhouse,3,206.0,2025-02-03,2025-06-03,Sold,3646000.0,3475000.0
L103911,Lynnwood,Apartment,2,104.0,2025-02-03,,Withdrawn,2138000.0,
L102692,Bryanston,House,3,217.0,2025-02-03,,Withdrawn,6400000.0,
L102331,Menlo Park,Apartment,2,125.0,2025-02-03,,Withdrawn,3224000.0,
L103485,Centurion,House,5,308.0,2025-02-04,2025-04-08,Sold,5207000.0,4929000.0
L100829,Brooklyn,Apartment,1,58.0,2025-02-04,2025-02-25,Sold,967000.0,909000.0
L101711,Menlo Park,Apartment,1,60.0,2025-02-05,2025-03-02,Sold,1150000.0,1101000.0
L100367,Centurion,House,4,277.0,2025-02-05,2025-02-16,Sold,5741000.0,5602000.0
L101213,Menlo Park,Apartment,1,83.0,2025-02-05,2025-02-19,Sold,1445000.0,1445000.0
L105156,Menlo Park,Townhouse,3,130.0,2025-02-05,2025-03-24,Sold,2726000.0,2726000.0
L104537,Bryanston,Apartment,1,73.0,2025-02-05,2025-03-24,Sold,2016000.0,2016000.0
L102764,Waterkloof,House,3,217.0,2025-02-06,2025-03-16,Sold,5698000.0,5649000.0
L102903,Sandton,House,4,284.0,2025-02-06,2025-03-09,Sold,10670000.0,9928000.0
L100229,Waterkloof Ridge,House,4,194.0,2025-02-06,2025-03-19,Sold,7568000.0,7099000.0
L101591,Waterkloof,Townhouse,6,345.0,2025-02-06,2025-02-20,Sold,9383000.0,8883000.0
L101189,Centurion,Apartment,2,101.0,2025-02-07,2025-03-23,Sold,1757000.0,1686000.0
L104815,Waterkloof,House,2,104.0,2025-02-07,2025-03-15,Sold,2932000.0,2878000.0
L101534,Waterkloof,House,2,,2025-02-08,2025-03-06,Sold,4275000.0,4104000.0
L103596,Bryanston,House,4,202.0,2025-02-08,2025-05-09,Sold,5818000.0,5651000.0
L101292,Faerie Glen,Apartment,1,84.0,2025-02-08,2025-03-09,Sold,1320000.0,1234000.0
L100411,Centurion,Apartment,2,83.0,2025-02-08,,Withdrawn,1750000.0,
L102533,Waterkloof,Townhouse,1,97.0,2025-02-08,2025-05-05,Sold,2779000.0,2779000.0
L100088,Groenkloof,House,6,391.0,2025-02-08,2025-03-16,Sold,8196000.0,7939000.0
L100398,Lynnwood,Apartment,2,200.0,2025-02-08,2025-05-17,Sold,3960000.0,3793000.0
L105224,Faerie Glen,House,6,574.0,2025-02-08,2025-04-08,Sold,9794000.0,9333000.0
L105027,Menlo Park,Apartment,1,66.0,2025-02-08,2025-04-07,Sold,1409000.0,1409000.0
L103479,Irene,Apartment,1,110.0,2025-02-09,2025-04-12,Sold,1879000.0,1733000.0
L104019,Centurion,Apartment,1,60.0,2025-02-09,,Withdrawn,935000.0,
L101670,Brooklyn,Townhouse,3,213.0,2025-02-09,2025-03-09,Sold,4984000.0,4766000.0
L101839,Centurion,House,,603.0,2025-02-09,2025-03-01,Sold,12080000.0,11042000.0
L102739,Irene,Apartment,3,197.0,2025-02-09,2025-02-23,Sold,3386000.0,3288000.0
L104746,Lynnwood,House,3,235.0,2025-02-10,2025-02-22,Sold,5111000.0,4744000.0
L102990,Rooihuiskraal,Townhouse,2,132.0,2025-02-10,2025-05-12,Sold,1846000.0,1760000.0
L101853,Rooihuiskraal,House,4,261.0,2025-02-10,2025-03-30,Sold,3804000.0,3433000.0
L100618,Waterkloof Ridge,House,5,368.0,2025-02-10,2025-02-20,Sold,11188000.0,10913000.0
L104477,Brooklyn,House,3,,2025-02-10,2025-03-16,Sold,3142000.0,3058000.0
L101646,Brooklyn,House,3,188.0,2025-02-10,2025-02-18,Sold,3880000.0,3783000.0
L100928,Irene,House,3,165.0,2025-02-11,2025-03-04,Sold,3161000.0,3160000.0
L104651,Rooihuiskraal,House,4,281.0,2025-02-11,2025-02-28,Sold,4785000.0,4528000.0
L105838,Lynnwood,Apartment,3,118.0,2025-02-11,2025-03-18,Sold,2161000.0,2122000.0
L101609,Lynnwood,Townhouse,3,115.0,2025-02-11,,Withdrawn,2059000.0,
L101599,Brooklyn,Apartment,2,117.0,2025-02-12,2025-03-12,Sold,2398000.0,2358000.0
L102453,Rooihuiskraal,Townhouse,4,263.0,2025-02-12,2025-03-29,Sold,3614000.0,3525000.0
L104557,Centurion,House,3,160.0,2025-02-12,2025-04-06,Sold,3113000.0,3068000.0
L105359,Bryanston,House,4,289.0,2025-02-12,2025-03-21,Sold,7536000.0,7083000.0
L103591,Menlo Park,House,2,132.0,2025-02-12,2025-04-14,Sold,3273000.0,2914000.0
L101169,Waterkloof Ridge,House,2,175.0,2025-02-12,2025-04-20,Sold,5365000.0,5300000.0
L105036,Bryanston,House,5,,2025-02-13,2025-02-23,Sold,10405000.0,10388000.0
L103440,Brooklyn,Apartment,1,105.0,2025-02-13,,Withdrawn,2321000.0,
L100310,Lynnwood,House,4,,2025-02-13,2025-03-12,Sold,4723000.0,4486000.0
L105260,Centurion,Apartment,2,198.0,2025-02-13,,Withdrawn,3386000.0,
L103587,Faerie Glen,House,4,189.0,2025-02-13,2025-05-24,Sold,3309000.0,3309000.0
L100837,Sandton,Apartment,1,51.0,2025-02-13,2025-03-06,Sold,1574000.0,1574000.0
L102036,Sandton,House,2,175.0,2025-02-13,,Withdrawn,5257000.0,
L102255,Faerie Glen,House,4,306.0,2025-02-14,2025-03-25,Sold,5701000.0,5655000.0
L105688,Rooihuiskraal,Apartment,2,89.0,2025-02-15,2025-03-21,Sold,1416000.0,1416000.0
L105016,Faerie Glen,House,3,251.0,2025-02-15,2025-03-03,Sold,5203000.0,5168000.0
L103482,Bryanston,Townhouse,2,170.0,2025-02-15,2025-03-13,Sold,5077000.0,4729000.0
L103167,Groenkloof,House,3,195.0,2025-02-15,2025-04-25,Sold,4446000.0,4313000.0
L104741,Brooklyn,Apartment,2,127.0,2025-02-15,2025-03-22,Sold,2719000.0,2699000.0
L100663,Waterkloof,Apartment,1,98.0,2025-02-16,,Withdrawn,2645000.0,
L101181,Waterkloof Ridge,House,4,242.0,2025-02-16,2025-03-29,Sold,7619000.0,7619000.0
L101564,Rooihuiskraal,House,5,376.0,2025-02-16,2025-03-21,Sold,6592000.0,6491000.0
L101372,Lynnwood,House,2,,2025-02-16,2025-03-10,Sold,4388000.0,4388000.0
L102828,Bryanston,House,4,238.0,2025-02-16,2025-03-13,Sold,7461000.0,7461000.0
L100258,Waterkloof,House,2,166.0,2025-02-17,2025-03-05,Sold,4663000.0,4513000.0
L103122,Menlo Park,Apartment,1,102.0,2025-02-17,2025-04-07,Sold,2146000.0,2131000.0
L104249,Rooihuiskraal,Townhouse,3,184.0,2025-02-17,2025-03-03,Sold,2796000.0,2677000.0
L101379,Lynnwood,House,3,203.0,2025-02-17,2025-03-24,Sold,4793000.0,4614000.0
L105604,Faerie Glen,House,3,208.0,2025-02-18,,Withdrawn,3787000.0,
L104991,Bryanston,Apartment,1,77.0,2025-02-18,2025-03-30,Sold,2044000.0,2044000.0
L100283,Brooklyn,House,3,272.0,2025-02-18,2025-02-27,Sold,5815000.0,5717000.0
L104666,Bryanston,House,3,189.0,2025-02-18,2025-04-11,Sold,5724000.0,5473000.0
L104771,Lynnwood,House,5,339.0,2025-02-18,,Withdrawn,7936000.0,
L100308,Brooklyn,House,3,162.0,2025-02-18,2025-03-08,Sold,4099000.0,3974000.0
L103433,Brooklyn,House,4,317.0,2025-02-18,2025-03-19,Sold,7019000.0,6813000.0
L103090,Bryanston,Apartment,1,,2025-02-18,2025-03-26,Sold,2647000.0,2592000.0
L103185,Waterkloof,Townhouse,3,169.0,2025-02-19,2025-04-17,Sold,4307000.0,4158000.0
L100883,Lynnwood,Apartment,1,71.0,2025-02-19,2025-04-09,Sold,1360000.0,1360000.0
L102372,Brooklyn,House,4,289.0,2025-02-19,2025-04-01,Sold,8422000.0,8261000.0
L105967,Brooklyn,House,3,201.0,2025-02-19,2025-04-19,Sold,4614000.0,4520000.0
L105819,Lynnwood,House,3,234.0,2025-02-19,2025-04-16,Sold,5801000.0,5140000.0
L104330,Waterkloof Ridge,House,4,,2025-02-19,2025-04-04,Sold,7025000.0,7025000.0
L101647,Rooihuiskraal,House,5,324.0,2025-02-19,2025-04-30,Sold,4540000.0,4168000.0
L105281,Brooklyn,Apartment,1,69.0,2025-02-19,,Withdrawn,1565000.0,
L101466,Lynnwood,House,5,,2025-02-19,2025-03-26,Sold,10553000.0,8996000.0
L105058,Irene,Townhouse,1,127.0,2025-02-20,2025-04-04,Sold,2791000.0,2535000.0
L102790,Bryanston,Townhouse,4,152.0,2025-02-20,,Withdrawn,3809000.0,
L103978,Faerie Glen,House,6,,2025-02-20,2025-04-26,Sold,7482000.0,7054000.0
L101674,Rooihuiskraal,House,4,263.0,2025-02-20,2025-04-17,Sold,4212000.0,4161000.0
L105811,Waterkloof,House,2,207.0,2025-02-20,2025-03-05,Sold,5380000.0,5056000.0
L102278,Bryanston,Townhouse,3,174.0,2025-02-20,2025-04-11,Sold,5777000.0,5688000.0
L100989,Rooihuiskraal,House,5,309.0,2025-02-20,2025-04-14,Sold,5755000.0,5472000.0
L104285,Groenkloof,House,4,288.0,2025-02-20,2025-03-28,Sold,6720000.0,6325000.0
L100800,Centurion,House,3,324.0,2025-02-21,2025-03-07,Sold,5962000.0,5903000.0
L104934,Centurion,House,3,197.0,2025-02-21,2025-03-16,Sold,3980000.0,3943000.0
L102490,Sandton,House,2,235.0,2025-02-21,2025-05-02,Sold,7696000.0,7472000.0
L100458,Rooihuiskraal,House,3,221.0,2025-02-22,2025-03-14,Sold,4365000.0,4286000.0
L102078,Brooklyn,Townhouse,2,193.0,2025-02-22,2025-03-20,Sold,4136000.0,4136000.0
L105330,Rooihuiskraal,Apartment,2,54.0,2025-02-22,2025-03-23,Sold,774000.0,741000.0
L101280,Menlo Park,Apartment,1,82.0,2025-02-22,2025-03-13,Sold,1695000.0,1646000.0
L105177,Waterkloof,Apartment,2,124.0,2025-02-22,2025-05-11,Sold,3544000.0,3434000.0
L105271,Bryanston,House,5,287.0,2025-02-22,2025-03-23,Sold,8088000.0,7946000.0
L104883,Menlo Park,Apartment,1,78.0,2025-02-22,2025-04-20,Sold,1896000.0,1794000.0
L100211,Irene,Apartment,1,85.0,2025-02-22,2025-05-24,Sold,1855000.0,1690000.0
L105025,Irene,Apartment,2,145.0,2025-02-23,2025-03-24,Sold,2942000.0,2876000.0
L100963,Waterkloof Ridge,House,5,,2025-02-23,2025-04-28,Sold,9809000.0,9697000.0
L105418,Waterkloof Ridge,Apartment,1,54.0,2025-02-23,2025-04-08,Sold,1465000.0,1434000.0
L105321,Centurion,House,4,264.0,2025-02-23,2025-03-17,Sold,5683000.0,5683000.0
L105342,Bryanston,House,1,151.0,2025-02-23,2025-03-22,Sold,4091000.0,3954000.0
L104137,Bryanston,Apartment,1,62.0,2025-02-23,2025-03-28,Sold,1787000.0,1678000.0
L105252,Brooklyn,House,,231.0,2025-02-23,2025-03-07,Sold,6162000.0,6162000.0
L105784,Brooklyn,Apartment,1,87.0,2025-02-24,2025-04-14,Sold,1980000.0,1932000.0
L103800,Waterkloof,House,4,313.0,2025-02-24,2025-03-17,Sold,6586000.0,6349000.0
L102955,Menlo Park,House,3,224.0,2025-02-25,2025-05-08,Sold,5342000.0,5236000.0
L103805,Groenkloof,Apartment,,127.0,2025-02-25,2025-04-28,Sold,2991000.0,2968000.0
L104836,Waterkloof,House,4,324.0,2025-02-25,2025-03-25,Sold,9286000.0,9286000.0
L104324,Groenkloof,House,6,497.0,2025-02-25,2025-03-11,Sold,10070000.0,9805000.0
L102360,Bryanston,House,3,184.0,2025-02-26,2025-03-31,Sold,4780000.0,4780000.0
L105153,Groenkloof,Apartment,1,85.0,2025-02-26,2025-04-03,Sold,1914000.0,1886000.0
L104297,Irene,House,6,334.0,2025-02-26,2025-05-03,Sold,7819000.0,7710000.0
L101197,Centurion,Townhouse,2,164.0,2025-02-26,2025-03-31,Sold,2639000.0,2639000.0
L103429,Bryanston,Apartment,2,83.0,2025-02-27,2025-03-19,Sold,2393000.0,2363000.0
L105885,Waterkloof,House,3,267.0,2025-02-27,,Withdrawn,7071000.0,
L101262,Menlo Park,House,4,230.0,2025-02-27,2025-03-21,Sold,5755000.0,5531000.0
L100748,Rooihuiskraal,House,6,388.0,2025-02-27,2025-03-20,Sold,6031000.0,5956000.0
L100139,Waterkloof,House,4,288.0,2025-02-27,2025-04-21,Sold,8739000.0,8739000.0
L104270,Sandton,Apartment,,71.0,2025-02-27,2025-04-03,Sold,2349000.0,2349000.0
L100817,Faerie Glen,House,4,279.0,2025-02-27,2025-05-30,Sold,4956000.0,4691000.0
L101459,Menlo Park,Apartment,1,,2025-02-27,2025-04-27,Sold,1604000.0,1604000.0
L105591,Rooihuiskraal,House,4,298.0,2025-02-28,2025-04-01,Sold,3746000.0,3572000.0
L105858,Faerie Glen,Apartment,1,94.0,2025-02-28,2025-05-08,Sold,1649000.0,1560000.0
L100853,Sandton,House,,268.0,2025-03-01,2025-03-22,Sold,9579000.0,9455000.0
L105504,Bryanston,Townhouse,1,119.0,2025-03-01,2025-04-01,Sold,3252000.0,3252000.0
L102941,Brooklyn,House,5,267.0,2025-03-01,2025-04-09,Sold,6850000.0,6485000.0
L101757,Sandton,House,,352.0,2025-03-01,2025-04-14,Sold,14879000.0,14879000.0
L100805,Waterkloof Ridge,Apartment,3,54.0,2025-03-01,2025-04-02,Sold,1543000.0,1503000.0
L104738,Waterkloof Ridge,Apartment,3,177.0,2025-03-01,,Withdrawn,4826000.0,
L102750,Brooklyn,Apartment,1,85.0,2025-03-01,2025-04-09,Sold,2174000.0,2174000.0
L101302,Rooihuiskraal,Apartment,2,115.0,2025-03-01,2025-03-20,Sold,1642000.0,1612000.0
L104014,Irene,Townhouse,3,125.0,2025-03-02,2025-04-27,Sold,2630000.0,2580000.0
L104474,Faerie Glen,House,4,307.0,2025-03-02,2025-03-29,Sold,4742000.0,4444000.0
L102740,Waterkloof Ridge,House,4,283.0,2025-03-02,2025-04-07,Sold,9830000.0,9754000.0
L103746,Brooklyn,Apartment,1,70.0,2025-03-02,2025-04-10,Sold,1943000.0,1935000.0
L105299,Waterkloof Ridge,Apartment,3,181.0,2025-03-02,2025-03-20,Sold,6037000.0,5805000.0
L100498,Menlo Park,House,3,227.0,2025-03-02,2025-03-25,Sold,5277000.0,5277000.0
L105813,Centurion,Townhouse,1,120.0,2025-03-03,2025-04-12,Sold,2344000.0,2282000.0
L101644,Groenkloof,Apartment,1,63.0,2025-03-03,2025-05-02,Sold,1212000.0,1189000.0
L105285,Waterkloof Ridge,House,,178.0,2025-03-03,2025-04-05,Sold,4977000.0,4929000.0
L100710,Sandton,House,6,596.0,2025-03-03,,Withdrawn,24677000.0,
L102068,Brooklyn,House,5,285.0,2025-03-04,2025-03-30,Sold,7229000.0,6788000.0
L102467,Irene,House,4,,2025-03-04,,Withdrawn,5043000.0,
L102571,Faerie Glen,Townhouse,2,158.0,2025-03-04,2025-05-01,Sold,2501000.0,2452000.0
L105754,Waterkloof,Apartment,2,140.0,2025-03-04,2025-03-30,Sold,3474000.0,3474000.0
L100953,Groenkloof,Apartment,1,60.0,2025-03-04,2025-04-22,Sold,1247000.0,1203000.0
L100660,Brooklyn,House,6,362.0,2025-03-05,2025-03-23,Sold,8356000.0,8169000.0
L101324,Menlo Park,Apartment,1,88.0,2025-03-05,2025-04-28,Sold,2043000.0,2043000.0
L102261,Sandton,House,6,357.0,2025-03-05,2025-03-11,Sold,12374000.0,12148000.0
L102544,Faerie Glen,House,4,235.0,2025-03-05,2025-03-30,Sold,3757000.0,3757000.0
L101581,Menlo Park,Apartment,1,58.0,2025-03-05,,Withdrawn,1248000.0,
L103004,Waterkloof,House,4,245.0,2025-03-05,2025-03-17,Sold,6906000.0,6593000.0
L100971,Waterkloof,House,3,166.0,2025-03-05,2025-03-15,Sold,4485000.0,4282000.0
L100381,Sandton,Apartment,1,56.0,2025-03-05,,Withdrawn,1584000.0,
L101603,Bryanston,Apartment,1,119.0,2025-03-06,2025-03-21,Sold,3317000.0,3226000.0
L103211,Centurion,House,6,410.0,2025-03-06,2025-03-09,Sold,8092000.0,7997000.0
L100364,Centurion,Apartment,1,97.0,2025-03-06,2025-04-06,Sold,1891000.0,1847000.0
L102440,Sandton,Apartment,2,67.0,2025-03-06,2025-04-28,Sold,1845000.0,1822000.0
L105191,Centurion,House,4,301.0,2025-03-06,2025-05-06,Sold,5516000.0,5317000.0
L102445,Irene,House,3,211.0,2025-03-06,2025-04-28,Sold,4341000.0,4113000.0
L100696,Centurion,House,3,182.0,2025-03-06,2025-04-19,Sold,3834000.0,3753000.0
L102585,Lynnwood,House,6,384.0,2025-03-06,2025-04-09,Sold,10399000.0,9661000.0
L103529,Faerie Glen,House,2,153.0,2025-03-07,2025-03-21,Sold,3025000.0,2813000.0
L105980,Faerie Glen,House,3,230.0,2025-03-07,2025-04-21,Sold,3874000.0,3740000.0
L105506,Groenkloof,House,2,,2025-03-07,2025-06-17,Sold,4175000.0,3975000.0
L102601,Centurion,House,4,259.0,2025-03-07,2025-04-20,Sold,5368000.0,5085000.0
L104187,Waterkloof Ridge,House,6,521.0,2025-03-07,2025-03-25,Sold,13679000.0,13168000.0
L100589,Waterkloof,House,6,440.0,2025-03-07,2025-04-05,Sold,13031000.0,12940000.0
L101057,Groenkloof,House,3,216.0,2025-03-07,2025-05-09,Sold,4215000.0,4158000.0
L100617,Menlo Park,Apartment,2,106.0,2025-03-07,2025-04-11,Sold,2584000.0,2450000.0
L101355,Waterkloof,House,1,111.0,2025-03-07,2025-04-14,Sold,3202000.0,3113000.0
L105864,Centurion,House,6,386.0,2025-03-07,,Withdrawn,8612000.0,
L101930,Centurion,House,4,202.0,2025-03-08,2025-05-16,Sold,4378000.0,4219000.0
L105403,Waterkloof Ridge,House,4,355.0,2025-03-08,,Withdrawn,10799000.0,
L105167,Centurion,Townhouse,3,197.0,2025-03-08,2025-03-22,Sold,3310000.0,3310000.0
L101428,Rooihuiskraal,Apartment,1,79.0,2025-03-08,2025-05-29,Sold,1045000.0,1000000.0
L100194,Groenkloof,House,3,159.0,2025-03-08,2025-04-10,Sold,3869000.0,3630000.0
L100559,Faerie Glen,House,5,299.0,2025-03-08,2025-06-11,Sold,5903000.0,5649000.0
L100049,Waterkloof Ridge,House,6,361.0,2025-03-08,2025-06-05,Sold,11519000.0,11519000.0
L101425,Lynnwood,House,3,188.0,2025-03-08,2025-05-08,Sold,4603000.0,4603000.0
L101649,Rooihuiskraal,Apartment,1,83.0,2025-03-09,2025-05-17,Sold,1137000.0,1126000.0
L103183,Groenkloof,Townhouse,2,126.0,2025-03-09,2025-05-19,Sold,3046000.0,2949000.0
L105012,Groenkloof,Apartment,2,127.0,2025-03-09,2025-04-03,Sold,2651000.0,2585000.0
L104793,Sandton,Townhouse,4,267.0,2025-03-09,2025-04-09,Sold,7301000.0,7250000.0
L104925,Menlo Park,House,,151.0,2025-03-09,2025-03-29,Sold,4395000.0,4182000.0
L105664,Groenkloof,Apartment,1,79.0,2025-03-09,2025-04-15,Sold,1727000.0,1727000.0
L104603,Centurion,Apartment,2,54.0,2025-03-09,2025-04-27,Sold,815000.0,802000.0
L103177,Menlo Park,House,5,356.0,2025-03-10,,Withdrawn,8258000.0,
L102426,Waterkloof,Apartment,2,96.0,2025-03-10,,Withdrawn,2533000.0,
L102610,Bryanston,House,4,219.0,2025-03-10,2025-04-29,Sold,5074000.0,5074000.0
L102599,Sandton,House,3,196.0,2025-03-10,2025-03-24,Sold,7311000.0,6619000.0
L105429,Irene,Townhouse,2,106.0,2025-03-11,,Withdrawn,2137000.0,
L103655,Waterkloof,Apartment,2,129.0,2025-03-11,2025-04-11,Sold,3401000.0,3266000.0
L101128,Centurion,Apartment,1,79.0,2025-03-11,2025-04-27,Sold,1494000.0,1465000.0
L102307,Lynnwood,Apartment,1,79.0,2025-03-11,2025-04-04,Sold,1612000.0,1612000.0
L101730,Sandton,Apartment,2,134.0,2025-03-11,2025-04-12,Sold,3558000.0,3497000.0
L102769,Sandton,House,3,,2025-03-11,2025-05-21,Sold,7876000.0,7876000.0
L103165,Centurion,House,3,164.0,2025-03-12,2025-05-11,Sold,3272000.0,3042000.0
L102649,Bryanston,Apartment,1,89.0,2025-03-12,2025-05-07,Sold,2490000.0,2401000.0
L102290,Sandton,Apartment,1,101.0,2025-03-12,2025-06-05,Sold,3417000.0,3340000.0
L104780,Brooklyn,House,1,122.0,2025-03-12,2025-05-07,Sold,2545000.0,2472000.0
L102141,Lynnwood,House,3,217.0,2025-03-14,2025-04-19,Sold,4830000.0,4830000.0
L101472,Waterkloof Ridge,House,3,268.0,2025-03-14,2025-04-08,Sold,7077000.0,6980000.0
L101576,Rooihuiskraal,Townhouse,2,142.0,2025-03-15,2025-03-28,Sold,1993000.0,1896000.0
L103533,Groenkloof,House,2,149.0,2025-03-15,2025-04-11,Sold,3233000.0,3200000.0
L104435,Irene,Townhouse,3,217.0,2025-03-15,2025-04-27,Sold,3940000.0,3862000.0
L101421,Faerie Glen,House,2,137.0,2025-03-16,2025-07-13,Sold,2280000.0,2220000.0
L105590,Lynnwood,House,3,214.0,2025-03-16,2025-05-23,Sold,4312000.0,4098000.0
L101623,Waterkloof,House,2,181.0,2025-03-16,2025-04-24,Sold,5518000.0,5304000.0
L102570,Waterkloof,Apartment,1,94.0,2025-03-17,2025-04-03,Sold,2297000.0,2297000.0
L101455,Waterkloof Ridge,House,4,240.0,2025-03-17,2025-05-19,Sold,8571000.0,8189000.0
L101079,Menlo Park,Townhouse,3,175.0,2025-03-17,2025-05-01,Sold,3891000.0,3677000.0
L100255,Centurion,Townhouse,1,106.0,2025-03-17,2025-05-01,Sold,2338000.0,2181000.0
L105394,Lynnwood,Apartment,2,76.0,2025-03-17,2025-05-17,Sold,1992000.0,1890000.0
L104931,Irene,Apartment,2,93.0,2025-03-17,2025-05-01,Sold,1989000.0,1910000.0
L103011,Bryanston,Apartment,1,78.0,2025-03-17,2025-05-25,Sold,2592000.0,2531000.0
L103394,Centurion,Apartment,2,107.0,2025-03-18,2025-05-06,Sold,2360000.0,2204000.0
L105054,Bryanston,House,5,334.0,2025-03-18,2025-04-23,Sold,8084000.0,7899000.0
L102194,Irene,Townhouse,3,189.0,2025-03-18,2025-04-08,Sold,3377000.0,3262000.0
L103028,Irene,House,5,392.0,2025-03-18,2025-05-16,Sold,7630000.0,7393000.0
L100555,Brooklyn,House,3,260.0,2025-03-18,2025-04-25,Sold,6911000.0,6811000.0
L102872,Waterkloof,House,4,361.0,2025-03-18,2025-04-18,Sold,11243000.0,11088000.0
L102218,Sandton,House,5,395.0,2025-03-18,2025-04-02,Sold,13782000.0,13635000.0
L103446,Centurion,House,1,133.0,2025-03-19,2025-04-25,Sold,3177000.0,3103000.0
L101307,Centurion,Apartment,2,40.0,2025-03-19,2025-05-14,Sold,723000.0,693000.0
L105718,Waterkloof Ridge,Apartment,2,85.0,2025-03-19,2025-05-04,Sold,2491000.0,2395000.0
L102388,Centurion,House,4,300.0,2025-03-19,2025-04-12,Sold,6253000.0,5899000.0
L105133,Lynnwood,Townhouse,4,260.0,2025-03-19,2025-04-25,Sold,5727000.0,5727000.0
L100974,Menlo Park,Apartment,2,160.0,2025-03-19,2025-04-29,Sold,3364000.0,3318000.0
L105324,Waterkloof Ridge,House,3,162.0,2025-03-19,2025-06-10,Sold,4972000.0,4882000.0
L104892,Lynnwood,Apartment,2,102.0,2025-03-19,2025-04-14,Sold,1982000.0,1982000.0
L105118,Waterkloof,House,5,377.0,2025-03-19,2025-04-07,Sold,12405000.0,11824000.0
L101271,Menlo Park,Townhouse,3,,2025-03-20,2025-04-27,Sold,4531000.0,4342000.0
L103654,Menlo Park,Apartment,1,56.0,2025-03-20,,Withdrawn,1384000.0,
L104921,Groenkloof,Apartment,1,66.0,2025-03-20,2025-05-12,Sold,1190000.0,1166000.0
L100048,Centurion,House,4,223.0,2025-03-20,2025-05-24,Sold,4389000.0,4253000.0
L101049,Brooklyn,House,1,112.0,2025-03-20,2025-04-19,Sold,2502000.0,2410000.0
L103849,Brooklyn,House,5,331.0,2025-03-21,2025-04-12,Sold,8037000.0,8037000.0
L100893,Waterkloof Ridge,House,5,382.0,2025-03-21,2025-04-23,Sold,12155000.0,12155000.0
L102528,Bryanston,Apartment,2,101.0,2025-03-21,2025-04-18,Sold,3103000.0,2946000.0
L102472,Centurion,House,6,413.0,2025-03-21,2025-05-28,Sold,9458000.0,8955000.0
L100134,Irene,House,3,165.0,2025-03-21,,Withdrawn,3152000.0,
L104558,Waterkloof,Apartment,1,100.0,2025-03-22,2025-04-28,Sold,2471000.0,2471000.0
L104072,Lynnwood,House,6,394.0,2025-03-22,2025-04-29,Sold,8915000.0,8301000.0
L101360,Centurion,House,2,122.0,2025-03-22,2025-04-15,Sold,2275000.0,2125000.0
L100564,Centurion,House,6,426.0,2025-03-22,2025-04-28,Sold,8336000.0,8013000.0
L101294,Menlo Park,Apartment,2,70.0,2025-03-22,2025-04-03,Sold,1546000.0,1522000.0
L102443,Faerie Glen,House,5,329.0,2025-03-22,2025-07-19,Sold,5967000.0,5865000.0
L100609,Lynnwood,House,6,397.0,2025-03-23,2025-05-10,Sold,8873000.0,8318000.0
L105258,Lynnwood,House,5,254.0,2025-03-23,2025-04-10,Sold,5418000.0,5418000.0
L103129,Sandton,Apartment,2,99.0,2025-03-23,2025-05-04,Sold,3647000.0,3546000.0
L100020,Rooihuiskraal,Townhouse,4,236.0,2025-03-23,2025-04-20,Sold,4880000.0,4624000.0
L103627,Centurion,House,5,281.0,2025-03-24,2025-04-14,Sold,5933000.0,5933000.0
L102475,Waterkloof,House,4,221.0,2025-03-24,2025-04-08,Sold,7157000.0,7010000.0
L105302,Centurion,Townhouse,3,185.0,2025-03-24,2025-05-12,Sold,3618000.0,3549000.0
L104816,Brooklyn,Apartment,2,79.0,2025-03-24,,Withdrawn,1720000.0,
L101953,Sandton,House,3,161.0,2025-03-24,2025-05-13,Sold,6494000.0,6367000.0
L101407,Waterkloof Ridge,Apartment,2,76.0,2025-03-25,2025-05-11,Sold,2189000.0,2172000.0
L103846,Centurion,Apartment,1,89.0,2025-03-25,2025-03-30,Sold,1605000.0,1605000.0
L103455,Rooihuiskraal,House,4,309.0,2025-03-25,2025-06-22,Sold,4871000.0,4707000.0
L105011,Faerie Glen,Apartment,1,91.0,2025-03-26,2025-04-30,Sold,1512000.0,1496000.0
L101098,Bryanston,House,2,225.0,2025-03-26,2025-05-05,Sold,6335000.0,6022000.0
L100801,Menlo Park,Apartment,1,56.0,2025-03-27,2025-06-12,Sold,1312000.0,1306000.0
L104788,Waterkloof Ridge,House,2,164.0,2025-03-27,2025-04-17,Sold,4406000.0,4286000.0
L101998,Bryanston,House,2,187.0,2025-03-27,2025-04-21,Sold,6509000.0,6385000.0
L105851,Bryanston,House,2,233.0,2025-03-27,2025-05-07,Sold,7786000.0,7786000.0
L103214,Waterkloof Ridge,House,4,179.0,2025-03-27,2025-04-10,Sold,4780000.0,4742000.0
L105758,Brooklyn,House,5,239.0,2025-03-28,2025-04-11,Sold,5997000.0,5907000.0
L105918,Bryanston,Townhouse,,132.0,2025-03-28,2025-05-01,Sold,4285000.0,4189000.0
L102465,Centurion,House,6,401.0,2025-03-28,2025-05-03,Sold,9680000.0,8952000.0
L102518,Faerie Glen,Apartment,2,117.0,2025-03-28,2025-05-09,Sold,2103000.0,2003000.0
L102737,Faerie Glen,House,4,323.0,2025-03-29,2025-04-28,Sold,5973000.0,5931000.0
L100481,Groenkloof,House,3,228.0,2025-03-29,2025-05-19,Sold,5863000.0,5626000.0
L105111,Irene,House,4,338.0,2025-03-29,2025-04-22,Sold,6265000.0,5906000.0
L105469,Waterkloof Ridge,Apartment,2,80.0,2025-03-29,2025-05-30,Sold,2092000.0,2009000.0
L101828,Sandton,Apartment,1,,2025-03-29,2025-06-12,Sold,3641000.0,3617000.0
L104963,Brooklyn,Apartment,2,76.0,2025-03-30,2025-05-17,Sold,1554000.0,1520000.0
L105180,Centurion,House,2,150.0,2025-03-30,2025-05-19,Sold,2854000.0,2680000.0
L105820,Centurion,Apartment,1,92.0,2025-03-30,2025-05-19,Sold,1532000.0,1497000.0
L100425,Rooihuiskraal,House,5,316.0,2025-03-30,2025-05-10,Sold,5193000.0,4632000.0
L103821,Irene,Townhouse,3,178.0,2025-03-30,2025-05-31,Sold,3208000.0,3076000.0
L100629,Rooihuiskraal,Apartment,1,130.0,2025-03-30,2025-05-23,Sold,1901000.0,1882000.0
L104802,Waterkloof,Apartment,1,72.0,2025-03-31,2025-05-09,Sold,1864000.0,1864000.0
L104782,Sandton,House,4,273.0,2025-03-31,2025-05-05,Sold,8646000.0,8393000.0
L101982,Bryanston,Townhouse,3,236.0,2025-03-31,2025-05-29,Sold,6679000.0,6191000.0
L105528,Sandton,Apartment,1,69.0,2025-03-31,2025-04-20,Sold,2077000.0,2035000.0
L104620,Groenkloof,House,,280.0,2025-03-31,2025-05-17,Sold,6866000.0,6569000.0
L100578,Bryanston,Townhouse,3,144.0,2025-04-01,2025-04-25,Sold,3702000.0,3318000.0
L102940,Sandton,House,6,487.0,2025-04-01,2025-06-06,Sold,18581000.0,18124000.0
L102878,Faerie Glen,House,3,281.0,2025-04-01,2025-07-03,Sold,5928000.0,5928000.0
L103472,Faerie Glen,House,3,237.0,2025-04-01,2025-04-22,Sold,4648000.0,4346000.0
L101881,Centurion,House,6,513.0,2025-04-02,2025-05-19,Sold,9714000.0,9515000.0
L102747,Groenkloof,Apartment,2,95.0,2025-04-02,2025-05-29,Sold,2044000.0,1961000.0
L103584,Sandton,Apartment,2,73.0,2025-04-02,2025-04-30,Sold,2361000.0,2236000.0
L102807,Centurion,Apartment,2,102.0,2025-04-02,2025-05-01,Sold,2122000.0,2042000.0
L104005,Groenkloof,House,2,182.0,2025-04-02,,Withdrawn,3848000.0,
L105603,Sandton,Townhouse,3,223.0,2025-04-02,2025-05-15,Sold,7044000.0,6578000.0
L101068,Waterkloof,House,4,222.0,2025-04-02,2025-06-09,Sold,7022000.0,6707000.0
L104971,Waterkloof,Townhouse,3,163.0,2025-04-02,2025-05-09,Sold,4035000.0,4035000.0
L103651,Groenkloof,Apartment,3,127.0,2025-04-03,2025-05-09,Sold,2612000.0,2612000.0
L100466,Centurion,House,2,137.0,2025-04-03,2025-04-27,Sold,2444000.0,2439000.0
L101866,Sandton,House,2,154.0,2025-04-03,2025-06-05,Sold,5565000.0,5499000.0
L103644,Waterkloof,Apartment,1,87.0,2025-04-03,2025-05-17,Sold,2178000.0,2116000.0
L102929,Centurion,House,3,212.0,2025-04-03,2025-05-15,Sold,3938000.0,3911000.0
L100167,Rooihuiskraal,House,3,158.0,2025-04-04,2025-04-16,Sold,2839000.0,2508000.0
L102366,Brooklyn,House,3,251.0,2025-04-04,2025-05-01,Sold,5433000.0,5395000.0
L104492,Sandton,Townhouse,2,149.0,2025-04-04,2025-06-07,Sold,5537000.0,5537000.0
L103352,Waterkloof,House,3,166.0,2025-04-04,2025-04-19,Sold,4276000.0,4276000.0
L105832,Menlo Park,Apartment,3,134.0,2025-04-05,2025-04-18,Sold,3310000.0,3231000.0
L104540,Waterkloof,Townhouse,3,176.0,2025-04-05,2025-05-28,Sold,5334000.0,5124000.0
L102096,Waterkloof,House,4,298.0,2025-04-05,2025-04-19,Sold,7398000.0,7398000.0
L101141,Rooihuiskraal,Apartment,2,129.0,2025-04-05,,Withdrawn,1892000.0,
L100394,Waterkloof,Apartment,2,71.0,2025-04-06,2025-05-26,Sold,1692000.0,1605000.0
L102867,Faerie Glen,House,3,200.0,2025-04-06,2025-04-29,Sold,3719000.0,3591000.0
L104781,Sandton,Apartment,1,101.0,2025-04-06,2025-05-11,Sold,3291000.0,3266000.0
L101735,Centurion,House,3,223.0,2025-04-07,2025-04-26,Sold,4722000.0,4529000.0
L103147,Centurion,House,2,113.0,2025-04-07,2025-05-07,Sold,1958000.0,1921000.0
L105400,Centurion,Apartment,1,66.0,2025-04-07,2025-05-24,Sold,1205000.0,1149000.0
L102623,Sandton,Apartment,2,128.0,2025-04-07,2025-05-15,Sold,4370000.0,4197000.0
L104314,Waterkloof,Apartment,1,53.0,2025-04-07,2025-05-12,Sold,1523000.0,1523000.0
L103445,Menlo Park,House,6,405.0,2025-04-08,2025-06-16,Sold,9061000.0,8290000.0
L102546,Sandton,Apartment,1,105.0,2025-04-08,2025-05-10,Sold,3307000.0,3271000.0
L101019,Lynnwood,Apartment,1,93.0,2025-04-09,,Withdrawn,1895000.0,
L100473,Waterkloof Ridge,Apartment,1,94.0,2025-04-09,2025-05-27,Sold,3194000.0,3165000.0
L105608,Lynnwood,House,4,286.0,2025-04-09,2025-06-25,Sold,6346000.0,6346000.0
L102050,Sandton,House,4,259.0,2025-04-10,2025-07-19,Sold,8051000.0,7885000.0
L100554,Waterkloof,House,6,415.0,2025-04-10,2025-04-27,Sold,12716000.0,12550000.0
L105026,Lynnwood,House,4,229.0,2025-04-10,2025-04-24,Sold,4555000.0,4316000.0
L101221,Groenkloof,House,2,158.0,2025-04-10,2025-04-23,Sold,3310000.0,3270000.0
L104237,Bryanston,House,5,282.0,2025-04-10,2025-05-06,Sold,8090000.0,7642000.0
L100821,Irene,Townhouse,2,134.0,2025-04-10,2025-07-20,Sold,2432000.0,2335000.0
L104958,Menlo Park,House,4,218.0,2025-04-12,2025-05-20,Sold,5340000.0,5340000.0
L103088,Faerie Glen,House,4,245.0,2025-04-12,,Withdrawn,4372000.0,
L102286,Bryanston,House,,478.0,2025-04-12,2025-04-27,Sold,13893000.0,13766000.0
L105705,Lynnwood,House,2,120.0,2025-04-12,2025-08-06,Sold,2565000.0,2480000.0
L104895,Faerie Glen,Townhouse,3,231.0,2025-04-12,2025-06-09,Sold,4184000.0,3901000.0
L100520,Bryanston,Townhouse,3,176.0,2025-04-13,2025-06-14,Sold,6246000.0,6246000.0
L104071,Centurion,Townhouse,3,152.0,2025-04-14,2025-06-07,Sold,2256000.0,2170000.0
L103494,Waterkloof Ridge,House,2,163.0,2025-04-14,2025-05-27,Sold,6367000.0,6123000.0
L102660,Bryanston,House,3,99.0,2025-04-15,2025-07-06,Sold,2947000.0,2888000.0
L100082,Bryanston,Apartment,3,110.0,2025-04-15,2025-04-29,Sold,3327000.0,3327000.0
L105266,Menlo Park,Apartment,2,73.0,2025-04-15,2025-05-12,Sold,1659000.0,1600000.0
L103736,Brooklyn,House,2,169.0,2025-04-15,2025-06-08,Sold,3816000.0,3758000.0
L101763,Waterkloof Ridge,House,2,,2025-04-15,,Withdrawn,4993000.0,
L105110,Groenkloof,House,2,213.0,2025-04-16,2025-05-05,Sold,5047000.0,4713000.0
L105564,Sandton,House,4,326.0,2025-04-16,,Withdrawn,10525000.0,
L103383,Faerie Glen,Townhouse,2,201.0,2025-04-16,,Withdrawn,3716000.0,
L105723,Bryanston,House,4,353.0,2025-04-16,2025-05-27,Sold,9459000.0,9021000.0
L104553,Centurion,House,2,188.0,2025-04-16,2025-06-05,Sold,4140000.0,3972000.0
L102033,Lynnwood,House,1,192.0,2025-04-17,2025-05-06,Sold,4008000.0,3974000.0
L104863,Rooihuiskraal,House,5,315.0,2025-04-17,2025-05-13,Sold,4695000.0,4583000.0
L105771,Bryanston,House,2,,2025-04-17,2025-05-07,Sold,5356000.0,5101000.0
L100951,Brooklyn,Townhouse,1,107.0,2025-04-17,2025-05-21,Sold,2456000.0,2406000.0
L104643,Waterkloof,Townhouse,1,77.0,2025-04-17,2025-05-14,Sold,2144000.0,2106000.0
L103803,Groenkloof,Apartment,1,84.0,2025-04-18,2025-05-28,Sold,1613000.0,1613000.0
L104164,Centurion,House,3,208.0,2025-04-18,2025-06-25,Sold,4348000.0,4143000.0
L100278,Bryanston,Apartment,1,93.0,2025-04-18,2025-06-03,Sold,3280000.0,3250000.0
L105419,Menlo Park,Townhouse,2,102.0,2025-04-18,2025-05-10,Sold,2442000.0,2223000.0
L104143,Menlo Park,House,2,202.0,2025-04-18,,Withdrawn,5210000.0,
L100665,Centurion,Apartment,1,85.0,2025-04-18,2025-06-18,Sold,1433000.0,1415000.0
L102183,Waterkloof Ridge,House,6,352.0,2025-04-18,2025-05-25,Sold,12603000.0,12557000.0
L104063,Irene,House,3,275.0,2025-04-18,2025-08-14,Sold,5908000.0,5733000.0
L100905,Centurion,Apartment,1,82.0,2025-04-19,2025-05-06,Sold,1282000.0,1252000.0
L102322,Lynnwood,House,4,297.0,2025-04-19,,Withdrawn,6297000.0,
L103766,Faerie Glen,House,5,324.0,2025-04-19,,Withdrawn,7018000.0,
L101272,Lynnwood,House,4,306.0,2025-04-19,2025-06-14,Sold,6488000.0,6302000.0
L100439,Centurion,Apartment,1,54.0,2025-04-19,2025-05-08,Sold,853000.0,848000.0
L100518,Waterkloof,House,4,206.0,2025-04-19,2025-05-05,Sold,5693000.0,5693000.0
L104784,Sandton,Townhouse,2,131.0,2025-04-19,,Withdrawn,3241000.0,
L101393,Waterkloof,Apartment,1,95.0,2025-04-20,2025-06-08,Sold,2409000.0,2248000.0
L102744,Menlo Park,Apartment,1,80.0,2025-04-20,2025-06-22,Sold,1568000.0,1490000.0
L105734,Groenkloof,Apartment,1,58.0,2025-04-20,2025-05-27,Sold,1347000.0,1319000.0
L101046,Groenkloof,House,2,170.0,2025-04-20,2025-05-09,Sold,3778000.0,3778000.0
L101388,Sandton,House,4,318.0,2025-04-21,2025-06-10,Sold,11735000.0,11244000.0
L101971,Sandton,House,3,219.0,2025-04-21,2025-06-02,Sold,9701000.0,9483000.0
L104529,Faerie Glen,House,6,367.0,2025-04-21,2025-05-18,Sold,7156000.0,6814000.0
L100224,Brooklyn,House,3,235.0,2025-04-21,,Withdrawn,5640000.0,
L103625,Irene,Apartment,2,100.0,2025-04-21,2025-05-25,Sold,1704000.0,1637000.0
L104516,Lynnwood,House,5,243.0,2025-04-21,2025-06-20,Sold,4440000.0,4351000.0
L103877,Sandton,Apartment,1,62.0,2025-04-21,2025-05-27,Sold,2037000.0,2037000.0
L101444,Groenkloof,House,3,189.0,2025-04-22,2025-07-15,Sold,4155000.0,3981000.0
L103608,Groenkloof,Townhouse,3,190.0,2025-04-22,2025-05-10,Sold,5073000.0,5073000.0
L105124,Faerie Glen,Townhouse,1,122.0,2025-04-22,2025-06-30,Sold,2459000.0,2253000.0
L100581,Faerie Glen,Apartment,2,52.0,2025-04-22,2025-07-28,Sold,972000.0,936000.0
L102926,Centurion,Apartment,2,92.0,2025-04-22,2025-04-27,Sold,1330000.0,1318000.0
L104844,Lynnwood,House,5,318.0,2025-04-23,,Withdrawn,9163000.0,
L103761,Menlo Park,House,3,157.0,2025-04-23,,Withdrawn,3849000.0,
L101545,Lynnwood,House,3,227.0,2025-04-24,2025-05-11,Sold,4872000.0,4870000.0
L104794,Menlo Park,House,6,438.0,2025-04-24,2025-05-09,Sold,10822000.0,10528000.0
L101700,Sandton,House,2,184.0,2025-04-25,2025-08-04,Sold,6991000.0,6991000.0
L103227,Groenkloof,Apartment,2,114.0,2025-04-25,2025-05-17,Sold,2278000.0,2214000.0
L101492,Centurion,Apartment,1,74.0,2025-04-25,2025-06-25,Sold,1552000.0,1486000.0
L103777,Waterkloof,Apartment,3,111.0,2025-04-25,2025-06-04,Sold,2838000.0,2786000.0
L104819,Faerie Glen,House,5,372.0,2025-04-26,2025-06-07,Sold,6949000.0,6526000.0
L105122,Lynnwood,Apartment,1,128.0,2025-04-26,2025-05-23,Sold,2550000.0,2420000.0
L103935,Brooklyn,House,2,159.0,2025-04-26,,Withdrawn,4487000.0,
L102071,Lynnwood,House,5,263.0,2025-04-26,2025-05-22,Sold,6417000.0,6414000.0
L102515,Bryanston,Apartment,2,91.0,2025-04-26,2025-05-19,Sold,2944000.0,2884000.0
L101335,Bryanston,Townhouse,2,160.0,2025-04-26,2025-06-04,Sold,4761000.0,4490000.0
L104622,Centurion,Townhouse,3,128.0,2025-04-27,2025-05-29,Sold,2531000.0,2331000.0
L100213,Rooihuiskraal,Apartment,1,91.0,2025-04-27,2025-05-07,Sold,1360000.0,1342000.0
L102338,Irene,House,3,237.0,2025-04-27,2025-05-16,Sold,5621000.0,5313000.0
L100495,Faerie Glen,House,5,390.0,2025-04-27,2025-05-28,Sold,7333000.0,6960000.0
L101405,Brooklyn,House,4,239.0,2025-04-27,2025-05-21,Sold,5548000.0,5427000.0
L104567,Waterkloof,Apartment,2,113.0,2025-04-27,2025-07-02,Sold,3335000.0,3307000.0
L104219,Centurion,Apartment,2,124.0,2025-04-27,,Withdrawn,2336000.0,
L101116,Waterkloof Ridge,House,5,280.0,2025-04-27,2025-05-05,Sold,6930000.0,6865000.0
L104875,Faerie Glen,Apartment,2,100.0,2025-04-28,,Withdrawn,2002000.0,
L105751,Menlo Park,House,6,476.0,2025-04-28,2025-05-30,Sold,12274000.0,11815000.0
L103498,Lynnwood,Townhouse,2,147.0,2025-04-28,,Withdrawn,3106000.0,
L103538,Groenkloof,Apartment,1,55.0,2025-04-28,2025-05-18,Sold,1333000.0,1314000.0
L101938,Brooklyn,House,3,168.0,2025-04-28,2025-06-13,Sold,3947000.0,3947000.0
L104564,Groenkloof,Apartment,1,76.0,2025-04-28,2025-05-13,Sold,1502000.0,1441000.0
L104488,Brooklyn,Townhouse,4,227.0,2025-04-29,2025-05-17,Sold,5648000.0,5648000.0
L100474,Brooklyn,House,2,140.0,2025-04-30,2025-05-21,Sold,3274000.0,3185000.0
L100125,Faerie Glen,House,3,271.0,2025-04-30,2025-05-22,Sold,5264000.0,5131000.0
L100808,Faerie Glen,House,5,403.0,2025-04-30,2025-05-22,Sold,7118000.0,7118000.0
L102296,Centurion,Apartment,2,96.0,2025-04-30,2025-05-20,Sold,1895000.0,1794000.0
L104859,Brooklyn,House,3,191.0,2025-04-30,2025-05-14,Sold,4345000.0,4312000.0
L102281,Groenkloof,Apartment,1,84.0,2025-05-01,2025-05-16,Sold,1625000.0,1522000.0
L104966,Menlo Park,House,5,307.0,2025-05-01,,Withdrawn,7201000.0,
L105391,Menlo Park,House,4,402.0,2025-05-01,2025-06-13,Sold,10170000.0,10170000.0
L100462,Sandton,Apartment,2,153.0,2025-05-01,2025-07-03,Sold,5848000.0,5728000.0
L101274,Waterkloof Ridge,Apartment,1,83.0,2025-05-02,2025-06-03,Sold,2091000.0,2052000.0
L101327,Irene,House,4,219.0,2025-05-02,2025-07-01,Sold,4604000.0,4542000.0
L103967,Groenkloof,Apartment,1,90.0,2025-05-02,2025-05-21,Sold,1846000.0,1846000.0
L100091,Centurion,House,4,273.0,2025-05-02,,Withdrawn,5400000.0,
L104041,Rooihuiskraal,House,4,252.0,2025-05-02,2025-05-13,Sold,4505000.0,4298000.0
L104327,Centurion,House,3,268.0,2025-05-02,2025-06-07,Sold,5360000.0,5255000.0
L101815,Faerie Glen,House,3,210.0,2025-05-02,,Withdrawn,4162000.0,
L102677,Bryanston,Apartment,1,86.0,2025-05-02,2025-07-02,Sold,2132000.0,2121000.0
L101227,Lynnwood,House,1,136.0,2025-05-03,2025-06-14,Sold,3733000.0,3733000.0
L100534,Waterkloof,House,4,,2025-05-03,2025-06-06,Sold,7137000.0,6790000.0
L101027,Menlo Park,House,5,293.0,2025-05-03,2025-06-07,Sold,6236000.0,6236000.0
L103623,Bryanston,Apartment,1,104.0,2025-05-04,2025-07-13,Sold,3475000.0,3393000.0
L100099,Sandton,House,3,222.0,2025-05-04,2025-05-17,Sold,8078000.0,7475000.0
L102944,Brooklyn,Apartment,2,126.0,2025-05-04,2025-06-01,Sold,3024000.0,3024000.0
L102318,Faerie Glen,House,5,291.0,2025-05-04,2025-06-04,Sold,5877000.0,5841000.0
L102540,Faerie Glen,House,3,202.0,2025-05-04,2025-05-19,Sold,4027000.0,3814000.0
L103571,Waterkloof Ridge,Apartment,1,85.0,2025-05-04,2025-06-25,Sold,2497000.0,2478000.0
L102003,Centurion,House,3,250.0,2025-05-05,2025-08-10,Sold,4752000.0,4646000.0
L101013,Sandton,Apartment,1,112.0,2025-05-05,2025-07-12,Sold,3106000.0,3064000.0
L102509,Centurion,Apartment,1,81.0,2025-05-05,2025-09-02,Sold,1440000.0,1405000.0
L100513,Brooklyn,Apartment,1,102.0,2025-05-05,2025-06-27,Sold,2571000.0,2531000.0
L104893,Brooklyn,House,5,338.0,2025-05-05,2025-05-18,Sold,9017000.0,9017000.0
L103622,Lynnwood,Townhouse,2,161.0,2025-05-06,,Withdrawn,3341000.0,
L103168,Waterkloof,House,1,117.0,2025-05-06,2025-06-09,Sold,3294000.0,3145000.0
L104983,Groenkloof,House,4,319.0,2025-05-06,,Withdrawn,7051000.0,
L100141,Faerie Glen,House,2,135.0,2025-05-06,2025-07-10,Sold,2781000.0,2780000.0
L102150,Centurion,House,4,231.0,2025-05-06,2025-05-30,Sold,4794000.0,4794000.0
L100944,Lynnwood,House,2,187.0,2025-05-07,2025-07-12,Sold,4151000.0,3953000.0
L105903,Rooihuiskraal,House,3,,2025-05-07,2025-06-14,Sold,2678000.0,2678000.0
L102766,Lynnwood,Apartment,1,102.0,2025-05-07,2025-06-22,Sold,2178000.0,2014000.0
L100309,Waterkloof Ridge,Apartment,2,72.0,2025-05-07,2025-06-04,Sold,2399000.0,2347000.0
L100246,Irene,Townhouse,4,214.0,2025-05-07,2025-06-18,Sold,4332000.0,4053000.0
L103857,Lynnwood,Apartment,1,71.0,2025-05-07,2025-06-19,Sold,1627000.0,1546000.0
L105426,Sandton,Apartment,2,156.0,2025-05-08,2025-07-20,Sold,4861000.0,4861000.0
L103885,Waterkloof,Apartment,2,106.0,2025-05-08,2025-05-19,Sold,2914000.0,2747000.0
L100907,Waterkloof Ridge,Apartment,2,82.0,2025-05-08,2025-06-05,Sold,2548000.0,2455000.0
L105740,Centurion,Apartment,,97.0,2025-05-08,2025-06-04,Sold,1909000.0,1764000.0
L104169,Lynnwood,House,2,194.0,2025-05-08,2025-05-20,Sold,4429000.0,4235000.0
L100076,Brooklyn,Apartment,2,85.0,2025-05-08,2025-06-04,Sold,2243000.0,2169000.0
L102999,Waterkloof Ridge,Apartment,1,78.0,2025-05-08,2025-06-13,Sold,2236000.0,2199000.0
L105730,Brooklyn,Apartment,1,76.0,2025-05-09,2025-06-26,Sold,1710000.0,1649000.0
L105540,Sandton,Apartment,2,134.0,2025-05-09,2025-05-14,Sold,4545000.0,4364000.0
L104765,Brooklyn,House,2,179.0,2025-05-09,2025-05-20,Sold,4478000.0,4419000.0
L101781,Rooihuiskraal,House,4,244.0,2025-05-09,2025-07-08,Sold,4370000.0,4224000.0
L104879,Menlo Park,Apartment,2,57.0,2025-05-09,2025-07-06,Sold,1185000.0,1101000.0
L103239,Menlo Park,Townhouse,2,176.0,2025-05-10,2025-06-07,Sold,4122000.0,4122000.0
L105543,Irene,Apartment,1,77.0,2025-05-10,2025-08-07,Sold,1908000.0,1844000.0
L104505,Lynnwood,Apartment,2,102.0,2025-05-10,2025-05-31,Sold,1973000.0,1908000.0
L104962,Faerie Glen,Townhouse,1,164.0,2025-05-10,2025-05-30,Sold,3216000.0,3216000.0
L104852,Rooihuiskraal,Apartment,1,84.0,2025-05-10,2025-07-17,Sold,1282000.0,1235000.0
L102418,Waterkloof,House,2,91.0,2025-05-10,2025-06-03,Sold,2658000.0,2658000.0
L100178,Bryanston,House,6,373.0,2025-05-10,2025-05-22,Sold,11191000.0,10958000.0
L101260,Waterkloof,Townhouse,2,167.0,2025-05-10,2025-07-27,Sold,3619000.0,3528000.0
L103894,Sandton,House,3,291.0,2025-05-11,2025-06-24,Sold,12144000.0,12144000.0
L100445,Centurion,House,5,329.0,2025-05-11,2025-06-30,Sold,6145000.0,5952000.0
L101152,Waterkloof Ridge,Townhouse,3,,2025-05-12,2025-06-25,Sold,3605000.0,3439000.0
L101642,Lynnwood,House,4,238.0,2025-05-12,2025-06-08,Sold,5517000.0,5517000.0
L101573,Bryanston,House,5,423.0,2025-05-13,2025-07-06,Sold,11155000.0,11155000.0
L101701,Sandton,House,4,354.0,2025-05-13,2025-06-26,Sold,10175000.0,9895000.0
L103339,Faerie Glen,House,4,323.0,2025-05-14,2025-05-27,Sold,6428000.0,6159000.0
L104045,Brooklyn,House,4,322.0,2025-05-14,2025-06-26,Sold,8258000.0,7753000.0
L105943,Bryanston,House,4,214.0,2025-05-14,2025-06-25,Sold,7001000.0,6920000.0
L101940,Brooklyn,House,6,433.0,2025-05-14,,Withdrawn,9152000.0,
L105086,Rooihuiskraal,Apartment,3,145.0,2025-05-14,2025-06-04,Sold,2261000.0,2124000.0
L104003,Brooklyn,House,3,200.0,2025-05-14,2025-06-07,Sold,4541000.0,4525000.0
L105235,Irene,Apartment,1,64.0,2025-05-14,2025-06-06,Sold,1438000.0,1426000.0
L105257,Lynnwood,House,5,340.0,2025-05-15,2025-07-07,Sold,9116000.0,8585000.0
L100908,Brooklyn,Townhouse,2,225.0,2025-05-15,2025-05-30,Sold,5572000.0,5248000.0
L104156,Sandton,House,4,228.0,2025-05-15,2025-06-24,Sold,7347000.0,6867000.0
L105812,Centurion,Townhouse,2,,2025-05-16,2025-07-07,Sold,1840000.0,1827000.0
L103487,Centurion,House,3,217.0,2025-05-16,2025-07-18,Sold,4177000.0,4177000.0
L104028,Faerie Glen,Apartment,1,,2025-05-16,2025-06-25,Sold,1540000.0,1540000.0
L105972,Faerie Glen,Townhouse,2,151.0,2025-05-16,2025-06-25,Sold,2575000.0,2475000.0
L101330,Rooihuiskraal,House,4,270.0,2025-05-16,2025-05-31,Sold,4291000.0,4063000.0
L104799,Rooihuiskraal,Apartment,2,144.0,2025-05-17,2025-08-01,Sold,1987000.0,1921000.0
L101290,Lynnwood,House,1,145.0,2025-05-17,2025-06-08,Sold,3490000.0,3300000.0
L101053,Waterkloof Ridge,House,,189.0,2025-05-17,2025-06-26,Sold,6216000.0,6190000.0
L101142,Bryanston,Apartment,1,99.0,2025-05-18,2025-06-26,Sold,2762000.0,2626000.0
L100869,Groenkloof,Apartment,2,65.0,2025-05-18,2025-06-02,Sold,1112000.0,1047000.0
L103119,Brooklyn,Apartment,1,61.0,2025-05-18,2025-07-10,Sold,1517000.0,1479000.0
L100968,Faerie Glen,Apartment,1,55.0,2025-05-18,2025-06-19,Sold,926000.0,886000.0
L100420,Centurion,House,4,249.0,2025-05-18,2025-07-09,Sold,4881000.0,4792000.0
L101479,Lynnwood,Townhouse,2,151.0,2025-05-18,2025-06-12,Sold,3522000.0,3395000.0
L100608,Centurion,House,5,328.0,2025-05-19,2025-06-07,Sold,7267000.0,7267000.0
L100315,Menlo Park,House,4,319.0,2025-05-19,2025-07-16,Sold,8172000.0,7731000.0
L100676,Sandton,House,4,234.0,2025-05-19,2025-06-21,Sold,9108000.0,8474000.0
L100243,Faerie Glen,Apartment,2,109.0,2025-05-19,2025-08-02,Sold,1828000.0,1781000.0
L101148,Faerie Glen,Apartment,1,75.0,2025-05-20,2025-07-18,Sold,1206000.0,1152000.0
L100236,Lynnwood,House,3,193.0,2025-05-20,2025-05-26,Sold,4595000.0,4369000.0
L100583,Lynnwood,House,3,221.0,2025-05-20,2025-06-15,Sold,4852000.0,4662000.0
L103253,Faerie Glen,Apartment,1,59.0,2025-05-20,2025-06-20,Sold,1054000.0,1018000.0
L100294,Bryanston,House,4,227.0,2025-05-21,,Withdrawn,7152000.0,
L104551,Centurion,House,6,482.0,2025-05-21,2025-06-23,Sold,9607000.0,9563000.0
L101621,Faerie Glen,Apartment,2,84.0,2025-05-21,2025-08-14,Sold,1534000.0,1534000.0
L100142,Sandton,House,3,174.0,2025-05-21,,Withdrawn,5301000.0,
L102207,Lynnwood,House,5,327.0,2025-05-22,,Withdrawn,7774000.0,
L104862,Brooklyn,House,4,189.0,2025-05-22,2025-06-22,Sold,4274000.0,4185000.0
L101403,Menlo Park,House,2,192.0,2025-05-23,2025-09-06,Sold,4364000.0,4293000.0
L104141,Faerie Glen,Apartment,1,44.0,2025-05-23,2025-07-16,Sold,802000.0,788000.0
L101058,Faerie Glen,Apartment,2,87.0,2025-05-23,2025-06-11,Sold,1621000.0,1534000.0
L100235,Rooihuiskraal,House,3,270.0,2025-05-23,2025-07-24,Sold,4631000.0,4287000.0
L100327,Faerie Glen,Apartment,1,55.0,2025-05-23,2025-08-06,Sold,948000.0,948000.0
L103602,Faerie Glen,Apartment,1,89.0,2025-05-23,2025-05-28,Sold,1573000.0,1539000.0
L102064,Lynnwood,Townhouse,4,220.0,2025-05-23,2025-08-23,Sold,4716000.0,4626000.0
L104635,Waterkloof,House,4,301.0,2025-05-24,,Withdrawn,9295000.0,
L101527,Lynnwood,Apartment,1,59.0,2025-05-24,2025-07-06,Sold,1081000.0,1060000.0
L100798,Centurion,Apartment,2,99.0,2025-05-24,2025-06-22,Sold,1733000.0,1649000.0
L104385,Sandton,House,2,176.0,2025-05-25,2025-06-17,Sold,5972000.0,5972000.0
L102087,Menlo Park,House,4,281.0,2025-05-25,2025-07-12,Sold,6707000.0,6255000.0
L105283,Menlo Park,House,2,250.0,2025-05-25,2025-07-03,Sold,6136000.0,6136000.0
L105355,Sandton,House,2,,2025-05-25,,Withdrawn,6076000.0,
L103685,Waterkloof Ridge,House,2,171.0,2025-05-25,2025-06-12,Sold,5521000.0,5521000.0
L105367,Rooihuiskraal,Apartment,2,106.0,2025-05-25,2025-07-06,Sold,1546000.0,1469000.0
L101848,Lynnwood,House,4,335.0,2025-05-26,2025-07-24,Sold,7597000.0,6975000.0
L104518,Rooihuiskraal,Apartment,2,56.0,2025-05-26,2025-06-24,Sold,872000.0,851000.0
L105287,Faerie Glen,Townhouse,3,199.0,2025-05-26,2025-07-16,Sold,4320000.0,4156000.0
L100529,Menlo Park,House,4,304.0,2025-05-26,2025-07-08,Sold,6313000.0,5754000.0
L103565,Bryanston,Apartment,1,77.0,2025-05-26,2025-08-08,Sold,2288000.0,2263000.0
L105970,Menlo Park,Apartment,2,103.0,2025-05-26,2025-06-10,Sold,2242000.0,2152000.0
L101276,Groenkloof,House,2,112.0,2025-05-26,2025-06-19,Sold,3215000.0,3213000.0
L100441,Groenkloof,Townhouse,2,125.0,2025-05-26,2025-06-17,Sold,2811000.0,2767000.0
L105201,Groenkloof,House,3,217.0,2025-05-26,2025-06-27,Sold,4385000.0,4271000.0
L101241,Menlo Park,House,6,640.0,2025-05-27,2025-07-31,Sold,14145000.0,13569000.0
L100077,Centurion,House,3,163.0,2025-05-27,2025-07-18,Sold,2745000.0,2745000.0
L105092,Menlo Park,Apartment,,84.0,2025-05-27,2025-06-28,Sold,1836000.0,1779000.0
L103367,Centurion,Apartment,1,88.0,2025-05-27,2025-07-15,Sold,1766000.0,1766000.0
L100447,Irene,House,4,297.0,2025-05-27,,Withdrawn,6369000.0,
L100454,Waterkloof Ridge,Apartment,1,59.0,2025-05-27,2025-06-09,Sold,1743000.0,1743000.0
L105963,Menlo Park,House,5,335.0,2025-05-27,2025-06-23,Sold,7792000.0,7737000.0
L104269,Rooihuiskraal,House,3,187.0,2025-05-27,2025-07-28,Sold,3077000.0,2985000.0
L104085,Sandton,Apartment,2,79.0,2025-05-28,2025-07-17,Sold,2592000.0,2561000.0
L102157,Brooklyn,House,4,302.0,2025-05-28,2025-07-20,Sold,7793000.0,7793000.0
L104682,Rooihuiskraal,Apartment,1,91.0,2025-05-28,2025-06-16,Sold,1354000.0,1274000.0
L105445,Brooklyn,House,2,175.0,2025-05-28,2025-08-14,Sold,3658000.0,3658000.0
L102699,Bryanston,House,4,250.0,2025-05-29,2025-06-30,Sold,6418000.0,6319000.0
L105936,Brooklyn,Townhouse,2,158.0,2025-05-29,2025-07-06,Sold,4725000.0,4610000.0
L102154,Irene,Apartment,1,65.0,2025-05-29,2025-09-26,Sold,1266000.0,1238000.0
L103374,Faerie Glen,Apartment,1,56.0,2025-05-29,2025-07-06,Sold,1197000.0,1157000.0
L101803,Centurion,House,4,237.0,2025-05-30,2025-08-30,Sold,4816000.0,4689000.0
L104526,Centurion,Townhouse,2,171.0,2025-05-30,2025-06-20,Sold,2850000.0,2754000.0
L102462,Waterkloof Ridge,Apartment,1,74.0,2025-05-30,2025-06-28,Sold,2350000.0,2202000.0
L104354,Bryanston,House,5,382.0,2025-05-31,2025-07-10,Sold,13637000.0,13637000.0
L100744,Faerie Glen,House,3,,2025-05-31,2025-06-29,Sold,4747000.0,4535000.0
L103981,Lynnwood,House,5,332.0,2025-05-31,2025-07-08,Sold,7840000.0,7840000.0
L100811,Waterkloof,House,3,262.0,2025-06-01,2025-06-12,Sold,6812000.0,6812000.0
L102421,Groenkloof,Apartment,1,102.0,2025-06-01,2025-06-07,Sold,2100000.0,2026000.0
L100677,Faerie Glen,Townhouse,3,173.0,2025-06-01,2025-06-28,Sold,3215000.0,3001000.0
L105909,Waterkloof Ridge,Apartment,1,70.0,2025-06-01,2025-07-23,Sold,2049000.0,2022000.0
L105385,Rooihuiskraal,House,3,275.0,2025-06-01,,Withdrawn,4798000.0,
L104407,Menlo Park,Apartment,1,56.0,2025-06-02,2025-06-22,Sold,1245000.0,1219000.0
L101758,Sandton,House,5,307.0,2025-06-02,2025-08-06,Sold,9999000.0,9822000.0
L100272,Waterkloof,Apartment,2,67.0,2025-06-02,2025-06-25,Sold,1499000.0,1499000.0
L103674,Rooihuiskraal,House,2,164.0,2025-06-03,2025-07-20,Sold,2375000.0,2320000.0
L101734,Bryanston,Apartment,2,114.0,2025-06-03,2025-07-07,Sold,2696000.0,2614000.0
L100700,Brooklyn,House,2,164.0,2025-06-03,2025-06-11,Sold,3351000.0,3139000.0
L102780,Waterkloof Ridge,Apartment,1,88.0,2025-06-04,2025-07-14,Sold,2726000.0,2649000.0
L101592,Sandton,Apartment,1,75.0,2025-06-04,2025-07-25,Sold,2363000.0,2207000.0
L102943,Groenkloof,Apartment,3,103.0,2025-06-04,2025-07-04,Sold,2137000.0,2137000.0
L100824,Bryanston,Apartment,2,97.0,2025-06-04,2025-08-05,Sold,2957000.0,2957000.0
L101263,Sandton,House,3,188.0,2025-06-04,2025-06-21,Sold,6671000.0,6033000.0
L102171,Brooklyn,Apartment,1,80.0,2025-06-04,2025-07-14,Sold,1979000.0,1979000.0
L105064,Sandton,House,3,155.0,2025-06-04,2025-06-29,Sold,5540000.0,5378000.0
L100540,Sandton,Townhouse,1,116.0,2025-06-04,,Withdrawn,4476000.0,
L102384,Waterkloof,House,4,336.0,2025-06-05,2025-08-07,Sold,9906000.0,9536000.0
L105129,Sandton,Apartment,1,128.0,2025-06-05,2025-07-13,Sold,4707000.0,4707000.0
L105430,Menlo Park,House,2,144.0,2025-06-05,2025-07-11,Sold,4285000.0,4251000.0
L104055,Bryanston,House,3,312.0,2025-06-05,2025-06-24,Sold,12177000.0,11253000.0
L105931,Brooklyn,Apartment,1,61.0,2025-06-05,2025-07-11,Sold,1502000.0,1433000.0
L104899,Rooihuiskraal,House,1,81.0,2025-06-06,2025-06-25,Sold,1263000.0,1189000.0
L101315,Centurion,House,3,204.0,2025-06-06,2025-07-17,Sold,3633000.0,3633000.0
L101250,Waterkloof Ridge,House,2,139.0,2025-06-06,2025-10-04,Sold,4765000.0,4581000.0
L104842,Brooklyn,House,3,155.0,2025-06-07,,Withdrawn,3802000.0,
L105173,Waterkloof,Townhouse,2,159.0,2025-06-07,,Withdrawn,3468000.0,
L104057,Sandton,House,3,125.0,2025-06-07,2025-06-26,Sold,4768000.0,4734000.0
L104026,Centurion,Townhouse,2,171.0,2025-06-08,2025-07-06,Sold,3329000.0,3203000.0
L101931,Irene,Apartment,2,156.0,2025-06-08,2025-06-29,Sold,3225000.0,3079000.0
L105611,Centurion,House,2,144.0,2025-06-08,2025-06-27,Sold,2671000.0,2516000.0
L102488,Waterkloof Ridge,Apartment,2,102.0,2025-06-08,2025-08-27,Sold,2671000.0,2671000.0
L102705,Lynnwood,House,4,247.0,2025-06-08,2025-07-20,Sold,5222000.0,4934000.0
L102378,Waterkloof Ridge,House,6,375.0,2025-06-08,2025-07-13,Sold,11154000.0,11154000.0
L103706,Menlo Park,Apartment,2,94.0,2025-06-08,2025-06-21,Sold,2380000.0,2363000.0
L105536,Brooklyn,House,3,163.0,2025-06-09,2025-07-16,Sold,4267000.0,4242000.0
L104094,Groenkloof,Apartment,3,133.0,2025-06-09,2025-07-09,Sold,3144000.0,2969000.0
L100941,Bryanston,House,2,214.0,2025-06-09,2025-07-04,Sold,6446000.0,6146000.0
L101435,Sandton,House,4,265.0,2025-06-09,2025-08-01,Sold,8950000.0,8629000.0
L101686,Faerie Glen,House,3,208.0,2025-06-09,2025-07-28,Sold,3797000.0,3623000.0
L103990,Sandton,House,5,330.0,2025-06-09,2025-07-24,Sold,13023000.0,12478000.0
L104650,Bryanston,Apartment,3,130.0,2025-06-10,2025-06-14,Sold,3609000.0,3563000.0
L101478,Faerie Glen,House,3,201.0,2025-06-10,2025-07-10,Sold,3778000.0,3607000.0
L102459,Faerie Glen,Apartment,1,111.0,2025-06-11,2025-06-27,Sold,2077000.0,1980000.0
L104437,Brooklyn,Townhouse,2,,2025-06-11,2025-07-08,Sold,3643000.0,3489000.0
L100776,Irene,House,5,290.0,2025-06-11,2025-09-15,Sold,5869000.0,5448000.0
L105566,Centurion,House,3,200.0,2025-06-11,2025-06-22,Sold,3721000.0,3575000.0
L102240,Brooklyn,House,4,292.0,2025-06-11,2025-06-17,Sold,7960000.0,7960000.0
L100225,Sandton,House,3,197.0,2025-06-11,2025-07-30,Sold,7720000.0,6775000.0
L101563,Sandton,House,2,170.0,2025-06-12,2025-08-20,Sold,6183000.0,5828000.0
L100549,Lynnwood,House,6,387.0,2025-06-12,2025-07-22,Sold,7747000.0,7612000.0
L102406,Faerie Glen,House,2,198.0,2025-06-12,2025-07-17,Sold,3916000.0,3720000.0
L101001,Lynnwood,Townhouse,2,135.0,2025-06-13,2025-06-25,Sold,3465000.0,3052000.0
L105217,Waterkloof,House,1,174.0,2025-06-13,2025-08-11,Sold,5262000.0,5262000.0
L103053,Rooihuiskraal,Apartment,,70.0,2025-06-13,2025-08-22,Sold,1211000.0,1211000.0
L102707,Brooklyn,House,2,178.0,2025-06-13,2025-07-04,Sold,4999000.0,4833000.0
L105218,Brooklyn,House,4,222.0,2025-06-13,2025-08-14,Sold,5514000.0,5470000.0
L100123,Lynnwood,House,3,206.0,2025-06-14,,Withdrawn,5264000.0,
L101259,Sandton,House,4,241.0,2025-06-14,2025-08-04,Sold,7895000.0,7523000.0
L100658,Irene,Apartment,1,78.0,2025-06-14,2025-08-31,Sold,1543000.0,1502000.0
L102332,Bryanston,House,5,287.0,2025-06-14,2025-06-27,Sold,8297000.0,8202000.0
L102825,Centurion,Apartment,2,,2025-06-14,2025-08-24,Sold,1836000.0,1836000.0
L102935,Lynnwood,Townhouse,3,177.0,2025-06-15,2025-07-05,Sold,4112000.0,3945000.0
L105273,Bryanston,House,6,457.0,2025-06-15,2025-06-30,Sold,14306000.0,13020000.0
L100386,Centurion,House,4,235.0,2025-06-15,2025-07-03,Sold,4565000.0,4465000.0
L104377,Groenkloof,House,2,145.0,2025-06-15,2025-08-01,Sold,3442000.0,3419000.0
L101201,Faerie Glen,House,3,157.0,2025-06-15,2025-08-15,Sold,3018000.0,2743000.0
L103548,Waterkloof Ridge,House,3,306.0,2025-06-15,2025-06-20,Sold,10472000.0,9750000.0
L104789,Centurion,House,4,251.0,2025-06-15,2025-08-18,Sold,6229000.0,6062000.0
L103669,Irene,Apartment,,73.0,2025-06-15,2025-08-30,Sold,1321000.0,1290000.0
L102301,Rooihuiskraal,House,4,244.0,2025-06-15,2025-08-14,Sold,4609000.0,4407000.0
L101744,Centurion,Apartment,2,95.0,2025-06-15,2025-08-05,Sold,1982000.0,1926000.0
L101662,Rooihuiskraal,Apartment,1,114.0,2025-06-16,2025-07-26,Sold,1683000.0,1621000.0
L103283,Waterkloof Ridge,House,4,328.0,2025-06-16,2025-08-14,Sold,9924000.0,9594000.0
L102701,Faerie Glen,House,2,189.0,2025-06-16,2025-07-25,Sold,3287000.0,3246000.0
L104807,Irene,House,6,404.0,2025-06-16,2025-07-07,Sold,9705000.0,9131000.0
L102144,Brooklyn,Apartment,1,73.0,2025-06-16,2025-08-11,Sold,1690000.0,1649000.0
L101978,Centurion,Townhouse,2,141.0,2025-06-16,2025-08-25,Sold,2676000.0,2613000.0
L104501,Lynnwood,House,4,263.0,2025-06-16,2025-07-13,Sold,6196000.0,5986000.0
L102464,Brooklyn,Apartment,2,75.0,2025-06-17,2025-07-18,Sold,1728000.0,1710000.0
L100200,Rooihuiskraal,House,2,175.0,2025-06-17,2025-08-03,Sold,3327000.0,3069000.0
L103131,Sandton,Apartment,3,145.0,2025-06-17,2025-07-22,Sold,4578000.0,4578000.0
L104317,Rooihuiskraal,House,3,282.0,2025-06-17,,Withdrawn,4155000.0,
L102134,Faerie Glen,House,4,258.0,2025-06-17,2025-07-23,Sold,4691000.0,4609000.0
L102704,Centurion,House,4,,2025-06-17,,Withdrawn,6723000.0,
L105954,Lynnwood,Apartment,2,91.0,2025-06-18,2025-07-01,Sold,1946000.0,1938000.0
L101698,Sandton,House,5,413.0,2025-06-19,2025-07-27,Sold,15715000.0,15074000.0
L105112,Rooihuiskraal,House,2,138.0,2025-06-19,2025-07-31,Sold,1913000.0,1821000.0
L105998,Bryanston,Apartment,1,70.0,2025-06-19,,Withdrawn,1970000.0,
L105102,Waterkloof,Apartment,1,83.0,2025-06-19,2025-08-06,Sold,1999000.0,1920000.0
L104835,Bryanston,House,2,144.0,2025-06-19,2025-09-22,Sold,4714000.0,4564000.0
L105467,Waterkloof Ridge,House,4,285.0,2025-06-19,2025-07-11,Sold,7446000.0,7128000.0
L104068,Sandton,House,4,283.0,2025-06-19,2025-07-13,Sold,9614000.0,9125000.0
L105435,Waterkloof Ridge,House,2,156.0,2025-06-19,2025-07-08,Sold,5032000.0,5032000.0
L101056,Sandton,Apartment,1,69.0,2025-06-20,2025-08-07,Sold,2154000.0,2035000.0
L101867,Groenkloof,House,3,171.0,2025-06-20,2025-07-13,Sold,4088000.0,3981000.0
L105199,Faerie Glen,House,6,312.0,2025-06-20,,Withdrawn,4722000.0,
L105941,Irene,House,3,215.0,2025-06-20,2025-09-29,Sold,3747000.0,3421000.0
L105451,Irene,Townhouse,2,169.0,2025-06-20,2025-07-23,Sold,2904000.0,2904000.0
L105210,Lynnwood,Apartment,2,129.0,2025-06-21,2025-07-08,Sold,2834000.0,2834000.0
L101657,Bryanston,Apartment,1,74.0,2025-06-21,2025-08-19,Sold,2184000.0,2020000.0
L102755,Rooihuiskraal,House,,233.0,2025-06-21,2025-08-08,Sold,4171000.0,4146000.0
L104313,Bryanston,Townhouse,2,133.0,2025-06-22,2025-07-23,Sold,3510000.0,3176000.0
L104139,Rooihuiskraal,House,4,287.0,2025-06-22,2025-07-29,Sold,5086000.0,4724000.0
L105703,Rooihuiskraal,House,4,269.0,2025-06-22,2025-07-25,Sold,4412000.0,4173000.0
L101373,Rooihuiskraal,Apartment,1,103.0,2025-06-23,2025-08-28,Sold,1696000.0,1671000.0
L104565,Centurion,House,6,376.0,2025-06-23,2025-08-27,Sold,7170000.0,7159000.0
L105461,Waterkloof Ridge,House,3,197.0,2025-06-24,2025-07-23,Sold,6102000.0,5750000.0
L102211,Lynnwood,Townhouse,1,105.0,2025-06-24,2025-06-27,Sold,2647000.0,2587000.0
L101125,Faerie Glen,Townhouse,2,124.0,2025-06-25,2025-08-19,Sold,2086000.0,1988000.0
L103689,Menlo Park,House,4,292.0,2025-06-25,2025-08-02,Sold,6322000.0,6247000.0
L102424,Sandton,House,2,105.0,2025-06-25,2025-08-14,Sold,3769000.0,3462000.0
L101378,Centurion,House,4,245.0,2025-06-25,2025-07-11,Sold,5325000.0,5325000.0
L105473,Groenkloof,House,6,446.0,2025-06-25,2025-08-24,Sold,10468000.0,9635000.0
L101191,Lynnwood,House,4,232.0,2025-06-26,2025-08-06,Sold,4778000.0,4778000.0
L101918,Irene,Townhouse,3,202.0,2025-06-26,,Withdrawn,3857000.0,
L101980,Bryanston,House,4,,2025-06-26,2025-07-24,Sold,8416000.0,8236000.0
L103447,Rooihuiskraal,House,5,408.0,2025-06-27,2025-08-02,Sold,6478000.0,6213000.0
L101676,Centurion,House,3,277.0,2025-06-27,2025-09-03,Sold,5941000.0,5908000.0
L103073,Centurion,Apartment,2,108.0,2025-06-27,2025-07-18,Sold,2115000.0,2115000.0
L100094,Brooklyn,Townhouse,3,254.0,2025-06-27,2025-08-02,Sold,6060000.0,6013000.0
L100052,Rooihuiskraal,Apartment,1,80.0,2025-06-27,2025-08-17,Sold,1293000.0,1207000.0
L103420,Bryanston,House,3,233.0,2025-06-27,2025-08-03,Sold,7168000.0,7168000.0
L101031,Centurion,House,3,237.0,2025-06-27,2025-07-10,Sold,5244000.0,5244000.0
L104084,Faerie Glen,Apartment,1,74.0,2025-06-28,2025-08-17,Sold,1241000.0,1222000.0
L102469,Menlo Park,House,6,412.0,2025-06-28,2025-08-16,Sold,10801000.0,10340000.0
L105247,Groenkloof,House,3,238.0,2025-06-28,2025-09-05,Sold,5192000.0,4878000.0
L104909,Groenkloof,Townhouse,2,118.0,2025-06-28,2025-08-10,Sold,2762000.0,2635000.0
L104454,Faerie Glen,House,2,188.0,2025-06-28,,Withdrawn,3760000.0,
L104172,Sandton,Townhouse,1,173.0,2025-06-29,2025-08-18,Sold,5902000.0,5841000.0
L101965,Waterkloof,Apartment,2,69.0,2025-06-29,2025-07-18,Sold,1710000.0,1683000.0
L104362,Centurion,House,2,177.0,2025-06-29,,Withdrawn,3571000.0,
L105951,Lynnwood,House,5,347.0,2025-06-29,2025-08-02,Sold,7697000.0,7697000.0
L102042,Centurion,Apartment,1,99.0,2025-06-29,2025-07-20,Sold,1729000.0,1665000.0
L105450,Waterkloof,Apartment,2,70.0,2025-06-29,2025-08-08,Sold,2134000.0,2062000.0
L104874,Faerie Glen,Townhouse,3,178.0,2025-06-30,2025-08-09,Sold,3364000.0,3116000.0
L103025,Waterkloof Ridge,House,2,160.0,2025-06-30,2025-07-22,Sold,6273000.0,6273000.0
L102220,Menlo Park,House,4,253.0,2025-06-30,2025-08-19,Sold,6552000.0,6552000.0
L105966,Rooihuiskraal,Apartment,1,65.0,2025-06-30,2025-09-19,Sold,970000.0,947000.0
L102287,Rooihuiskraal,Townhouse,3,173.0,2025-06-30,2025-08-14,Sold,2845000.0,2713000.0
L100403,Waterkloof Ridge,House,2,138.0,2025-07-01,2025-07-22,Sold,4421000.0,4235000.0
L101190,Lynnwood,House,5,282.0,2025-07-01,2025-09-16,Sold,7289000.0,7266000.0
L100777,Groenkloof,House,6,400.0,2025-07-01,2025-07-19,Sold,7831000.0,7473000.0
L100275,Lynnwood,Apartment,2,94.0,2025-07-01,,Withdrawn,2045000.0,
L101167,Faerie Glen,House,3,235.0,2025-07-01,,Withdrawn,5134000.0,
L100024,Rooihuiskraal,Apartment,1,64.0,2025-07-01,2025-09-06,Sold,1033000.0,1002000.0
L104703,Menlo Park,Apartment,1,78.0,2025-07-01,2025-07-22,Sold,1995000.0,1920000.0
L104602,Sandton,Apartment,1,89.0,2025-07-02,2025-08-21,Sold,2507000.0,2417000.0
L101395,Groenkloof,Townhouse,2,148.0,2025-07-02,2025-07-19,Sold,3101000.0,2930000.0
L103269,Waterkloof Ridge,Apartment,1,,2025-07-02,2025-08-01,Sold,1301000.0,1218000.0
L103550,Bryanston,Townhouse,2,77.0,2025-07-02,2025-07-21,Sold,2413000.0,2378000.0
L102620,Bryanston,Townhouse,2,213.0,2025-07-02,2025-08-09,Sold,5670000.0,5488000.0
L103917,Faerie Glen,House,6,517.0,2025-07-02,2025-09-26,Sold,8752000.0,8197000.0
L102030,Waterkloof,Apartment,1,95.0,2025-07-02,2025-07-20,Sold,2268000.0,2250000.0
L104644,Brooklyn,Apartment,1,84.0,2025-07-02,,Withdrawn,2394000.0,
L102166,Bryanston,Apartment,2,120.0,2025-07-03,2025-07-15,Sold,3579000.0,3579000.0
L105492,Brooklyn,House,2,157.0,2025-07-03,2025-08-04,Sold,4047000.0,4047000.0
L100779,Bryanston,Apartment,1,77.0,2025-07-04,2025-08-24,Sold,2300000.0,2255000.0
L105876,Irene,Apartment,1,56.0,2025-07-04,2025-08-27,Sold,991000.0,970000.0
L101582,Lynnwood,House,3,204.0,2025-07-04,2025-10-19,Sold,5227000.0,5227000.0
L100742,Bryanston,House,3,250.0,2025-07-04,2025-08-01,Sold,8673000.0,7881000.0
L104144,Lynnwood,House,1,122.0,2025-07-04,2025-08-02,Sold,3411000.0,3396000.0
L102379,Centurion,House,6,280.0,2025-07-04,2025-07-20,Sold,5423000.0,5312000.0
L104125,Groenkloof,House,3,195.0,2025-07-04,2025-08-02,Sold,5036000.0,4935000.0
L104059,Rooihuiskraal,Townhouse,3,179.0,2025-07-04,2025-08-12,Sold,2827000.0,2827000.0
L103791,Menlo Park,House,4,269.0,2025-07-05,2025-08-15,Sold,6350000.0,6152000.0
L101226,Lynnwood,House,6,429.0,2025-07-05,2025-08-01,Sold,10234000.0,9961000.0
L104335,Waterkloof,Townhouse,2,150.0,2025-07-05,2025-07-22,Sold,4107000.0,4081000.0
L104764,Lynnwood,Apartment,1,79.0,2025-07-06,2025-08-05,Sold,1788000.0,1788000.0
L103832,Lynnwood,Apartment,2,125.0,2025-07-06,2025-07-23,Sold,2953000.0,2941000.0
L103841,Centurion,House,2,99.0,2025-07-06,2025-08-19,Sold,1960000.0,1934000.0
L103932,Faerie Glen,House,3,234.0,2025-07-06,2025-08-12,Sold,3522000.0,3383000.0
L101211,Bryanston,Apartment,2,88.0,2025-07-06,2025-07-26,Sold,2546000.0,2516000.0
L103632,Irene,House,3,267.0,2025-07-06,2025-08-04,Sold,5356000.0,5253000.0
L102202,Bryanston,House,4,339.0,2025-07-07,2025-08-28,Sold,8362000.0,8103000.0
L102534,Sandton,Apartment,1,71.0,2025-07-07,2025-08-06,Sold,2732000.0,2589000.0
L100646,Waterkloof,House,3,213.0,2025-07-07,2025-08-23,Sold,6735000.0,6630000.0
L102957,Waterkloof,Apartment,2,68.0,2025-07-07,2025-08-15,Sold,1904000.0,1742000.0
L105810,Faerie Glen,Townhouse,1,107.0,2025-07-07,2025-09-03,Sold,2162000.0,2146000.0
L100956,Rooihuiskraal,House,5,347.0,2025-07-07,2025-08-14,Sold,5396000.0,5111000.0
L105914,Brooklyn,Townhouse,,141.0,2025-07-08,2025-08-13,Sold,2918000.0,2886000.0
L100938,Bryanston,House,5,376.0,2025-07-08,2025-09-02,Sold,11644000.0,11536000.0
L102460,Bryanston,Townhouse,,217.0,2025-07-08,2025-07-22,Sold,7329000.0,7008000.0
L104135,Waterkloof,House,6,443.0,2025-07-08,2025-08-09,Sold,13193000.0,13193000.0
L102017,Waterkloof,Apartment,2,84.0,2025-07-09,2025-08-17,Sold,2111000.0,2085000.0
L103467,Brooklyn,Apartment,1,129.0,2025-07-09,2025-08-18,Sold,2675000.0,2675000.0
L101091,Centurion,Apartment,2,100.0,2025-07-09,2025-09-24,Sold,1886000.0,1833000.0
L104413,Groenkloof,House,4,331.0,2025-07-09,2025-08-09,Sold,7558000.0,7269000.0
L103294,Faerie Glen,House,2,164.0,2025-07-10,2025-08-17,Sold,3204000.0,3171000.0
L105633,Waterkloof,House,6,470.0,2025-07-10,2025-08-18,Sold,15737000.0,14869000.0
L105768,Menlo Park,House,2,132.0,2025-07-10,2025-08-31,Sold,2674000.0,2617000.0
L105901,Waterkloof,House,3,248.0,2025-07-10,2025-08-22,Sold,7217000.0,7217000.0
L100399,Lynnwood,Apartment,2,131.0,2025-07-10,2025-08-02,Sold,2888000.0,2843000.0
L100966,Sandton,House,3,188.0,2025-07-11,2025-09-05,Sold,6286000.0,6286000.0
L102688,Brooklyn,House,2,229.0,2025-07-11,2025-08-06,Sold,5718000.0,5463000.0
L102374,Menlo Park,Apartment,1,107.0,2025-07-11,,Withdrawn,2445000.0,
L100505,Rooihuiskraal,House,4,202.0,2025-07-12,2025-09-28,Sold,3005000.0,2986000.0
L102637,Groenkloof,House,3,197.0,2025-07-12,2025-08-31,Sold,5125000.0,4878000.0
L103818,Centurion,House,2,139.0,2025-07-12,2025-09-04,Sold,2218000.0,2218000.0
L104796,Groenkloof,House,3,177.0,2025-07-12,2025-08-22,Sold,4323000.0,3906000.0
L102258,Waterkloof,Apartment,1,83.0,2025-07-12,2025-09-11,Sold,2214000.0,2214000.0
L102187,Irene,House,3,233.0,2025-07-13,2025-09-26,Sold,5414000.0,5200000.0
L101303,Brooklyn,House,5,365.0,2025-07-13,2025-09-08,Sold,9074000.0,8852000.0
L103295,Sandton,House,5,222.0,2025-07-13,2025-09-23,Sold,8424000.0,7933000.0
L102746,Groenkloof,Apartment,1,66.0,2025-07-13,2025-11-10,Sold,1473000.0,1366000.0
L103693,Faerie Glen,House,5,326.0,2025-07-14,2025-08-31,Sold,6097000.0,5887000.0
L105253,Rooihuiskraal,House,4,292.0,2025-07-14,2025-07-30,Sold,4281000.0,4230000.0
L101780,Groenkloof,Apartment,1,74.0,2025-07-14,2025-08-08,Sold,1491000.0,1437000.0
L102501,Centurion,Apartment,1,104.0,2025-07-14,2025-07-24,Sold,2161000.0,2132000.0
L103572,Brooklyn,House,4,264.0,2025-07-14,2025-08-26,Sold,6816000.0,6558000.0
L103332,Waterkloof,House,3,226.0,2025-07-15,,Withdrawn,6544000.0,
L103869,Lynnwood,Townhouse,3,185.0,2025-07-15,2025-09-14,Sold,4345000.0,4321000.0
L100634,Waterkloof,Apartment,1,,2025-07-15,,Withdrawn,1600000.0,
L100110,Lynnwood,House,1,128.0,2025-07-15,2025-09-08,Sold,2675000.0,2609000.0
L100519,Bryanston,House,4,261.0,2025-07-16,,Withdrawn,8173000.0,
L101877,Menlo Park,Apartment,1,92.0,2025-07-16,,Withdrawn,2070000.0,
L105462,Waterkloof Ridge,Apartment,3,204.0,2025-07-16,2025-08-06,Sold,4811000.0,4485000.0
L100785,Menlo Park,House,,196.0,2025-07-16,2025-08-17,Sold,4684000.0,4684000.0
L100017,Waterkloof,Apartment,2,148.0,2025-07-16,2025-08-18,Sold,4213000.0,3983000.0
L105438,Sandton,Apartment,2,73.0,2025-07-17,2025-10-06,Sold,2256000.0,2256000.0
L102176,Lynnwood,Apartment,1,65.0,2025-07-17,,Withdrawn,1433000.0,
L105854,Waterkloof,House,1,103.0,2025-07-17,2025-09-09,Sold,3023000.0,3023000.0
L105581,Menlo Park,Apartment,2,108.0,2025-07-17,2025-08-01,Sold,2718000.0,2677000.0
L100591,Lynnwood,Apartment,1,55.0,2025-07-17,2025-08-17,Sold,1198000.0,1198000.0
L104452,Centurion,Apartment,1,67.0,2025-07-17,,Withdrawn,1171000.0,
L100279,Bryanston,House,3,152.0,2025-07-18,2025-08-09,Sold,4649000.0,4456000.0
L100479,Lynnwood,House,3,279.0,2025-07-18,,Withdrawn,6172000.0,
L105763,Sandton,House,3,184.0,2025-07-18,,Withdrawn,5821000.0,
L101813,Brooklyn,House,2,130.0,2025-07-18,2025-08-03,Sold,3369000.0,3365000.0
L100922,Irene,House,2,150.0,2025-07-18,2025-09-24,Sold,2956000.0,2782000.0
L105759,Waterkloof,Apartment,1,93.0,2025-07-19,2025-08-05,Sold,2486000.0,2466000.0
L105377,Centurion,House,2,166.0,2025-07-19,2025-09-05,Sold,3776000.0,3518000.0
L104981,Brooklyn,House,4,371.0,2025-07-19,2025-08-12,Sold,8281000.0,8120000.0
L100432,Centurion,House,3,149.0,2025-07-19,2025-10-26,Sold,2744000.0,2605000.0
L105651,Lynnwood,House,4,256.0,2025-07-19,2025-08-14,Sold,5655000.0,5655000.0
L100171,Faerie Glen,House,,286.0,2025-07-20,2025-09-08,Sold,4929000.0,4847000.0
L101559,Bryanston,Townhouse,2,137.0,2025-07-20,2025-09-03,Sold,4524000.0,4363000.0
L105384,Brooklyn,House,3,203.0,2025-07-20,2025-08-03,Sold,5576000.0,5340000.0
L100114,Groenkloof,House,4,200.0,2025-07-20,2025-09-27,Sold,3947000.0,3918000.0
L105553,Groenkloof,House,6,292.0,2025-07-20,2025-08-20,Sold,7434000.0,7434000.0
L100512,Waterkloof,House,3,272.0,2025-07-20,2025-09-05,Sold,9103000.0,8904000.0
L104929,Brooklyn,House,4,296.0,2025-07-21,2025-08-26,Sold,7229000.0,7144000.0
L102581,Bryanston,House,2,161.0,2025-07-21,2025-08-08,Sold,4560000.0,4312000.0
L104040,Lynnwood,House,3,289.0,2025-07-21,2025-09-22,Sold,6670000.0,6263000.0
L105712,Sandton,House,3,198.0,2025-07-21,2025-08-13,Sold,6673000.0,6514000.0
L103594,Waterkloof,House,4,243.0,2025-07-22,2025-08-13,Sold,8519000.0,8392000.0
L102632,Bryanston,House,6,439.0,2025-07-22,2025-09-17,Sold,11495000.0,11495000.0
L101927,Centurion,House,4,248.0,2025-07-22,2025-10-31,Sold,5600000.0,5490000.0
L101245,Brooklyn,Townhouse,3,160.0,2025-07-22,2025-08-13,Sold,3398000.0,3284000.0
L105538,Menlo Park,Apartment,2,128.0,2025-07-22,2025-09-10,Sold,2621000.0,2621000.0
L101636,Lynnwood,House,2,98.0,2025-07-23,2025-09-02,Sold,2157000.0,2157000.0
L104213,Waterkloof Ridge,Apartment,1,72.0,2025-07-23,2025-10-11,Sold,2586000.0,2487000.0
L101550,Waterkloof Ridge,Townhouse,4,320.0,2025-07-23,2025-08-15,Sold,10815000.0,10567000.0
L105662,Faerie Glen,House,3,209.0,2025-07-23,2025-08-28,Sold,3884000.0,3824000.0
L103881,Sandton,House,4,262.0,2025-07-23,2025-10-17,Sold,9680000.0,9680000.0
L100342,Rooihuiskraal,Townhouse,3,177.0,2025-07-23,,Withdrawn,2752000.0,
L104772,Waterkloof,House,4,283.0,2025-07-23,2025-09-21,Sold,8078000.0,8078000.0
L105989,Faerie Glen,Apartment,,71.0,2025-07-24,2025-08-22,Sold,1207000.0,1138000.0
L100065,Faerie Glen,Apartment,1,79.0,2025-07-24,2025-08-09,Sold,1476000.0,1436000.0
L101634,Sandton,House,3,250.0,2025-07-24,2025-09-18,Sold,9363000.0,8724000.0
L101179,Groenkloof,House,4,240.0,2025-07-25,2025-08-22,Sold,5974000.0,5974000.0
L105843,Irene,House,3,237.0,2025-07-25,2025-10-10,Sold,5885000.0,5724000.0
L104827,Lynnwood,House,6,316.0,2025-07-25,,Withdrawn,7061000.0,
L100575,Faerie Glen,Apartment,1,71.0,2025-07-25,2025-09-07,Sold,1353000.0,1353000.0
L100850,Groenkloof,Townhouse,1,137.0,2025-07-25,2025-09-22,Sold,3305000.0,3138000.0
L103603,Brooklyn,House,3,216.0,2025-07-26,2025-08-22,Sold,5910000.0,5539000.0
L101894,Menlo Park,House,3,295.0,2025-07-27,2025-08-13,Sold,6596000.0,6273000.0
L101397,Sandton,House,3,175.0,2025-07-27,2025-08-07,Sold,5555000.0,5449000.0
L100295,Sandton,Apartment,2,68.0,2025-07-27,2025-08-29,Sold,2383000.0,2213000.0
L105485,Sandton,House,6,472.0,2025-07-28,2025-09-08,Sold,16981000.0,16384000.0
L104338,Faerie Glen,House,4,236.0,2025-07-28,2025-08-03,Sold,4127000.0,4081000.0
L105013,Centurion,House,3,231.0,2025-07-28,2025-08-05,Sold,5854000.0,5854000.0
L103970,Sandton,Apartment,1,69.0,2025-07-28,2025-09-01,Sold,2318000.0,2279000.0
L103022,Lynnwood,Townhouse,3,243.0,2025-07-28,2025-08-12,Sold,5399000.0,4864000.0
L103490,Irene,House,3,252.0,2025-07-28,2025-10-01,Sold,5160000.0,5028000.0
L102785,Centurion,House,6,453.0,2025-07-28,2025-09-08,Sold,8616000.0,8616000.0
L103411,Waterkloof Ridge,House,4,260.0,2025-07-28,2025-10-01,Sold,8181000.0,7916000.0
L103456,Sandton,House,5,,2025-07-28,2025-09-27,Sold,9757000.0,9674000.0
L105933,Brooklyn,Apartment,1,50.0,2025-07-28,2025-08-27,Sold,1449000.0,1449000.0
L104922,Brooklyn,Apartment,,79.0,2025-07-29,2025-08-22,Sold,1672000.0,1629000.0
L104871,Brooklyn,House,4,268.0,2025-07-29,2025-08-22,Sold,5924000.0,5924000.0
L105185,Bryanston,House,1,113.0,2025-07-29,2025-08-23,Sold,3711000.0,3711000.0
L104196,Waterkloof Ridge,House,1,152.0,2025-07-29,2025-09-05,Sold,5708000.0,5516000.0
L103496,Centurion,House,2,191.0,2025-07-29,2025-11-26,Sold,4388000.0,4388000.0
L101747,Faerie Glen,Apartment,3,95.0,2025-07-30,2025-08-26,Sold,1970000.0,1970000.0
L104457,Irene,House,3,,2025-07-30,2025-09-13,Sold,3281000.0,3281000.0
L105833,Centurion,House,4,241.0,2025-07-31,2025-08-16,Sold,5068000.0,4758000.0
L100765,Waterkloof,Apartment,1,102.0,2025-07-31,2025-08-16,Sold,2360000.0,2229000.0
L105476,Groenkloof,House,4,234.0,2025-07-31,2025-08-27,Sold,6895000.0,6501000.0
L100706,Rooihuiskraal,House,5,325.0,2025-07-31,2025-10-18,Sold,4849000.0,4558000.0
L104731,Sandton,House,4,280.0,2025-08-01,2025-09-06,Sold,9535000.0,8543000.0
L101496,Bryanston,House,3,192.0,2025-08-01,2025-09-24,Sold,5471000.0,5471000.0
L102303,Faerie Glen,House,2,186.0,2025-08-01,2025-10-08,Sold,3641000.0,3641000.0
L100988,Menlo Park,House,3,245.0,2025-08-01,2025-09-14,Sold,5901000.0,5557000.0
L104711,Brooklyn,House,3,209.0,2025-08-01,2025-08-21,Sold,5606000.0,5606000.0
L105161,Sandton,Apartment,2,101.0,2025-08-02,2025-08-25,Sold,3077000.0,3077000.0
L103848,Brooklyn,House,,159.0,2025-08-02,2025-08-14,Sold,4058000.0,3988000.0
L104391,Rooihuiskraal,Townhouse,2,121.0,2025-08-02,,Withdrawn,1892000.0,
L104339,Bryanston,Apartment,2,69.0,2025-08-02,2025-10-08,Sold,1883000.0,1812000.0
L105692,Faerie Glen,House,5,318.0,2025-08-02,2025-08-16,Sold,6716000.0,6582000.0
L103994,Brooklyn,House,2,182.0,2025-08-03,2025-08-07,Sold,4317000.0,4145000.0
L103516,Irene,Townhouse,3,135.0,2025-08-03,2025-10-02,Sold,2840000.0,2798000.0
L101577,Bryanston,House,2,173.0,2025-08-03,2025-09-19,Sold,6299000.0,6250000.0
L101243,Waterkloof,Apartment,2,101.0,2025-08-03,2025-08-08,Sold,3142000.0,3129000.0
L102645,Bryanston,House,5,381.0,2025-08-03,2025-10-07,Sold,13480000.0,12697000.0
L105716,Bryanston,House,4,245.0,2025-08-03,2025-08-14,Sold,7822000.0,7542000.0
L102627,Menlo Park,Townhouse,3,203.0,2025-08-03,2025-09-26,Sold,5014000.0,4970000.0
L102983,Irene,Apartment,3,90.0,2025-08-03,2025-11-03,Sold,1885000.0,1794000.0
L104656,Bryanston,Apartment,2,89.0,2025-08-04,2025-08-13,Sold,2356000.0,2209000.0
L103308,Irene,House,2,178.0,2025-08-04,2025-09-04,Sold,3138000.0,3129000.0
L102091,Bryanston,House,4,340.0,2025-08-04,2025-10-14,Sold,11469000.0,11403000.0
L105079,Centurion,Apartment,2,79.0,2025-08-04,2025-09-30,Sold,1264000.0,1263000.0
L100356,Rooihuiskraal,House,4,278.0,2025-08-04,2025-09-04,Sold,4757000.0,4567000.0
L100931,Menlo Park,Apartment,1,102.0,2025-08-04,2025-09-12,Sold,2297000.0,2220000.0
L102881,Waterkloof Ridge,Townhouse,3,192.0,2025-08-04,2025-10-06,Sold,6120000.0,5666000.0
L105389,Sandton,House,2,178.0,2025-08-04,2025-08-21,Sold,7076000.0,6705000.0
L105583,Centurion,House,4,258.0,2025-08-05,2025-09-06,Sold,5913000.0,5830000.0
L101575,Brooklyn,Townhouse,3,249.0,2025-08-05,2025-08-30,Sold,6294000.0,6294000.0
L101242,Menlo Park,Apartment,1,90.0,2025-08-05,2025-08-12,Sold,1590000.0,1590000.0
L101974,Groenkloof,Apartment,1,43.0,2025-08-05,2025-09-08,Sold,959000.0,943000.0
L101254,Waterkloof Ridge,House,6,479.0,2025-08-05,2025-08-19,Sold,15574000.0,14880000.0
L105877,Groenkloof,House,2,98.0,2025-08-05,,Withdrawn,2117000.0,
L100757,Sandton,Townhouse,2,153.0,2025-08-05,2025-10-06,Sold,5657000.0,5459000.0
L103757,Brooklyn,House,5,343.0,2025-08-06,2025-09-02,Sold,8202000.0,7650000.0
L104296,Lynnwood,Apartment,1,94.0,2025-08-06,2025-09-09,Sold,1818000.0,1756000.0
L104596,Lynnwood,House,3,196.0,2025-08-06,2025-10-03,Sold,4479000.0,4326000.0
L104311,Rooihuiskraal,House,5,300.0,2025-08-06,2025-10-24,Sold,5359000.0,5024000.0
L103210,Menlo Park,Townhouse,2,191.0,2025-08-06,2025-09-16,Sold,4023000.0,3830000.0
L101469,Groenkloof,Apartment,2,167.0,2025-08-06,2025-09-03,Sold,3727000.0,3493000.0
L102133,Sandton,Apartment,2,128.0,2025-08-07,2025-09-05,Sold,4195000.0,4090000.0
L101192,Bryanston,Apartment,,91.0,2025-08-07,,Withdrawn,2593000.0,
L100823,Centurion,House,,379.0,2025-08-07,2025-10-10,Sold,8134000.0,7811000.0
L104148,Lynnwood,House,6,342.0,2025-08-07,2025-08-13,Sold,8551000.0,8305000.0
L105769,Centurion,House,4,284.0,2025-08-07,2025-09-16,Sold,5692000.0,5335000.0
L102155,Bryanston,Townhouse,2,110.0,2025-08-07,2025-09-29,Sold,3406000.0,3406000.0
L102197,Faerie Glen,House,5,396.0,2025-08-07,2025-09-05,Sold,7956000.0,7652000.0
L105466,Rooihuiskraal,House,6,549.0,2025-08-07,2025-09-26,Sold,8527000.0,8103000.0
L102539,Faerie Glen,House,3,237.0,2025-08-07,2025-09-16,Sold,3984000.0,3849000.0
L103460,Lynnwood,Apartment,1,109.0,2025-08-07,2025-08-31,Sold,2414000.0,2414000.0
L101134,Sandton,House,4,184.0,2025-08-08,2025-09-05,Sold,5763000.0,5727000.0
L105127,Groenkloof,House,2,188.0,2025-08-08,,Withdrawn,3781000.0,
L103329,Brooklyn,Apartment,,81.0,2025-08-08,2025-08-20,Sold,1883000.0,1851000.0
L105532,Faerie Glen,House,2,291.0,2025-08-08,2025-09-12,Sold,6362000.0,5801000.0
L103015,Centurion,Apartment,1,,2025-08-08,2025-09-02,Sold,1389000.0,1317000.0
L105456,Groenkloof,House,3,163.0,2025-08-08,2025-10-08,Sold,4799000.0,4693000.0
L102695,Groenkloof,House,5,320.0,2025-08-09,2025-08-30,Sold,6686000.0,6686000.0
L104960,Groenkloof,House,4,290.0,2025-08-09,,Withdrawn,6585000.0,
L103880,Centurion,House,4,296.0,2025-08-09,2025-09-04,Sold,6765000.0,6381000.0
L101185,Bryanston,House,4,282.0,2025-08-09,2025-10-04,Sold,9122000.0,8835000.0
L100761,Groenkloof,Apartment,,128.0,2025-08-09,2025-08-22,Sold,2497000.0,2310000.0
L100734,Waterkloof,House,4,,2025-08-09,,Withdrawn,5678000.0,
L101808,Lynnwood,Townhouse,2,193.0,2025-08-10,2025-10-16,Sold,3927000.0,3599000.0
L103175,Waterkloof,Townhouse,2,119.0,2025-08-10,2025-09-14,Sold,2728000.0,2728000.0
L104074,Waterkloof,House,3,256.0,2025-08-11,2025-09-05,Sold,5687000.0,5680000.0
L103956,Sandton,Apartment,1,126.0,2025-08-11,2025-09-07,Sold,3740000.0,3645000.0
L103506,Faerie Glen,Apartment,2,106.0,2025-08-11,,Withdrawn,1877000.0,
L102706,Bryanston,House,3,229.0,2025-08-11,2025-10-02,Sold,6602000.0,6561000.0
L101805,Centurion,Apartment,2,67.0,2025-08-12,2025-09-22,Sold,1287000.0,1287000.0
L101717,Irene,Apartment,,76.0,2025-08-12,2025-09-22,Sold,1553000.0,1481000.0
L103061,Lynnwood,Townhouse,2,120.0,2025-08-12,2025-08-24,Sold,2244000.0,2244000.0
L100946,Centurion,Apartment,1,72.0,2025-08-12,2025-10-05,Sold,1502000.0,1464000.0
L100880,Lynnwood,House,3,192.0,2025-08-12,,Withdrawn,4241000.0,
L103245,Faerie Glen,Apartment,1,47.0,2025-08-12,2025-09-20,Sold,899000.0,853000.0
L103454,Sandton,House,3,300.0,2025-08-12,2025-09-24,Sold,10794000.0,10794000.0
L102005,Bryanston,Apartment,1,104.0,2025-08-13,2025-10-27,Sold,2558000.0,2429000.0
L104812,Faerie Glen,House,6,332.0,2025-08-13,2025-09-14,Sold,5742000.0,5513000.0
L104096,Irene,House,6,487.0,2025-08-14,2025-09-16,Sold,8554000.0,8362000.0
L103103,Rooihuiskraal,Apartment,1,105.0,2025-08-14,2025-09-22,Sold,1437000.0,1370000.0
L105886,Brooklyn,Townhouse,3,90.0,2025-08-14,2025-10-31,Sold,2541000.0,2424000.0
L104025,Sandton,House,3,246.0,2025-08-14,2025-09-19,Sold,8835000.0,8680000.0
L105479,Sandton,Apartment,,55.0,2025-08-14,2025-09-30,Sold,1699000.0,1622000.0
L104961,Groenkloof,House,6,418.0,2025-08-14,2025-08-31,Sold,10123000.0,9586000.0
L105363,Sandton,House,3,235.0,2025-08-14,2025-10-12,Sold,10138000.0,9402000.0
L101275,Menlo Park,Apartment,1,79.0,2025-08-14,,Withdrawn,1703000.0,
L103903,Faerie Glen,House,6,385.0,2025-08-15,2025-09-11,Sold,6393000.0,6171000.0
L105106,Groenkloof,Apartment,1,70.0,2025-08-15,2025-09-15,Sold,1596000.0,1468000.0
L102340,Groenkloof,House,3,173.0,2025-08-15,2025-09-07,Sold,4280000.0,4154000.0
L100516,Menlo Park,Apartment,1,111.0,2025-08-15,2025-09-14,Sold,2634000.0,2634000.0
L101264,Irene,Apartment,2,103.0,2025-08-15,2025-09-24,Sold,2103000.0,1976000.0
L105220,Waterkloof Ridge,House,5,346.0,2025-08-15,2025-09-14,Sold,9710000.0,9572000.0
L103671,Irene,Townhouse,2,155.0,2025-08-16,2025-09-24,Sold,3042000.0,2969000.0
L105169,Menlo Park,Apartment,1,86.0,2025-08-16,2025-10-15,Sold,1834000.0,1834000.0
L101206,Irene,House,3,153.0,2025-08-16,2025-09-20,Sold,3277000.0,3067000.0
L105548,Centurion,House,,156.0,2025-08-16,2025-09-23,Sold,2880000.0,2697000.0
L100220,Brooklyn,House,4,227.0,2025-08-16,2025-09-11,Sold,5216000.0,5142000.0
L103892,Faerie Glen,House,5,283.0,2025-08-17,2025-09-22,Sold,5385000.0,5230000.0
L103650,Brooklyn,Apartment,1,77.0,2025-08-17,,Withdrawn,2030000.0,
L100726,Brooklyn,House,5,299.0,2025-08-18,2025-09-16,Sold,6566000.0,6002000.0
L101797,Brooklyn,Apartment,1,82.0,2025-08-18,,Withdrawn,1754000.0,
L105080,Groenkloof,Apartment,1,75.0,2025-08-18,2025-09-15,Sold,1640000.0,1616000.0
L105592,Irene,Townhouse,3,,2025-08-18,2025-09-07,Sold,4361000.0,4193000.0
L101340,Waterkloof Ridge,House,4,232.0,2025-08-18,2025-10-07,Sold,7113000.0,6776000.0
L102843,Brooklyn,Apartment,2,104.0,2025-08-18,2025-10-10,Sold,2665000.0,2568000.0
L105325,Waterkloof Ridge,House,5,273.0,2025-08-18,2025-09-05,Sold,9323000.0,9009000.0
L103891,Centurion,House,3,200.0,2025-08-19,,Withdrawn,4609000.0,
L103408,Faerie Glen,Apartment,2,,2025-08-19,2025-11-30,Sold,1014000.0,967000.0
L105081,Irene,Apartment,,125.0,2025-08-19,2025-11-15,Sold,2416000.0,2300000.0
L101925,Waterkloof,House,3,222.0,2025-08-20,2025-10-11,Sold,6825000.0,6763000.0
L104287,Groenkloof,Townhouse,1,164.0,2025-08-20,2025-11-04,Sold,3730000.0,3704000.0
L104100,Brooklyn,Townhouse,,158.0,2025-08-20,2025-09-01,Sold,3652000.0,3591000.0
L100803,Irene,House,2,147.0,2025-08-20,2025-10-04,Sold,2963000.0,2882000.0
L104900,Faerie Glen,House,3,155.0,2025-08-20,2025-10-07,Sold,2996000.0,2868000.0
L104279,Centurion,Townhouse,3,112.0,2025-08-20,2025-09-30,Sold,2419000.0,2275000.0
L104383,Lynnwood,Apartment,1,79.0,2025-08-20,2025-10-07,Sold,2012000.0,1934000.0
L102781,Waterkloof Ridge,House,2,159.0,2025-08-21,2025-09-06,Sold,5269000.0,4947000.0
L100046,Menlo Park,House,3,269.0,2025-08-21,2025-09-10,Sold,6293000.0,6143000.0
L102757,Centurion,House,5,310.0,2025-08-21,2025-11-25,Sold,6306000.0,6055000.0
L103125,Groenkloof,Townhouse,4,152.0,2025-08-22,2025-10-19,Sold,3668000.0,3549000.0
L104421,Groenkloof,House,2,133.0,2025-08-22,2025-09-29,Sold,3283000.0,3132000.0
L104193,Bryanston,House,4,219.0,2025-08-22,2025-09-13,Sold,6141000.0,5797000.0
L104901,Brooklyn,House,5,288.0,2025-08-22,,Withdrawn,6268000.0,
L105212,Sandton,House,4,236.0,2025-08-22,2025-09-19,Sold,8545000.0,8511000.0
L100874,Centurion,House,5,364.0,2025-08-22,2025-10-05,Sold,6891000.0,6729000.0
L103630,Waterkloof Ridge,Apartment,3,146.0,2025-08-23,2025-09-06,Sold,4929000.0,4819000.0
L102380,Bryanston,House,4,238.0,2025-08-23,2025-09-25,Sold,6202000.0,5665000.0
L104832,Centurion,House,2,176.0,2025-08-23,2025-09-16,Sold,3773000.0,3773000.0
L100127,Waterkloof Ridge,House,4,333.0,2025-08-23,2025-09-27,Sold,11923000.0,11841000.0
L101231,Irene,House,4,250.0,2025-08-23,2025-09-16,Sold,5062000.0,4850000.0
L103180,Sandton,House,5,291.0,2025-08-23,2025-09-28,Sold,10541000.0,9794000.0
L103291,Centurion,Apartment,2,97.0,2025-08-23,2025-10-02,Sold,1882000.0,1733000.0
L105616,Lynnwood,House,3,144.0,2025-08-24,2025-09-03,Sold,3356000.0,3356000.0
L104978,Bryanston,House,3,214.0,2025-08-24,2025-10-23,Sold,6051000.0,5805000.0
L100182,Faerie Glen,Apartment,,57.0,2025-08-24,2025-09-26,Sold,997000.0,958000.0
L100326,Rooihuiskraal,Apartment,1,57.0,2025-08-24,2025-09-11,Sold,825000.0,779000.0
L104465,Groenkloof,Apartment,1,113.0,2025-08-24,2025-10-08,Sold,2404000.0,2387000.0
L102915,Groenkloof,House,5,,2025-08-25,2025-09-20,Sold,8178000.0,7993000.0
L100917,Waterkloof Ridge,Apartment,1,101.0,2025-08-25,2025-09-25,Sold,2979000.0,2887000.0
L100421,Waterkloof,House,2,174.0,2025-08-25,2025-09-07,Sold,4381000.0,4381000.0
L104612,Centurion,Apartment,2,168.0,2025-08-25,2025-09-25,Sold,3226000.0,3158000.0
L103189,Brooklyn,Apartment,3,131.0,2025-08-25,2025-09-03,Sold,3313000.0,3302000.0
L105889,Waterkloof,House,3,185.0,2025-08-25,2025-09-21,Sold,5744000.0,5530000.0
L104029,Sandton,Apartment,2,93.0,2025-08-25,2025-11-07,Sold,3151000.0,3151000.0
L103301,Menlo Park,House,4,266.0,2025-08-26,2025-09-09,Sold,6869000.0,6719000.0
L104951,Centurion,Townhouse,4,182.0,2025-08-26,2025-09-22,Sold,3143000.0,2870000.0
L101178,Groenkloof,Townhouse,3,164.0,2025-08-26,2025-09-17,Sold,4805000.0,4600000.0
L101695,Faerie Glen,Apartment,2,90.0,2025-08-26,2025-09-06,Sold,1611000.0,1611000.0
L101511,Groenkloof,House,4,166.0,2025-08-27,2025-10-10,Sold,3833000.0,3754000.0
L103628,Centurion,Townhouse,,187.0,2025-08-27,2025-10-07,Sold,3742000.0,3684000.0
L105937,Lynnwood,Townhouse,3,179.0,2025-08-28,2025-11-17,Sold,3579000.0,3471000.0
L102263,Waterkloof Ridge,Townhouse,4,286.0,2025-08-28,2025-09-09,Sold,9427000.0,9418000.0
L100886,Lynnwood,House,5,342.0,2025-08-29,2025-10-21,Sold,7813000.0,7813000.0
L102842,Lynnwood,House,2,166.0,2025-08-29,2025-09-10,Sold,3966000.0,3767000.0
L101753,Bryanston,Apartment,1,108.0,2025-08-29,2025-11-04,Sold,4106000.0,3999000.0
L102658,Waterkloof Ridge,Apartment,2,97.0,2025-08-29,2025-09-25,Sold,3199000.0,3199000.0
L102592,Centurion,Apartment,1,56.0,2025-08-29,2025-09-24,Sold,1038000.0,1038000.0
L104510,Irene,House,6,398.0,2025-08-29,2025-09-30,Sold,8100000.0,7809000.0
L104310,Faerie Glen,House,2,166.0,2025-08-29,2025-09-15,Sold,3281000.0,3006000.0
L100267,Groenkloof,Apartment,2,144.0,2025-08-30,2025-10-21,Sold,3154000.0,2888000.0
L102217,Sandton,Apartment,2,80.0,2025-08-30,2025-09-21,Sold,2568000.0,2449000.0
L100689,Faerie Glen,House,3,157.0,2025-08-30,2025-12-27,Sold,2714000.0,2560000.0
L103939,Waterkloof Ridge,Apartment,1,71.0,2025-08-30,2025-11-04,Sold,2041000.0,1960000.0
L102112,Groenkloof,Townhouse,1,143.0,2025-08-30,2025-10-03,Sold,2811000.0,2540000.0
L105412,Menlo Park,Apartment,1,79.0,2025-08-31,2025-09-15,Sold,1914000.0,1825000.0
L105047,Bryanston,House,4,355.0,2025-08-31,2025-10-20,Sold,10762000.0,10340000.0
L104543,Faerie Glen,Apartment,1,,2025-08-31,2025-10-11,Sold,1725000.0,1654000.0
L101186,Lynnwood,House,4,255.0,2025-08-31,,Withdrawn,6606000.0,
L105511,Faerie Glen,Townhouse,2,139.0,2025-09-01,,Withdrawn,2694000.0,
L101948,Waterkloof,House,3,198.0,2025-09-01,2025-11-12,Sold,5151000.0,4957000.0
L104850,Groenkloof,House,4,268.0,2025-09-01,2025-11-11,Sold,6650000.0,6158000.0
L100470,Lynnwood,House,6,367.0,2025-09-01,2025-10-05,Sold,8252000.0,8252000.0
L102600,Lynnwood,House,6,350.0,2025-09-02,2025-10-10,Sold,7932000.0,7440000.0
L105100,Irene,Apartment,1,81.0,2025-09-02,2025-11-29,Sold,1785000.0,1667000.0
L102422,Rooihuiskraal,Apartment,3,139.0,2025-09-02,2025-09-20,Sold,2117000.0,2078000.0
L100654,Bryanston,House,4,258.0,2025-09-02,2025-10-15,Sold,8244000.0,8244000.0
L104299,Centurion,Townhouse,3,180.0,2025-09-02,2025-10-16,Sold,3171000.0,2982000.0
L104616,Waterkloof Ridge,House,2,140.0,2025-09-02,2025-09-06,Sold,4489000.0,4161000.0
L101989,Groenkloof,Apartment,1,62.0,2025-09-02,2025-10-15,Sold,1162000.0,1109000.0
L105531,Bryanston,House,6,427.0,2025-09-03,2025-10-05,Sold,12531000.0,12527000.0
L103091,Sandton,House,3,133.0,2025-09-03,2025-10-21,Sold,5035000.0,5035000.0
L100876,Lynnwood,House,2,136.0,2025-09-03,,Withdrawn,3186000.0,
L100083,Groenkloof,House,5,324.0,2025-09-03,2025-11-18,Sold,9319000.0,9198000.0
L102821,Centurion,House,,173.0,2025-09-03,2025-10-29,Sold,3639000.0,3623000.0
L104865,Waterkloof Ridge,House,3,182.0,2025-09-05,2025-11-13,Sold,6161000.0,5948000.0
L101524,Centurion,House,2,162.0,2025-09-05,2025-09-19,Sold,3555000.0,3503000.0
L104514,Waterkloof Ridge,Townhouse,3,201.0,2025-09-05,2025-09-16,Sold,7496000.0,7273000.0
L101959,Irene,Townhouse,3,153.0,2025-09-05,2025-09-20,Sold,2589000.0,2545000.0
L100630,Sandton,Apartment,1,,2025-09-05,,Withdrawn,2812000.0,
L101446,Sandton,Apartment,2,74.0,2025-09-05,2025-10-15,Sold,2477000.0,2325000.0
L103666,Groenkloof,Townhouse,2,121.0,2025-09-06,2025-10-23,Sold,2985000.0,2938000.0
L105652,Irene,Apartment,1,95.0,2025-09-06,,Withdrawn,1767000.0,
L103639,Faerie Glen,House,3,238.0,2025-09-06,2025-10-10,Sold,4659000.0,4626000.0
L101391,Bryanston,House,4,349.0,2025-09-07,2025-09-21,Sold,10537000.0,10222000.0
L103673,Menlo Park,House,6,489.0,2025-09-07,2025-09-27,Sold,10470000.0,10470000.0
L103965,Waterkloof Ridge,House,5,312.0,2025-09-07,2025-10-14,Sold,9728000.0,9728000.0
L103796,Centurion,House,4,274.0,2025-09-07,2025-09-27,Sold,6287000.0,6169000.0
L105968,Irene,House,5,326.0,2025-09-07,2025-11-17,Sold,6450000.0,6165000.0
L102390,Irene,Apartment,2,121.0,2025-09-08,2025-11-07,Sold,2692000.0,2634000.0
L103893,Faerie Glen,Townhouse,,85.0,2025-09-08,2025-09-21,Sold,1410000.0,1356000.0
L104512,Bryanston,House,4,252.0,2025-09-08,2025-09-19,Sold,7680000.0,7223000.0
L100921,Bryanston,Apartment,1,62.0,2025-09-08,2025-10-01,Sold,1667000.0,1667000.0
L103471,Lynnwood,House,6,428.0,2025-09-08,2025-10-15,Sold,11375000.0,11098000.0
L105474,Centurion,House,3,162.0,2025-09-08,2025-09-20,Sold,3092000.0,2982000.0
L104762,Sandton,House,4,255.0,2025-09-09,2025-11-01,Sold,9897000.0,9732000.0
L105706,Sandton,House,2,204.0,2025-09-09,2025-11-06,Sold,7406000.0,7327000.0
L101430,Sandton,Apartment,1,67.0,2025-09-09,2025-11-10,Sold,2148000.0,2008000.0
L105855,Bryanston,House,4,265.0,2025-09-10,2025-10-16,Sold,9132000.0,9112000.0
L101480,Lynnwood,House,1,139.0,2025-09-10,2025-11-21,Sold,3087000.0,3077000.0
L100363,Waterkloof,House,5,312.0,2025-09-10,2025-09-28,Sold,8859000.0,8625000.0
L104625,Irene,Apartment,1,108.0,2025-09-10,2025-10-07,Sold,2467000.0,2341000.0
L100967,Groenkloof,House,2,198.0,2025-09-11,2025-10-08,Sold,4676000.0,4598000.0
L100897,Groenkloof,House,3,,2025-09-11,2025-10-07,Sold,5127000.0,4985000.0
L105262,Groenkloof,House,5,327.0,2025-09-12,2025-10-07,Sold,8460000.0,8388000.0
L102408,Menlo Park,Townhouse,5,277.0,2025-09-13,2025-10-14,Sold,6878000.0,6878000.0
L100820,Waterkloof,Apartment,1,57.0,2025-09-14,2025-10-23,Sold,1328000.0,1285000.0
L104376,Centurion,Apartment,1,54.0,2025-09-14,2025-10-21,Sold,870000.0,806000.0
L104366,Lynnwood,Apartment,1,69.0,2025-09-14,2025-10-30,Sold,1629000.0,1598000.0
L105897,Bryanston,House,3,224.0,2025-09-14,2025-10-12,Sold,6922000.0,6922000.0
L105107,Brooklyn,House,4,202.0,2025-09-14,2025-10-31,Sold,4710000.0,4623000.0
L100560,Waterkloof,House,3,186.0,2025-09-15,2025-09-24,Sold,4313000.0,4295000.0
L105267,Bryanston,Apartment,1,97.0,2025-09-16,2025-09-24,Sold,2744000.0,2679000.0
L102964,Brooklyn,House,5,342.0,2025-09-16,2025-11-16,Sold,8403000.0,8403000.0
L102311,Waterkloof,House,,218.0,2025-09-16,2025-09-28,Sold,6015000.0,5852000.0
L104856,Lynnwood,Apartment,1,55.0,2025-09-16,2025-12-13,Sold,1303000.0,1279000.0
L103232,Faerie Glen,Apartment,1,87.0,2025-09-16,2025-10-13,Sold,1535000.0,1504000.0
L105620,Lynnwood,Apartment,1,102.0,2025-09-16,2025-10-21,Sold,2293000.0,2226000.0
L100070,Groenkloof,Townhouse,2,,2025-09-17,2025-10-15,Sold,3718000.0,3718000.0
L102910,Centurion,House,4,249.0,2025-09-17,2025-11-30,Sold,5164000.0,5109000.0
L105946,Waterkloof,House,3,260.0,2025-09-17,,Withdrawn,9080000.0,
L104089,Groenkloof,House,3,257.0,2025-09-17,,Withdrawn,5899000.0,
L105567,Groenkloof,Apartment,1,,2025-09-17,2025-11-27,Sold,1824000.0,1677000.0
L101910,Waterkloof,Townhouse,2,177.0,2025-09-17,2025-10-31,Sold,4592000.0,4416000.0
L102554,Brooklyn,Apartment,1,118.0,2025-09-18,2025-10-12,Sold,2692000.0,2692000.0
L104872,Centurion,Apartment,1,92.0,2025-09-18,2025-10-02,Sold,1627000.0,1549000.0
L104975,Lynnwood,House,2,203.0,2025-09-18,2025-12-05,Sold,5049000.0,4790000.0
L103976,Waterkloof,Apartment,2,124.0,2025-09-18,2025-10-16,Sold,3272000.0,3160000.0
L100438,Centurion,Apartment,2,134.0,2025-09-18,2025-11-05,Sold,2385000.0,2354000.0
L100334,Waterkloof Ridge,Apartment,2,99.0,2025-09-18,2025-10-26,Sold,2815000.0,2774000.0
L101234,Groenkloof,Apartment,2,115.0,2025-09-19,2025-11-12,Sold,2184000.0,2078000.0
L103738,Rooihuiskraal,Apartment,1,63.0,2025-09-19,2025-11-27,Sold,811000.0,760000.0
L103546,Faerie Glen,Apartment,,76.0,2025-09-19,2025-11-15,Sold,1156000.0,1092000.0
L103912,Bryanston,Townhouse,3,185.0,2025-09-19,2025-11-06,Sold,6112000.0,5907000.0
L105318,Lynnwood,Apartment,2,102.0,2025-09-19,2025-11-20,Sold,2387000.0,2387000.0
L105948,Menlo Park,House,3,248.0,2025-09-19,2025-10-02,Sold,6019000.0,5516000.0
L104355,Centurion,Apartment,1,48.0,2025-09-20,2025-10-25,Sold,987000.0,965000.0
L105229,Brooklyn,Apartment,2,132.0,2025-09-20,2025-09-30,Sold,2957000.0,2826000.0
L105491,Centurion,House,,159.0,2025-09-20,2025-10-28,Sold,3070000.0,2988000.0
L101521,Faerie Glen,House,3,247.0,2025-09-20,2025-10-03,Sold,4728000.0,4728000.0
L105837,Faerie Glen,Townhouse,4,287.0,2025-09-20,2025-11-20,Sold,5257000.0,5085000.0
L100251,Bryanston,House,6,586.0,2025-09-21,2025-10-21,Sold,16315000.0,16315000.0
L103019,Brooklyn,Apartment,,92.0,2025-09-21,2025-10-26,Sold,2211000.0,2194000.0
L103951,Sandton,Townhouse,2,209.0,2025-09-21,2025-11-23,Sold,6994000.0,6616000.0
L101954,Sandton,Apartment,3,103.0,2025-09-22,,Withdrawn,3131000.0,
L102070,Bryanston,House,6,309.0,2025-09-22,2025-11-09,Sold,10772000.0,10749000.0
L101906,Lynnwood,Apartment,1,103.0,2025-09-22,2025-10-16,Sold,2254000.0,2164000.0
L104485,Brooklyn,Apartment,2,74.0,2025-09-22,2025-10-14,Sold,1792000.0,1772000.0
L101440,Brooklyn,Townhouse,2,153.0,2025-09-23,2025-10-06,Sold,3515000.0,3354000.0
L100305,Lynnwood,House,3,164.0,2025-09-23,2025-10-30,Sold,3918000.0,3862000.0
L103941,Groenkloof,House,3,155.0,2025-09-23,2025-11-02,Sold,3798000.0,3798000.0
L105078,Menlo Park,House,5,318.0,2025-09-23,2025-12-17,Sold,7276000.0,7231000.0
L104039,Bryanston,House,3,188.0,2025-09-24,2025-10-03,Sold,6001000.0,5874000.0
L105775,Waterkloof,House,4,187.0,2025-09-24,2025-11-17,Sold,5788000.0,5757000.0
L104460,Lynnwood,Townhouse,2,130.0,2025-09-24,2025-10-12,Sold,3047000.0,3027000.0
L100987,Waterkloof,House,4,260.0,2025-09-24,2025-10-12,Sold,7294000.0,7268000.0
L102596,Waterkloof,Apartment,1,67.0,2025-09-24,2025-10-31,Sold,1511000.0,1445000.0
L102752,Bryanston,Apartment,1,58.0,2025-09-25,2025-10-12,Sold,1571000.0,1539000.0
L105597,Lynnwood,House,2,260.0,2025-09-25,2025-11-16,Sold,5778000.0,5680000.0
L103190,Groenkloof,House,6,339.0,2025-09-25,2025-11-20,Sold,8233000.0,7475000.0
L100890,Menlo Park,Apartment,1,80.0,2025-09-25,2025-11-07,Sold,1620000.0,1587000.0
L100964,Sandton,House,6,370.0,2025-09-25,2025-10-11,Sold,12636000.0,12179000.0
L102020,Centurion,House,6,422.0,2025-09-26,2025-10-15,Sold,8002000.0,7694000.0
L100487,Brooklyn,Apartment,1,65.0,2025-09-26,2025-10-05,Sold,1577000.0,1517000.0
L103940,Waterkloof,Townhouse,1,139.0,2025-09-26,2025-10-05,Sold,3754000.0,3754000.0
L101916,Centurion,Townhouse,2,186.0,2025-09-26,2026-01-24,Sold,3867000.0,3738000.0
L101526,Menlo Park,Apartment,1,,2025-09-27,2025-10-24,Sold,1918000.0,1804000.0
L102248,Menlo Park,House,3,248.0,2025-09-27,2025-10-15,Sold,5492000.0,5398000.0
L102985,Brooklyn,Apartment,1,96.0,2025-09-27,2025-10-24,Sold,2420000.0,2420000.0
L102282,Menlo Park,House,3,241.0,2025-09-27,2025-11-06,Sold,4960000.0,4960000.0
L104814,Lynnwood,House,4,297.0,2025-09-28,2025-10-21,Sold,6654000.0,6303000.0
L103195,Menlo Park,House,4,243.0,2025-09-28,2025-11-04,Sold,5388000.0,5388000.0
L101356,Faerie Glen,Apartment,2,79.0,2025-09-28,2025-10-04,Sold,1263000.0,1228000.0
L105971,Waterkloof,House,2,187.0,2025-09-29,2025-11-17,Sold,5660000.0,5498000.0
L101228,Sandton,House,5,371.0,2025-09-29,2025-12-09,Sold,13056000.0,12760000.0
L102786,Centurion,Apartment,2,101.0,2025-09-29,2025-11-14,Sold,2109000.0,2109000.0
L102279,Centurion,House,4,225.0,2025-09-30,2025-11-06,Sold,5044000.0,4922000.0
L104804,Bryanston,Apartment,2,125.0,2025-09-30,2025-12-03,Sold,3652000.0,3652000.0
L100277,Faerie Glen,Apartment,,74.0,2025-09-30,2025-12-01,Sold,1063000.0,1019000.0
L105335,Rooihuiskraal,House,4,279.0,2025-10-01,2025-10-24,Sold,4906000.0,4784000.0
L102862,Menlo Park,Apartment,,139.0,2025-10-01,2025-12-18,Sold,2966000.0,2808000.0
L102448,Irene,House,5,364.0,2025-10-01,2025-11-10,Sold,8361000.0,7893000.0
L104752,Menlo Park,Apartment,1,59.0,2025-10-02,2025-11-08,Sold,1319000.0,1311000.0
L101783,Groenkloof,House,4,265.0,2025-10-02,2025-11-30,Sold,6033000.0,5755000.0
L102325,Sandton,House,3,185.0,2025-10-02,2025-11-04,Sold,6697000.0,6293000.0
L103735,Sandton,Apartment,1,70.0,2025-10-02,2025-12-26,Sold,2418000.0,2327000.0
L103358,Centurion,Apartment,1,89.0,2025-10-02,2026-01-22,Sold,1991000.0,1896000.0
L101878,Faerie Glen,Townhouse,2,138.0,2025-10-02,2025-12-24,Sold,2626000.0,2567000.0
L102401,Rooihuiskraal,House,,266.0,2025-10-02,2025-11-23,Sold,4448000.0,4311000.0
L102135,Faerie Glen,House,3,204.0,2025-10-02,2025-11-23,Sold,4176000.0,3888000.0
L104886,Waterkloof Ridge,House,4,209.0,2025-10-02,2025-10-17,Sold,7321000.0,7321000.0
L103152,Menlo Park,House,5,327.0,2025-10-03,2025-11-23,Sold,6368000.0,6130000.0
L102179,Sandton,House,4,235.0,2025-10-03,,Withdrawn,7012000.0,
L104412,Centurion,House,3,206.0,2025-10-03,2025-11-18,Sold,4047000.0,3836000.0
L104252,Groenkloof,Townhouse,2,125.0,2025-10-03,2025-10-13,Sold,3074000.0,3074000.0
L101411,Sandton,Apartment,1,78.0,2025-10-03,2025-11-12,Sold,2485000.0,2384000.0
L102693,Sandton,House,5,306.0,2025-10-03,2025-11-16,Sold,11980000.0,11968000.0
L102429,Rooihuiskraal,Apartment,1,,2025-10-03,2025-11-27,Sold,1029000.0,1017000.0
L101256,Rooihuiskraal,House,1,162.0,2025-10-03,2025-11-13,Sold,2375000.0,2292000.0
L104083,Brooklyn,Townhouse,3,194.0,2025-10-03,2025-11-05,Sold,5117000.0,5001000.0
L101887,Groenkloof,House,3,207.0,2025-10-04,2025-11-08,Sold,4066000.0,4007000.0
L102869,Waterkloof,Apartment,2,62.0,2025-10-04,2025-11-28,Sold,1799000.0,1799000.0
L103001,Irene,House,4,265.0,2025-10-04,2025-10-28,Sold,5449000.0,5342000.0
L104675,Waterkloof Ridge,Apartment,2,115.0,2025-10-04,2026-01-10,Sold,3565000.0,3513000.0
L101945,Sandton,House,3,189.0,2025-10-04,2025-11-17,Sold,6013000.0,5899000.0
L105490,Menlo Park,House,6,446.0,2025-10-04,2025-12-07,Sold,9450000.0,8890000.0
L103151,Irene,House,5,272.0,2025-10-04,2025-10-22,Sold,5905000.0,5364000.0
L102942,Bryanston,House,6,374.0,2025-10-05,,Withdrawn,10546000.0,
L105865,Menlo Park,Apartment,1,114.0,2025-10-05,2025-11-22,Sold,2316000.0,2217000.0
L103908,Faerie Glen,House,1,158.0,2025-10-06,2025-11-17,Sold,3507000.0,3430000.0
L103723,Lynnwood,House,1,186.0,2025-10-06,2026-01-11,Sold,5842000.0,5562000.0
L104976,Lynnwood,House,4,317.0,2025-10-06,2025-11-19,Sold,8106000.0,7752000.0
L102103,Sandton,Apartment,1,132.0,2025-10-06,2025-10-15,Sold,5038000.0,4923000.0
L101618,Sandton,Apartment,1,79.0,2025-10-07,2025-10-19,Sold,2629000.0,2589000.0
L105801,Irene,House,4,370.0,2025-10-07,2025-11-06,Sold,7240000.0,7066000.0
L104107,Centurion,Townhouse,2,165.0,2025-10-07,2025-11-18,Sold,3376000.0,3251000.0
L105549,Lynnwood,Apartment,1,75.0,2025-10-07,2025-11-02,Sold,1764000.0,1695000.0
L102246,Brooklyn,House,3,226.0,2025-10-07,2025-11-27,Sold,4966000.0,4714000.0
L103700,Bryanston,House,4,280.0,2025-10-07,2025-11-27,Sold,8304000.0,8266000.0
L102044,Sandton,Townhouse,2,182.0,2025-10-07,2025-12-22,Sold,5711000.0,5635000.0
L104011,Groenkloof,House,5,228.0,2025-10-08,2026-01-28,Sold,4855000.0,4429000.0
L104533,Faerie Glen,Apartment,2,63.0,2025-10-08,2025-12-06,Sold,1073000.0,1000000.0
L105395,Lynnwood,Apartment,,151.0,2025-10-08,,Withdrawn,3420000.0,
L105640,Lynnwood,Apartment,2,93.0,2025-10-08,2026-01-21,Sold,2090000.0,2013000.0
L103726,Sandton,House,6,460.0,2025-10-09,2025-11-03,Sold,15725000.0,15545000.0
L100702,Groenkloof,Townhouse,2,144.0,2025-10-09,2025-12-08,Sold,3384000.0,3308000.0
L100146,Menlo Park,Apartment,2,114.0,2025-10-09,2025-11-23,Sold,2576000.0,2539000.0
L103907,Bryanston,Apartment,2,76.0,2025-10-09,2025-11-19,Sold,2425000.0,2235000.0
L103469,Sandton,House,3,232.0,2025-10-09,2025-11-27,Sold,7679000.0,7679000.0
L105304,Waterkloof,Apartment,1,77.0,2025-10-09,2025-11-01,Sold,2553000.0,2553000.0
L101724,Faerie Glen,Apartment,1,71.0,2025-10-09,2025-11-26,Sold,1097000.0,1093000.0
L103050,Bryanston,House,,272.0,2025-10-10,2025-11-07,Sold,8908000.0,8899000.0
L100615,Centurion,House,2,243.0,2025-10-10,2025-11-06,Sold,4672000.0,4408000.0
L102074,Menlo Park,Townhouse,2,178.0,2025-10-10,2025-11-02,Sold,4525000.0,4525000.0
L102887,Sandton,Apartment,1,66.0,2025-10-11,2025-11-23,Sold,2032000.0,1919000.0
L102395,Sandton,House,4,227.0,2025-10-11,2025-11-17,Sold,8746000.0,8467000.0
L104744,Waterkloof,Apartment,1,82.0,2025-10-11,2025-11-13,Sold,2135000.0,2135000.0
L105254,Rooihuiskraal,House,3,194.0,2025-10-11,2025-11-16,Sold,3252000.0,3080000.0
L105010,Brooklyn,Apartment,2,134.0,2025-10-12,2025-10-31,Sold,3343000.0,3040000.0
L104379,Waterkloof,House,5,389.0,2025-10-12,2025-11-28,Sold,12972000.0,11590000.0
L103043,Lynnwood,Apartment,1,96.0,2025-10-12,2025-10-22,Sold,2123000.0,2048000.0
L102028,Faerie Glen,Townhouse,2,172.0,2025-10-12,,Withdrawn,3487000.0,
L102231,Centurion,House,2,164.0,2025-10-12,2026-01-09,Sold,3298000.0,3186000.0
L104103,Brooklyn,Apartment,1,84.0,2025-10-12,2025-12-17,Sold,2275000.0,2218000.0
L100903,Faerie Glen,House,5,324.0,2025-10-13,2025-11-20,Sold,5556000.0,5374000.0
L105295,Irene,Apartment,2,127.0,2025-10-13,2025-11-05,Sold,2473000.0,2411000.0
L100486,Lynnwood,House,3,190.0,2025-10-14,2025-10-31,Sold,4905000.0,4905000.0
L102730,Waterkloof,House,1,154.0,2025-10-14,2025-11-20,Sold,4166000.0,4049000.0
L102072,Brooklyn,House,6,303.0,2025-10-14,2025-10-22,Sold,7421000.0,7421000.0
L105372,Waterkloof,House,2,153.0,2025-10-14,2025-11-26,Sold,3872000.0,3693000.0
L104291,Waterkloof,Apartment,1,63.0,2025-10-14,2025-12-08,Sold,1783000.0,1783000.0
L104341,Waterkloof Ridge,Townhouse,2,159.0,2025-10-14,,Withdrawn,5265000.0,
L105265,Waterkloof,House,4,256.0,2025-10-15,,Withdrawn,8787000.0,
L103422,Centurion,Apartment,1,102.0,2025-10-15,2025-12-26,Sold,1534000.0,1441000.0
L101651,Brooklyn,House,2,211.0,2025-10-15,2025-11-09,Sold,4487000.0,4487000.0
L102076,Sandton,House,,133.0,2025-10-15,2025-11-02,Sold,4189000.0,4189000.0
L103977,Waterkloof Ridge,Apartment,2,126.0,2025-10-15,2025-11-29,Sold,3918000.0,3783000.0
L104363,Sandton,Apartment,2,137.0,2025-10-15,2025-11-25,Sold,4745000.0,4585000.0
L103635,Waterkloof,House,3,197.0,2025-10-15,2025-12-11,Sold,5387000.0,5387000.0
L101835,Waterkloof Ridge,House,5,326.0,2025-10-15,2025-12-11,Sold,12343000.0,11508000.0
L103108,Groenkloof,Apartment,1,78.0,2025-10-16,,Withdrawn,1367000.0,
L105264,Menlo Park,House,3,235.0,2025-10-16,2025-12-08,Sold,4642000.0,4642000.0
L104955,Brooklyn,Townhouse,2,177.0,2025-10-16,2025-12-17,Sold,4248000.0,4248000.0
L102010,Waterkloof,Townhouse,2,122.0,2025-10-16,2025-12-23,Sold,3524000.0,3524000.0
L103569,Brooklyn,Apartment,1,74.0,2025-10-16,2025-11-08,Sold,1747000.0,1658000.0
L105115,Sandton,House,6,525.0,2025-10-17,2025-11-23,Sold,15760000.0,14595000.0
L103667,Waterkloof Ridge,Townhouse,2,192.0,2025-10-17,2025-12-10,Sold,5760000.0,5743000.0
L103986,Brooklyn,Apartment,2,95.0,2025-10-17,2025-11-19,Sold,2098000.0,2011000.0
L101752,Bryanston,Townhouse,3,188.0,2025-10-17,,Withdrawn,6598000.0,
L101997,Menlo Park,House,4,218.0,2025-10-17,2025-12-09,Sold,5331000.0,4852000.0
L104236,Menlo Park,Apartment,2,91.0,2025-10-18,2025-11-03,Sold,1868000.0,1817000.0
L103929,Sandton,House,4,266.0,2025-10-18,2025-11-29,Sold,9630000.0,9374000.0
L105560,Sandton,Apartment,1,98.0,2025-10-18,2025-11-04,Sold,3603000.0,3598000.0
L104519,Brooklyn,Townhouse,2,178.0,2025-10-19,2025-11-27,Sold,4111000.0,4111000.0
L105947,Centurion,House,3,207.0,2025-10-19,2025-11-13,Sold,5190000.0,5025000.0
L104010,Brooklyn,Apartment,3,159.0,2025-10-20,2025-11-14,Sold,3462000.0,3334000.0
L102116,Brooklyn,Apartment,2,61.0,2025-10-20,2025-11-28,Sold,1280000.0,1228000.0
L100881,Irene,Apartment,1,68.0,2025-10-20,2025-11-06,Sold,1275000.0,1251000.0
L103555,Rooihuiskraal,House,3,212.0,2025-10-20,2025-11-20,Sold,3582000.0,3303000.0
L100343,Irene,House,4,245.0,2025-10-20,2025-12-05,Sold,6754000.0,6672000.0
L102686,Brooklyn,Apartment,2,100.0,2025-10-20,2025-11-16,Sold,2550000.0,2454000.0
L104668,Bryanston,House,3,169.0,2025-10-21,2025-12-19,Sold,4611000.0,4599000.0
L100929,Centurion,Townhouse,1,134.0,2025-10-21,2025-11-20,Sold,2766000.0,2583000.0
L103762,Waterkloof,Apartment,1,50.0,2025-10-21,2025-11-11,Sold,1233000.0,1233000.0
L101899,Waterkloof,House,3,140.0,2025-10-21,2025-10-28,Sold,3798000.0,3608000.0
L100978,Faerie Glen,Apartment,,69.0,2025-10-22,2025-12-24,Sold,1154000.0,1101000.0
L105587,Brooklyn,House,1,134.0,2025-10-22,2025-10-31,Sold,3261000.0,3097000.0
L101947,Sandton,House,3,187.0,2025-10-22,2025-12-02,Sold,5833000.0,5806000.0
L100633,Menlo Park,Apartment,2,150.0,2025-10-22,2025-11-22,Sold,3001000.0,3001000.0
L101489,Lynnwood,House,4,347.0,2025-10-22,2025-11-25,Sold,6930000.0,6930000.0
L100313,Menlo Park,House,3,212.0,2025-10-23,2025-12-13,Sold,5188000.0,5115000.0
L105612,Brooklyn,House,4,218.0,2025-10-23,2025-11-06,Sold,4588000.0,4267000.0
L101919,Sandton,House,2,172.0,2025-10-23,2025-12-08,Sold,5355000.0,5344000.0
L105562,Waterkloof Ridge,House,4,263.0,2025-10-23,2025-11-20,Sold,7574000.0,7342000.0
L104535,Waterkloof Ridge,House,2,186.0,2025-10-23,2025-12-11,Sold,6191000.0,5626000.0
L102288,Groenkloof,House,4,242.0,2025-10-24,2026-01-07,Sold,5549000.0,5258000.0
L104352,Centurion,Apartment,1,62.0,2025-10-24,,Withdrawn,1233000.0,
L101635,Lynnwood,House,5,343.0,2025-10-24,2026-01-10,Sold,6673000.0,6423000.0
L105787,Bryanston,House,3,174.0,2025-10-24,2025-11-09,Sold,4825000.0,4485000.0
L105306,Sandton,House,3,237.0,2025-10-24,2025-12-03,Sold,8727000.0,8475000.0
L104077,Irene,House,6,438.0,2025-10-24,2026-02-04,Sold,7904000.0,7379000.0
L104956,Bryanston,Townhouse,1,93.0,2025-10-24,2025-12-12,Sold,2907000.0,2800000.0
L100972,Waterkloof Ridge,House,5,382.0,2025-10-25,2025-11-13,Sold,11227000.0,10983000.0
L105700,Bryanston,House,3,201.0,2025-10-25,2025-12-18,Sold,5384000.0,5384000.0
L103647,Menlo Park,House,2,182.0,2025-10-25,2025-12-01,Sold,4966000.0,4774000.0
L104265,Faerie Glen,House,2,235.0,2025-10-26,2025-11-28,Sold,5221000.0,4653000.0
L102775,Menlo Park,House,4,259.0,2025-10-26,2025-12-15,Sold,6767000.0,6318000.0
L104325,Faerie Glen,House,3,,2025-10-26,2026-01-05,Sold,3835000.0,3600000.0
L100514,Menlo Park,House,4,297.0,2025-10-27,2025-11-20,Sold,7277000.0,7152000.0
L103861,Waterkloof,House,4,318.0,2025-10-27,2026-01-02,Sold,8512000.0,8512000.0
L104220,Groenkloof,Apartment,3,125.0,2025-10-27,2026-01-18,Sold,2480000.0,2424000.0
L101716,Menlo Park,House,3,158.0,2025-10-27,2025-12-07,Sold,3929000.0,3929000.0
L101093,Brooklyn,Apartment,2,79.0,2025-10-27,2025-11-19,Sold,2033000.0,1980000.0
L101219,Waterkloof,House,5,363.0,2025-10-27,2025-11-18,Sold,10594000.0,10213000.0
L102691,Menlo Park,House,3,193.0,2025-10-27,2025-11-19,Sold,5285000.0,5245000.0
L105979,Centurion,Townhouse,1,161.0,2025-10-27,2025-11-23,Sold,3420000.0,3398000.0
L103449,Bryanston,House,4,293.0,2025-10-27,2025-11-17,Sold,8004000.0,7407000.0
L105653,Menlo Park,Apartment,1,50.0,2025-10-27,2025-11-07,Sold,1136000.0,1136000.0
L101771,Rooihuiskraal,House,,522.0,2025-10-28,2026-02-11,Sold,8195000.0,8061000.0
L105211,Brooklyn,Apartment,1,86.0,2025-10-28,2025-12-02,Sold,1972000.0,1873000.0
L103898,Waterkloof Ridge,Apartment,1,58.0,2025-10-29,2025-12-22,Sold,1652000.0,1587000.0
L105840,Menlo Park,Townhouse,3,192.0,2025-10-29,2025-11-19,Sold,5326000.0,5178000.0
L103488,Groenkloof,Townhouse,2,119.0,2025-10-29,2025-11-04,Sold,2294000.0,2207000.0
L104552,Waterkloof,Townhouse,2,178.0,2025-10-29,2025-12-08,Sold,4720000.0,4649000.0
L102345,Waterkloof,House,3,182.0,2025-10-29,2025-11-21,Sold,4263000.0,4029000.0
L101493,Rooihuiskraal,House,2,148.0,2025-10-30,2025-12-15,Sold,2093000.0,2054000.0
L103031,Waterkloof,Townhouse,2,163.0,2025-10-30,2025-11-15,Sold,3952000.0,3945000.0
L100648,Centurion,Townhouse,1,114.0,2025-10-30,2025-12-04,Sold,2431000.0,2336000.0
L105484,Bryanston,House,1,132.0,2025-10-30,2025-12-08,Sold,4733000.0,4733000.0
L102938,Brooklyn,House,5,360.0,2025-10-30,2025-12-02,Sold,8998000.0,8998000.0
L104278,Brooklyn,House,4,280.0,2025-10-30,2025-12-26,Sold,7334000.0,6637000.0
L105777,Faerie Glen,House,4,221.0,2025-10-31,2026-01-14,Sold,4220000.0,4121000.0
L104315,Irene,Apartment,2,109.0,2025-10-31,2026-01-06,Sold,1851000.0,1791000.0
L105018,Irene,House,5,358.0,2025-10-31,2026-01-10,Sold,7689000.0,7279000.0
L104445,Lynnwood,House,3,208.0,2025-11-01,2025-11-20,Sold,4097000.0,4097000.0
L103117,Centurion,Apartment,1,100.0,2025-11-01,2025-12-05,Sold,1807000.0,1747000.0
L103873,Waterkloof Ridge,House,4,210.0,2025-11-01,2025-12-02,Sold,6930000.0,6701000.0
L104965,Waterkloof,House,3,210.0,2025-11-02,2025-11-30,Sold,4962000.0,4949000.0
L102284,Groenkloof,House,6,391.0,2025-11-02,2025-11-26,Sold,7174000.0,6612000.0
L100401,Sandton,House,5,324.0,2025-11-02,2025-12-01,Sold,12679000.0,11670000.0
L100863,Irene,House,4,279.0,2025-11-02,2025-11-29,Sold,6404000.0,6334000.0
L103082,Centurion,House,3,181.0,2025-11-02,2025-11-11,Sold,3629000.0,3349000.0
L104168,Faerie Glen,Townhouse,4,285.0,2025-11-03,2025-12-07,Sold,5698000.0,5241000.0
L102932,Irene,House,3,182.0,2025-11-03,2026-01-22,Sold,3863000.0,3554000.0
L101266,Groenkloof,House,3,202.0,2025-11-04,2025-12-09,Sold,4549000.0,4549000.0
L103263,Lynnwood,Apartment,1,66.0,2025-11-04,2025-12-25,Sold,1249000.0,1203000.0
L103277,Faerie Glen,House,5,294.0,2025-11-04,2025-12-17,Sold,4812000.0,4505000.0
L104778,Brooklyn,Apartment,1,66.0,2025-11-04,2025-12-28,Sold,1646000.0,1640000.0
L101017,Bryanston,House,2,217.0,2025-11-04,2025-12-23,Sold,7581000.0,7319000.0
L101077,Faerie Glen,Townhouse,3,201.0,2025-11-04,2025-12-20,Sold,3522000.0,3480000.0
L105709,Irene,Apartment,1,93.0,2025-11-04,,Withdrawn,1586000.0,
L101992,Menlo Park,House,3,120.0,2025-11-05,2025-11-25,Sold,2350000.0,2305000.0
L102722,Menlo Park,Apartment,2,107.0,2025-11-05,2025-11-19,Sold,2185000.0,2059000.0
L102252,Menlo Park,Apartment,1,71.0,2025-11-05,2025-11-12,Sold,1607000.0,1582000.0
L101790,Rooihuiskraal,Apartment,2,118.0,2025-11-05,2025-12-22,Sold,1991000.0,1874000.0
L101198,Brooklyn,Apartment,2,132.0,2025-11-06,2025-12-13,Sold,3478000.0,3341000.0
L104344,Centurion,House,2,181.0,2025-11-06,2025-12-29,Sold,4066000.0,4021000.0
L101488,Bryanston,House,6,371.0,2025-11-07,2025-12-15,Sold,11646000.0,11209000.0
L100285,Lynnwood,Apartment,2,153.0,2025-11-07,2025-12-05,Sold,2915000.0,2839000.0
L101194,Bryanston,Apartment,1,68.0,2025-11-07,2025-11-26,Sold,1646000.0,1553000.0
L103157,Waterkloof,House,3,227.0,2025-11-07,2025-12-09,Sold,7998000.0,7827000.0
L104290,Waterkloof,House,4,285.0,2025-11-07,2025-12-30,Sold,8406000.0,8138000.0
L103512,Sandton,House,4,260.0,2025-11-07,2025-12-21,Sold,9269000.0,9098000.0
L105999,Bryanston,Apartment,1,52.0,2025-11-07,2025-12-03,Sold,1568000.0,1541000.0
L105160,Sandton,House,3,175.0,2025-11-07,2025-12-09,Sold,7385000.0,7035000.0
L105154,Waterkloof,House,2,175.0,2025-11-08,2025-11-22,Sold,5093000.0,4955000.0
L100622,Sandton,House,2,197.0,2025-11-08,2025-12-15,Sold,6468000.0,6407000.0
L104833,Centurion,Apartment,1,116.0,2025-11-08,2025-11-28,Sold,1979000.0,1853000.0
L105558,Centurion,Apartment,1,103.0,2025-11-08,2025-12-30,Sold,1712000.0,1636000.0
L102213,Faerie Glen,Apartment,3,104.0,2025-11-08,2025-12-04,Sold,1914000.0,1914000.0
L103266,Groenkloof,House,4,276.0,2025-11-08,2025-11-18,Sold,6142000.0,5962000.0
L101574,Waterkloof Ridge,House,3,200.0,2025-11-08,,Withdrawn,6432000.0,
L100168,Menlo Park,House,5,,2025-11-09,,Withdrawn,7436000.0,
L100639,Bryanston,House,5,296.0,2025-11-09,2025-11-25,Sold,9545000.0,9319000.0
L104233,Rooihuiskraal,House,4,213.0,2025-11-09,2026-01-19,Sold,3919000.0,3758000.0
L102254,Sandton,Apartment,,139.0,2025-11-09,2026-01-24,Sold,4041000.0,3998000.0
L102524,Sandton,House,2,101.0,2025-11-10,2025-12-06,Sold,3591000.0,3503000.0
L104920,Menlo Park,House,4,210.0,2025-11-10,2025-12-08,Sold,5057000.0,5028000.0
L103493,Irene,Apartment,3,96.0,2025-11-10,2026-01-05,Sold,1829000.0,1816000.0
L104456,Waterkloof Ridge,House,4,232.0,2025-11-10,2025-11-25,Sold,7173000.0,7173000.0
L104664,Irene,House,3,292.0,2025-11-10,2026-01-07,Sold,5755000.0,5473000.0
L104740,Groenkloof,Townhouse,3,231.0,2025-11-10,2025-11-16,Sold,5215000.0,5075000.0
L100562,Bryanston,House,6,388.0,2025-11-10,2025-12-20,Sold,11373000.0,11262000.0
L103950,Lynnwood,House,3,226.0,2025-11-11,2025-12-25,Sold,5729000.0,5597000.0
L105358,Menlo Park,House,5,300.0,2025-11-11,2025-12-27,Sold,7884000.0,7884000.0
L100489,Irene,Townhouse,2,180.0,2025-11-11,2026-01-25,Sold,4122000.0,4024000.0
L100680,Waterkloof,Apartment,1,45.0,2025-11-11,2026-02-23,Sold,1089000.0,1075000.0
L100961,Lynnwood,House,5,317.0,2025-11-11,2025-12-18,Sold,6837000.0,6758000.0
L101467,Brooklyn,House,4,286.0,2025-11-11,2025-11-25,Sold,7048000.0,7048000.0
L105308,Groenkloof,House,4,263.0,2025-11-11,2025-12-31,Sold,5639000.0,5233000.0
L104436,Bryanston,House,5,363.0,2025-11-11,2025-11-27,Sold,10840000.0,10840000.0
L105969,Rooihuiskraal,House,2,141.0,2025-11-12,2026-01-21,Sold,2047000.0,2047000.0
L105973,Sandton,House,2,228.0,2025-11-12,2026-01-26,Sold,8996000.0,8762000.0
L105874,Groenkloof,House,4,249.0,2025-11-12,2025-12-07,Sold,6441000.0,6191000.0
L103583,Centurion,Apartment,1,74.0,2025-11-12,2025-11-30,Sold,1314000.0,1314000.0
L102680,Rooihuiskraal,House,6,377.0,2025-11-12,,Withdrawn,7693000.0,
L103042,Rooihuiskraal,House,5,273.0,2025-11-12,2025-12-27,Sold,4779000.0,4490000.0
L102177,Bryanston,Apartment,2,,2025-11-13,2026-01-09,Sold,2321000.0,2145000.0
L104699,Rooihuiskraal,Apartment,,88.0,2025-11-13,2026-01-01,Sold,1227000.0,1225000.0
L103719,Lynnwood,House,3,181.0,2025-11-13,2025-12-04,Sold,4061000.0,4014000.0
L100682,Waterkloof,Apartment,2,101.0,2025-11-13,2025-12-26,Sold,3068000.0,3068000.0
L100924,Groenkloof,House,5,260.0,2025-11-13,2025-12-10,Sold,6880000.0,6827000.0
L105280,Sandton,House,5,397.0,2025-11-13,2025-12-20,Sold,14368000.0,13769000.0
L104645,Sandton,House,5,352.0,2025-11-14,2025-12-08,Sold,13112000.0,13022000.0
L103058,Groenkloof,House,3,187.0,2025-11-14,2025-11-25,Sold,4256000.0,4256000.0
L104209,Groenkloof,House,3,237.0,2025-11-14,2026-01-12,Sold,5510000.0,5313000.0
L104087,Irene,Apartment,1,67.0,2025-11-14,2025-11-26,Sold,1282000.0,1238000.0
L103110,Brooklyn,Townhouse,3,141.0,2025-11-15,2025-12-21,Sold,3630000.0,3630000.0
L105573,Bryanston,Townhouse,2,104.0,2025-11-15,2025-12-03,Sold,2944000.0,2906000.0
L104890,Brooklyn,House,4,251.0,2025-11-15,2026-01-11,Sold,6514000.0,6467000.0
L105388,Lynnwood,House,5,290.0,2025-11-15,2025-12-13,Sold,6557000.0,6056000.0
L102759,Faerie Glen,House,5,386.0,2025-11-16,2026-01-10,Sold,7025000.0,6241000.0
L100427,Bryanston,House,6,347.0,2025-11-16,2026-02-26,Sold,10270000.0,9700000.0
L102968,Irene,Townhouse,2,97.0,2025-11-16,2025-11-25,Sold,2253000.0,2142000.0
L105361,Waterkloof,House,2,134.0,2025-11-16,2026-01-01,Sold,3306000.0,3280000.0
L100197,Bryanston,House,3,208.0,2025-11-17,2026-02-06,Sold,8212000.0,8212000.0
L101950,Sandton,Apartment,2,87.0,2025-11-17,2025-11-22,Sold,2906000.0,2740000.0
L105374,Centurion,House,6,613.0,2025-11-17,2026-01-03,Sold,11629000.0,11629000.0
L105242,Brooklyn,House,3,179.0,2025-11-17,2025-11-30,Sold,3619000.0,3404000.0
L103511,Centurion,House,2,184.0,2025-11-17,2025-12-21,Sold,3169000.0,3147000.0
L102532,Centurion,House,3,206.0,2025-11-17,2025-12-22,Sold,4681000.0,4461000.0
L104261,Bryanston,Townhouse,6,363.0,2025-11-17,2025-11-27,Sold,11009000.0,11009000.0
L104938,Centurion,House,6,387.0,2025-11-18,2026-01-23,Sold,6925000.0,6535000.0
L101767,Waterkloof,House,4,221.0,2025-11-18,2025-12-09,Sold,6726000.0,6726000.0
L102550,Faerie Glen,Apartment,1,94.0,2025-11-18,2025-12-03,Sold,1572000.0,1515000.0
L101626,Menlo Park,Townhouse,2,151.0,2025-11-19,2025-12-18,Sold,3450000.0,3370000.0
L105952,Lynnwood,House,2,150.0,2025-11-19,,Withdrawn,2778000.0,
L102874,Waterkloof Ridge,House,2,166.0,2025-11-19,2025-12-24,Sold,5405000.0,5344000.0
L102675,Faerie Glen,Apartment,2,53.0,2025-11-19,,Withdrawn,852000.0,
L102151,Waterkloof,House,2,142.0,2025-11-19,2025-12-16,Sold,3454000.0,3454000.0
L100976,Lynnwood,Apartment,2,81.0,2025-11-20,,Withdrawn,2089000.0,
L102578,Waterkloof Ridge,Apartment,2,93.0,2025-11-20,2025-12-25,Sold,2616000.0,2569000.0
L103350,Waterkloof,Apartment,1,113.0,2025-11-20,2026-01-08,Sold,3267000.0,3223000.0
L100755,Brooklyn,House,6,476.0,2025-11-20,2025-12-15,Sold,11296000.0,11296000.0
L100071,Lynnwood,House,4,253.0,2025-11-20,2025-12-22,Sold,6541000.0,6476000.0
L105745,Waterkloof,Townhouse,4,230.0,2025-11-21,2025-12-16,Sold,6249000.0,6011000.0
L102454,Irene,House,4,231.0,2025-11-21,2026-01-30,Sold,4783000.0,4783000.0
L105352,Centurion,House,4,236.0,2025-11-21,2025-12-13,Sold,5101000.0,5101000.0
L100926,Groenkloof,House,4,246.0,2025-11-21,2026-01-17,Sold,6000000.0,5978000.0
L103680,Centurion,Apartment,1,82.0,2025-11-21,2025-12-01,Sold,1410000.0,1402000.0
L100541,Faerie Glen,House,5,334.0,2025-11-22,2025-12-16,Sold,5142000.0,4861000.0
L105203,Lynnwood,House,4,301.0,2025-11-22,2025-12-22,Sold,8300000.0,8300000.0
L102032,Menlo Park,Apartment,1,76.0,2025-11-22,2025-12-03,Sold,1919000.0,1840000.0
L105442,Bryanston,House,4,284.0,2025-11-22,2025-12-07,Sold,7533000.0,7323000.0
L102783,Menlo Park,House,3,257.0,2025-11-22,2026-03-01,Sold,6140000.0,6140000.0
L103150,Waterkloof,House,3,163.0,2025-11-22,2025-12-21,Sold,4479000.0,4341000.0
L100502,Sandton,Apartment,1,85.0,2025-11-22,2026-02-05,Sold,2431000.0,2272000.0
L101188,Waterkloof Ridge,House,3,246.0,2025-11-22,2025-12-29,Sold,6956000.0,6687000.0
L100256,Bryanston,Apartment,2,131.0,2025-11-22,2025-12-12,Sold,3917000.0,3791000.0
L104988,Sandton,House,2,191.0,2025-11-23,2025-12-21,Sold,6572000.0,6397000.0
L102393,Waterkloof,Apartment,1,72.0,2025-11-23,2026-01-05,Sold,1927000.0,1801000.0
L103401,Bryanston,Apartment,2,103.0,2025-11-23,2025-12-28,Sold,3093000.0,2936000.0
L100269,Waterkloof,House,3,186.0,2025-11-23,2025-12-25,Sold,5421000.0,5421000.0
L100530,Centurion,House,6,480.0,2025-11-23,2025-12-07,Sold,10543000.0,10363000.0
L101952,Rooihuiskraal,Townhouse,3,159.0,2025-11-24,2026-01-01,Sold,2676000.0,2676000.0
L105625,Irene,House,2,102.0,2025-11-24,2026-02-28,Sold,2225000.0,2169000.0
L100259,Irene,House,2,168.0,2025-11-24,2025-12-27,Sold,3822000.0,3755000.0
L103139,Menlo Park,House,,114.0,2025-11-24,,Withdrawn,2155000.0,
L101653,Waterkloof Ridge,House,4,286.0,2025-11-24,2025-11-29,Sold,10876000.0,10341000.0
L101183,Groenkloof,House,4,241.0,2025-11-24,2026-02-11,Sold,7146000.0,6788000.0
L101453,Sandton,Apartment,2,125.0,2025-11-24,2026-01-19,Sold,3753000.0,3569000.0
L103229,Faerie Glen,House,2,169.0,2025-11-24,2025-12-31,Sold,3367000.0,3278000.0
L105912,Faerie Glen,Townhouse,1,100.0,2025-11-24,,Withdrawn,1621000.0,
L104013,Waterkloof,House,4,187.0,2025-11-25,2026-01-02,Sold,5755000.0,5579000.0
L105379,Bryanston,House,5,317.0,2025-11-25,2026-02-11,Sold,9479000.0,9185000.0
L105422,Rooihuiskraal,Apartment,2,62.0,2025-11-25,2025-12-10,Sold,1008000.0,1008000.0
L102642,Irene,House,2,173.0,2025-11-25,2026-02-14,Sold,3453000.0,3412000.0
L103452,Waterkloof,Apartment,2,85.0,2025-11-25,,Withdrawn,2315000.0,
L103536,Brooklyn,Apartment,1,58.0,2025-11-26,2025-12-25,Sold,1197000.0,1174000.0
L100504,Faerie Glen,Apartment,1,,2025-11-26,2025-12-06,Sold,2547000.0,2440000.0
L103636,Bryanston,Apartment,2,89.0,2025-11-26,2026-01-11,Sold,2448000.0,2429000.0
L105665,Centurion,Apartment,1,68.0,2025-11-26,2025-12-14,Sold,1437000.0,1388000.0
L102971,Centurion,House,5,334.0,2025-11-26,2025-12-24,Sold,6363000.0,6101000.0
L103825,Faerie Glen,House,5,330.0,2025-11-27,2025-12-13,Sold,6496000.0,6156000.0
L101424,Menlo Park,Apartment,2,89.0,2025-11-27,2025-12-26,Sold,2109000.0,2016000.0
L101628,Groenkloof,House,4,365.0,2025-11-28,2026-03-03,Sold,7882000.0,7535000.0
L101593,Lynnwood,Apartment,2,80.0,2025-11-28,2026-02-07,Sold,1679000.0,1653000.0
L105791,Centurion,Apartment,2,87.0,2025-11-28,2026-01-16,Sold,1551000.0,1527000.0
L104405,Irene,House,1,170.0,2025-11-28,2026-01-02,Sold,3264000.0,3121000.0
L100701,Menlo Park,Apartment,3,183.0,2025-11-28,2025-12-15,Sold,3663000.0,3503000.0
L104587,Sandton,Townhouse,3,215.0,2025-11-28,2026-02-24,Sold,6555000.0,6440000.0
L105312,Menlo Park,Apartment,1,76.0,2025-11-28,2025-12-23,Sold,1628000.0,1548000.0
L105991,Centurion,House,2,92.0,2025-11-29,2026-01-20,Sold,1692000.0,1581000.0
L104733,Brooklyn,Townhouse,4,259.0,2025-11-29,2026-01-23,Sold,7371000.0,7100000.0
L100898,Groenkloof,Apartment,1,64.0,2025-11-29,2025-12-25,Sold,1422000.0,1361000.0
L101060,Sandton,House,3,280.0,2025-11-29,2026-01-07,Sold,9797000.0,9404000.0
L105498,Waterkloof,House,5,339.0,2025-11-29,2025-12-14,Sold,10667000.0,10519000.0
L103491,Waterkloof,Townhouse,3,205.0,2025-11-29,2026-01-22,Sold,5452000.0,5127000.0
L100911,Bryanston,Apartment,1,70.0,2025-11-30,2026-02-03,Sold,2549000.0,2371000.0
L103341,Bryanston,House,2,150.0,2025-11-30,2026-01-09,Sold,4042000.0,3943000.0
L102086,Menlo Park,Townhouse,4,243.0,2025-11-30,2025-12-27,Sold,5744000.0,5688000.0
L103925,Irene,Townhouse,2,119.0,2025-11-30,2025-12-20,Sold,2356000.0,2310000.0
L101668,Waterkloof,Apartment,3,125.0,2025-11-30,2026-01-13,Sold,3207000.0,3177000.0
L100457,Lynnwood,Apartment,2,83.0,2025-11-30,2025-12-04,Sold,1750000.0,1702000.0
L103549,Bryanston,House,,290.0,2025-11-30,2025-12-31,Sold,10632000.0,10596000.0
L101434,Groenkloof,House,5,382.0,2025-11-30,2026-01-29,Sold,8616000.0,8463000.0
L105917,Rooihuiskraal,Apartment,2,76.0,2025-12-01,,Withdrawn,1127000.0,
L103697,Waterkloof,House,5,351.0,2025-12-01,2025-12-07,Sold,11092000.0,10746000.0
L100163,Waterkloof,Apartment,1,,2025-12-01,2026-01-05,Sold,2533000.0,2533000.0
L100674,Irene,Apartment,1,78.0,2025-12-01,,Withdrawn,1596000.0,
L101482,Irene,Apartment,2,124.0,2025-12-01,2026-02-22,Sold,2114000.0,2008000.0
L104433,Menlo Park,House,2,181.0,2025-12-02,2025-12-23,Sold,4852000.0,4852000.0
L102742,Groenkloof,House,4,279.0,2025-12-02,2025-12-17,Sold,6268000.0,6221000.0
L105441,Bryanston,House,2,124.0,2025-12-02,,Withdrawn,3885000.0,
L105446,Bryanston,Apartment,2,115.0,2025-12-02,2026-01-06,Sold,3585000.0,3494000.0
L103296,Rooihuiskraal,House,3,183.0,2025-12-02,2026-02-23,Sold,2687000.0,2591000.0
L100810,Waterkloof,House,2,153.0,2025-12-02,2026-02-08,Sold,3921000.0,3854000.0
L104867,Brooklyn,House,2,183.0,2025-12-02,,Withdrawn,5065000.0,
L100605,Rooihuiskraal,House,3,223.0,2025-12-03,2026-02-11,Sold,3700000.0,3598000.0
L105194,Bryanston,Apartment,1,79.0,2025-12-03,2026-01-26,Sold,2215000.0,2096000.0
L103252,Brooklyn,Apartment,1,128.0,2025-12-03,2026-01-18,Sold,2987000.0,2754000.0
L102442,Groenkloof,House,5,352.0,2025-12-04,2026-01-10,Sold,8116000.0,7575000.0
L101042,Centurion,House,3,217.0,2025-12-04,2026-01-21,Sold,3939000.0,3930000.0
L101588,Brooklyn,Apartment,,132.0,2025-12-04,2025-12-21,Sold,2722000.0,2666000.0
L105684,Lynnwood,Apartment,1,44.0,2025-12-04,2026-01-31,Sold,805000.0,781000.0
L105796,Faerie Glen,House,2,203.0,2025-12-04,,Withdrawn,3700000.0,
L105507,Lynnwood,House,4,202.0,2025-12-05,2026-02-16,Sold,5032000.0,4988000.0
L105087,Lynnwood,Apartment,2,80.0,2025-12-05,2025-12-14,Sold,1854000.0,1820000.0
L100834,Centurion,House,3,168.0,2025-12-05,2026-01-09,Sold,3250000.0,3047000.0
L100687,Sandton,Townhouse,2,221.0,2025-12-05,2025-12-18,Sold,7007000.0,6982000.0
L101723,Irene,House,5,306.0,2025-12-05,2026-01-08,Sold,7384000.0,7185000.0
L101932,Rooihuiskraal,House,3,220.0,2025-12-05,,Withdrawn,3615000.0,
L100977,Lynnwood,House,3,175.0,2025-12-05,2026-01-07,Sold,4350000.0,4350000.0
L102497,Groenkloof,Townhouse,,92.0,2025-12-05,2026-01-19,Sold,2012000.0,1838000.0
L101552,Brooklyn,House,4,246.0,2025-12-06,2025-12-28,Sold,6445000.0,6445000.0
L105279,Centurion,House,2,169.0,2025-12-06,2025-12-28,Sold,3427000.0,3362000.0
L105040,Brooklyn,Townhouse,3,112.0,2025-12-06,2026-01-04,Sold,2994000.0,2988000.0
L102662,Lynnwood,Townhouse,2,220.0,2025-12-06,2026-01-07,Sold,4928000.0,4896000.0
L102833,Bryanston,Apartment,1,96.0,2025-12-06,2026-01-31,Sold,2846000.0,2846000.0
L102998,Sandton,Townhouse,3,185.0,2025-12-06,2026-01-14,Sold,6259000.0,6259000.0
L105924,Irene,House,4,222.0,2025-12-07,2026-01-20,Sold,4487000.0,4295000.0
L104811,Centurion,Apartment,1,56.0,2025-12-07,2025-12-26,Sold,1240000.0,1240000.0
L104409,Groenkloof,House,3,241.0,2025-12-07,2026-01-25,Sold,6011000.0,5716000.0
L104706,Waterkloof,Townhouse,2,108.0,2025-12-07,2026-01-01,Sold,2687000.0,2657000.0
L101481,Waterkloof,Townhouse,2,97.0,2025-12-08,,Withdrawn,2573000.0,
L101731,Waterkloof,House,3,195.0,2025-12-08,2026-02-09,Sold,5352000.0,5239000.0
L101928,Waterkloof,House,3,220.0,2025-12-08,2026-01-29,Sold,6266000.0,6031000.0
L104545,Brooklyn,Apartment,1,61.0,2025-12-08,2026-02-02,Sold,1224000.0,1224000.0
L104581,Rooihuiskraal,House,6,393.0,2025-12-09,,Withdrawn,8108000.0,
L101528,Waterkloof Ridge,House,4,293.0,2025-12-09,2026-01-04,Sold,8880000.0,8494000.0
L104591,Faerie Glen,Apartment,3,87.0,2025-12-09,2025-12-27,Sold,1449000.0,1433000.0
L104985,Menlo Park,House,,307.0,2025-12-09,2026-01-03,Sold,6471000.0,6289000.0
L105055,Brooklyn,Apartment,2,97.0,2025-12-09,2026-01-05,Sold,2347000.0,2346000.0
L102702,Menlo Park,House,2,115.0,2025-12-09,2026-01-20,Sold,2554000.0,2512000.0
L103896,Menlo Park,Apartment,2,82.0,2025-12-09,2026-01-27,Sold,1799000.0,1799000.0
L105522,Lynnwood,Apartment,1,82.0,2025-12-10,2026-02-10,Sold,1812000.0,1733000.0
L104066,Brooklyn,House,5,255.0,2025-12-10,,Withdrawn,6543000.0,
L103866,Irene,House,1,137.0,2025-12-10,2026-01-31,Sold,2646000.0,2530000.0
L101362,Irene,Townhouse,3,236.0,2025-12-11,2026-01-02,Sold,4453000.0,4386000.0
L100558,Irene,Apartment,2,96.0,2025-12-11,2026-01-07,Sold,1809000.0,1690000.0
L100836,Rooihuiskraal,House,2,156.0,2025-12-11,2026-03-25,Sold,2167000.0,2119000.0
L102897,Groenkloof,House,2,160.0,2025-12-11,2026-01-21,Sold,4582000.0,4522000.0
L101007,Menlo Park,House,4,299.0,2025-12-12,2026-01-20,Sold,8170000.0,8056000.0
L102432,Irene,Townhouse,3,174.0,2025-12-12,2026-01-20,Sold,3589000.0,3385000.0
L105842,Brooklyn,Apartment,1,49.0,2025-12-12,2026-01-12,Sold,1013000.0,998000.0
L103078,Irene,House,3,,2025-12-12,2026-01-22,Sold,4991000.0,4847000.0
L104695,Centurion,House,6,561.0,2025-12-12,2026-01-06,Sold,10974000.0,10644000.0
L102024,Lynnwood,House,5,427.0,2025-12-12,2026-01-04,Sold,10315000.0,9927000.0
L103948,Bryanston,Apartment,1,63.0,2025-12-12,2026-01-13,Sold,1799000.0,1713000.0
L100169,Sandton,Apartment,1,90.0,2025-12-12,2026-01-16,Sold,2841000.0,2737000.0
L103812,Irene,Apartment,2,117.0,2025-12-13,2026-01-15,Sold,2344000.0,2344000.0
L105515,Sandton,House,4,254.0,2025-12-13,2025-12-29,Sold,9433000.0,9045000.0
L105704,Faerie Glen,House,2,215.0,2025-12-13,2026-02-23,Sold,3786000.0,3754000.0
L102317,Rooihuiskraal,Apartment,2,106.0,2025-12-13,2025-12-24,Sold,1586000.0,1577000.0
L101993,Waterkloof,Apartment,1,58.0,2025-12-13,2025-12-24,Sold,1726000.0,1661000.0
L103785,Sandton,Apartment,1,59.0,2025-12-13,2026-01-31,Sold,1762000.0,1758000.0
L105209,Waterkloof,House,4,239.0,2025-12-14,2026-01-03,Sold,7396000.0,7392000.0
L100878,Irene,Apartment,2,66.0,2025-12-14,2025-12-26,Sold,1111000.0,1094000.0
L105976,Rooihuiskraal,House,3,,2025-12-14,2026-01-15,Sold,3913000.0,3755000.0
L103500,Lynnwood,Apartment,1,60.0,2025-12-15,2026-01-09,Sold,1381000.0,1328000.0
L101124,Lynnwood,House,5,312.0,2025-12-15,2026-01-13,Sold,8585000.0,7982000.0
L105575,Waterkloof Ridge,House,3,206.0,2025-12-15,2026-01-26,Sold,6283000.0,5886000.0
L101852,Faerie Glen,Apartment,2,89.0,2025-12-15,2025-12-31,Sold,1585000.0,1499000.0
L103220,Brooklyn,Townhouse,,148.0,2025-12-15,2026-01-19,Sold,3240000.0,3191000.0
L105585,Sandton,Townhouse,2,150.0,2025-12-15,2026-01-21,Sold,6238000.0,6196000.0
L100355,Faerie Glen,House,3,197.0,2025-12-15,2026-02-26,Sold,4180000.0,4028000.0
L102142,Rooihuiskraal,House,4,263.0,2025-12-16,2025-12-27,Sold,4142000.0,3828000.0
L100855,Lynnwood,House,3,217.0,2025-12-16,2026-01-20,Sold,5089000.0,5059000.0
L100204,Waterkloof,House,6,,2025-12-16,2026-01-09,Sold,15333000.0,15333000.0
L101811,Lynnwood,Apartment,1,95.0,2025-12-16,2026-01-20,Sold,1954000.0,1919000.0
L102703,Bryanston,House,2,194.0,2025-12-16,2026-01-10,Sold,6179000.0,6179000.0
L102058,Waterkloof Ridge,Apartment,2,87.0,2025-12-17,2026-01-25,Sold,2327000.0,2192000.0
L102614,Brooklyn,House,4,299.0,2025-12-18,2026-02-03,Sold,6796000.0,6700000.0
L102041,Rooihuiskraal,House,4,270.0,2025-12-18,2026-01-18,Sold,4369000.0,4148000.0
L100004,Waterkloof Ridge,House,6,446.0,2025-12-18,2026-01-27,Sold,15729000.0,15225000.0
L103505,Irene,Apartment,1,65.0,2025-12-18,2026-01-04,Sold,1399000.0,1312000.0
L102607,Brooklyn,Apartment,1,81.0,2025-12-18,2026-01-21,Sold,2043000.0,1964000.0
L104742,Rooihuiskraal,House,3,240.0,2025-12-19,2025-12-29,Sold,3811000.0,3755000.0
L102415,Waterkloof Ridge,Apartment,1,78.0,2025-12-19,2026-01-10,Sold,2631000.0,2506000.0
L104356,Sandton,House,3,139.0,2025-12-19,2026-01-26,Sold,5678000.0,5678000.0
L104987,Groenkloof,Townhouse,3,193.0,2025-12-19,2026-02-21,Sold,3853000.0,3819000.0
L105806,Centurion,Apartment,2,,2025-12-19,2026-01-13,Sold,1617000.0,1577000.0
L105818,Menlo Park,House,5,386.0,2025-12-19,2026-01-29,Sold,8937000.0,8650000.0
L101339,Menlo Park,Townhouse,2,147.0,2025-12-19,2026-01-16,Sold,3309000.0,3163000.0
L101966,Centurion,House,3,220.0,2025-12-20,,Withdrawn,3625000.0,
L104696,Lynnwood,House,5,341.0,2025-12-20,2026-03-26,Sold,9420000.0,9420000.0
L103783,Brooklyn,House,6,504.0,2025-12-20,2026-02-01,Sold,13339000.0,12842000.0
L103879,Lynnwood,House,2,206.0,2025-12-20,2026-03-01,Sold,4828000.0,4828000.0
L102545,Menlo Park,House,3,141.0,2025-12-20,2026-01-17,Sold,3198000.0,2960000.0
L103257,Brooklyn,Townhouse,2,170.0,2025-12-20,2025-12-30,Sold,4197000.0,3982000.0
L101632,Centurion,Townhouse,2,174.0,2025-12-20,2026-03-09,Sold,3014000.0,2843000.0
L101777,Lynnwood,Apartment,1,73.0,2025-12-20,2026-01-13,Sold,1331000.0,1331000.0
L104046,Brooklyn,Apartment,,63.0,2025-12-20,2026-03-08,Sold,1373000.0,1320000.0
L105957,Waterkloof,House,3,188.0,2025-12-20,2026-01-27,Sold,5821000.0,5657000.0
L105659,Centurion,Townhouse,2,130.0,2025-12-21,2026-02-25,Sold,2424000.0,2424000.0
L104787,Centurion,House,3,158.0,2025-12-21,2026-02-19,Sold,3161000.0,2980000.0
L102603,Rooihuiskraal,Townhouse,5,337.0,2025-12-21,2025-12-31,Sold,5368000.0,5261000.0
L105007,Centurion,Apartment,1,66.0,2025-12-21,2026-02-10,Sold,1155000.0,1077000.0
L100025,Groenkloof,Apartment,2,152.0,2025-12-21,2026-01-26,Sold,3492000.0,3279000.0
L105297,Brooklyn,Apartment,1,94.0,2025-12-21,2026-01-05,Sold,2454000.0,2398000.0
L103380,Brooklyn,House,3,230.0,2025-12-22,2026-01-30,Sold,6372000.0,6372000.0
L104021,Groenkloof,House,5,365.0,2025-12-22,2026-01-26,Sold,7338000.0,7110000.0
L103745,Centurion,Apartment,1,101.0,2025-12-22,2026-02-01,Sold,2072000.0,1967000.0
L105669,Bryanston,Apartment,3,141.0,2025-12-22,2025-12-27,Sold,3587000.0,3482000.0
L101291,Centurion,House,6,585.0,2025-12-23,2026-02-16,Sold,12511000.0,11362000.0
L104387,Groenkloof,Apartment,1,93.0,2025-12-23,2026-02-04,Sold,1766000.0,1695000.0
L105499,Brooklyn,House,5,333.0,2025-12-23,2026-01-19,Sold,8148000.0,8148000.0
L101836,Waterkloof,House,6,443.0,2025-12-23,2026-03-17,Sold,13019000.0,12794000.0
L100296,Sandton,Apartment,1,80.0,2025-12-23,2026-01-29,Sold,3183000.0,2962000.0
L103186,Centurion,Apartment,2,134.0,2025-12-24,,Withdrawn,2383000.0,
L101722,Centurion,House,5,325.0,2025-12-24,2026-01-19,Sold,7294000.0,6769000.0
L102604,Waterkloof,Apartment,1,55.0,2025-12-24,,Withdrawn,1300000.0,
L100852,Bryanston,Apartment,1,76.0,2025-12-25,2026-01-23,Sold,2120000.0,2090000.0
L100796,Waterkloof,Apartment,1,105.0,2025-12-25,2026-02-22,Sold,2344000.0,2191000.0
L105788,Bryanston,Apartment,1,52.0,2025-12-25,2026-02-22,Sold,1744000.0,1642000.0
L102732,Faerie Glen,House,3,148.0,2025-12-25,2026-03-03,Sold,2775000.0,2585000.0
L100731,Waterkloof,House,4,320.0,2025-12-25,2026-02-14,Sold,10547000.0,10339000.0
L103747,Bryanston,Townhouse,2,111.0,2025-12-25,2026-03-04,Sold,3413000.0,3413000.0
L105660,Lynnwood,Apartment,2,143.0,2025-12-25,2025-12-28,Sold,3520000.0,3306000.0
L105452,Centurion,House,6,423.0,2025-12-25,2026-02-17,Sold,8131000.0,7881000.0
L100586,Groenkloof,House,4,268.0,2025-12-26,2026-03-09,Sold,6042000.0,5880000.0
L102238,Menlo Park,Apartment,1,83.0,2025-12-26,2026-01-16,Sold,2005000.0,1937000.0
L100303,Faerie Glen,House,2,191.0,2025-12-26,2026-01-08,Sold,3631000.0,3536000.0
L102519,Groenkloof,House,3,202.0,2025-12-26,2026-01-04,Sold,5289000.0,5289000.0
L105248,Waterkloof Ridge,House,2,182.0,2025-12-26,2026-02-01,Sold,5209000.0,5061000.0
L105520,Lynnwood,House,3,180.0,2025-12-27,2026-04-17,Sold,4007000.0,3529000.0
L101514,Bryanston,Apartment,2,122.0,2025-12-27,2026-01-31,Sold,4188000.0,4135000.0
L105808,Waterkloof,House,,204.0,2025-12-27,2026-01-16,Sold,6480000.0,6034000.0
L104805,Centurion,Apartment,,54.0,2025-12-27,2026-01-10,Sold,986000.0,939000.0
L101396,Faerie Glen,House,4,242.0,2025-12-27,2026-03-18,Sold,4788000.0,4459000.0
L100741,Waterkloof Ridge,House,4,227.0,2025-12-28,2026-01-05,Sold,6951000.0,6851000.0
L100970,Brooklyn,Apartment,3,126.0,2025-12-28,2026-01-11,Sold,3190000.0,3114000.0
L104328,Bryanston,House,4,269.0,2025-12-28,2026-02-14,Sold,8263000.0,8204000.0
L104240,Rooihuiskraal,House,3,233.0,2025-12-28,2026-02-22,Sold,3883000.0,3741000.0
L103775,Faerie Glen,House,3,236.0,2025-12-29,2026-04-18,Sold,3617000.0,3608000.0
L104389,Irene,House,6,418.0,2025-12-30,2026-01-16,Sold,7285000.0,6942000.0
L103905,Centurion,Apartment,1,73.0,2025-12-30,2026-01-19,Sold,1228000.0,1228000.0
L102864,Lynnwood,House,3,286.0,2025-12-30,2026-01-24,Sold,6471000.0,6231000.0
L103682,Lynnwood,Townhouse,2,151.0,2025-12-30,2026-01-31,Sold,3439000.0,3306000.0
L100161,Sandton,Apartment,,96.0,2025-12-31,2026-01-17,Sold,2405000.0,2405000.0
L104257,Lynnwood,House,5,366.0,2025-12-31,2026-02-21,Sold,10813000.0,10813000.0
L101741,Brooklyn,House,5,310.0,2025-12-31,2026-01-15,Sold,8151000.0,8151000.0
L103778,Rooihuiskraal,Apartment,1,58.0,2025-12-31,2026-01-19,Sold,927000.0,901000.0
L103079,Brooklyn,House,4,249.0,2025-12-31,,Withdrawn,5529000.0,
L104876,Brooklyn,House,5,,2026-01-01,2026-02-19,Sold,6928000.0,6786000.0
L105869,Groenkloof,House,3,233.0,2026-01-01,2026-02-22,Sold,4668000.0,4629000.0
L100471,Lynnwood,Apartment,1,40.0,2026-01-01,2026-01-26,Sold,951000.0,925000.0
L103540,Bryanston,Townhouse,2,161.0,2026-01-01,2026-02-28,Sold,4323000.0,4167000.0
L103075,Sandton,House,6,356.0,2026-01-01,2026-02-10,Sold,11521000.0,11472000.0
L101826,Faerie Glen,Apartment,1,80.0,2026-01-01,2026-02-07,Sold,1601000.0,1581000.0
L104882,Irene,Apartment,1,58.0,2026-01-02,2026-02-05,Sold,1089000.0,1017000.0
L103486,Centurion,Apartment,1,137.0,2026-01-02,2026-01-16,Sold,2636000.0,2636000.0
L101182,Waterkloof,Apartment,1,59.0,2026-01-03,2026-01-29,Sold,1484000.0,1441000.0
L102419,Sandton,House,4,182.0,2026-01-03,2026-02-15,Sold,6917000.0,6917000.0
L102573,Bryanston,House,3,224.0,2026-01-03,2026-03-31,Sold,6420000.0,6139000.0
L102980,Irene,House,5,303.0,2026-01-03,2026-01-30,Sold,6468000.0,6335000.0
L100053,Centurion,House,4,322.0,2026-01-03,2026-02-09,Sold,6230000.0,5783000.0
L100986,Menlo Park,Apartment,1,91.0,2026-01-04,2026-01-28,Sold,1964000.0,1859000.0
L101215,Faerie Glen,House,5,316.0,2026-01-04,2026-03-15,Sold,7997000.0,7482000.0
L103901,Bryanston,House,4,255.0,2026-01-04,2026-01-17,Sold,8335000.0,8064000.0
L104757,Sandton,House,3,220.0,2026-01-04,2026-01-24,Sold,7349000.0,7349000.0
L103459,Rooihuiskraal,Townhouse,2,120.0,2026-01-04,2026-01-18,Sold,1815000.0,1797000.0
L100511,Bryanston,House,4,252.0,2026-01-04,2026-02-07,Sold,7514000.0,7223000.0
L102798,Centurion,House,3,205.0,2026-01-05,2026-02-06,Sold,4321000.0,4321000.0
L105530,Menlo Park,Apartment,2,106.0,2026-01-05,2026-01-22,Sold,2156000.0,2156000.0
L104739,Centurion,House,5,316.0,2026-01-05,2026-02-04,Sold,5572000.0,5572000.0
L104916,Centurion,House,3,239.0,2026-01-05,2026-03-04,Sold,4496000.0,4386000.0
L104332,Waterkloof,Apartment,2,135.0,2026-01-05,2026-02-09,Sold,3006000.0,3006000.0
L102204,Menlo Park,House,6,491.0,2026-01-05,2026-02-01,Sold,13633000.0,13107000.0
L104205,Rooihuiskraal,Apartment,2,120.0,2026-01-06,2026-02-12,Sold,1889000.0,1848000.0
L105202,Groenkloof,Apartment,1,55.0,2026-01-07,2026-01-15,Sold,851000.0,804000.0
L102836,Centurion,Apartment,1,45.0,2026-01-07,2026-03-26,Sold,742000.0,734000.0
L102751,Centurion,House,,211.0,2026-01-07,2026-01-23,Sold,4421000.0,4421000.0
L100407,Bryanston,House,3,197.0,2026-01-07,2026-02-04,Sold,5883000.0,5370000.0
L104550,Waterkloof,Townhouse,1,164.0,2026-01-07,2026-02-18,Sold,4243000.0,3982000.0
L102653,Centurion,House,6,453.0,2026-01-08,2026-04-23,Sold,10047000.0,9640000.0
L100015,Brooklyn,House,4,224.0,2026-01-08,2026-03-17,Sold,5192000.0,5192000.0
L104509,Menlo Park,Apartment,2,102.0,2026-01-08,2026-02-01,Sold,2420000.0,2368000.0
L101922,Lynnwood,Apartment,1,40.0,2026-01-08,2026-01-27,Sold,820000.0,788000.0
L100115,Bryanston,Apartment,1,65.0,2026-01-09,2026-03-08,Sold,1847000.0,1830000.0
L102184,Faerie Glen,House,3,147.0,2026-01-09,2026-02-21,Sold,2244000.0,2144000.0
L103959,Lynnwood,House,3,170.0,2026-01-09,2026-02-06,Sold,3567000.0,3480000.0
L105647,Waterkloof,House,1,148.0,2026-01-09,2026-02-17,Sold,4399000.0,4330000.0
L103542,Bryanston,House,4,260.0,2026-01-09,2026-02-26,Sold,6471000.0,6471000.0
L105436,Bryanston,House,,187.0,2026-01-09,2026-03-22,Sold,5269000.0,5111000.0
L102309,Bryanston,Townhouse,1,150.0,2026-01-09,,Withdrawn,4129000.0,
L103643,Groenkloof,House,5,324.0,2026-01-10,2026-01-29,Sold,7111000.0,6710000.0
L104305,Waterkloof Ridge,Apartment,2,114.0,2026-01-10,2026-02-12,Sold,3236000.0,3039000.0
L104999,Irene,Townhouse,2,181.0,2026-01-10,2026-03-22,Sold,3358000.0,3227000.0
L103067,Groenkloof,Apartment,2,104.0,2026-01-10,2026-02-04,Sold,2138000.0,2037000.0
L103739,Lynnwood,Apartment,1,54.0,2026-01-10,2026-02-17,Sold,1146000.0,1146000.0
L105006,Rooihuiskraal,Apartment,2,125.0,2026-01-11,,Withdrawn,2355000.0,
L105981,Faerie Glen,House,3,192.0,2026-01-11,2026-02-12,Sold,3491000.0,3255000.0
L102674,Irene,House,6,391.0,2026-01-11,2026-01-21,Sold,7762000.0,7762000.0
L101501,Sandton,Apartment,1,78.0,2026-01-12,2026-02-12,Sold,2656000.0,2630000.0
L101000,Waterkloof,Apartment,2,85.0,2026-01-12,2026-01-29,Sold,2171000.0,2171000.0
L100833,Centurion,Townhouse,3,170.0,2026-01-12,2026-02-02,Sold,2814000.0,2805000.0
L104903,Bryanston,House,5,310.0,2026-01-12,2026-04-23,Sold,9693000.0,9693000.0
L101973,Menlo Park,House,4,273.0,2026-01-12,2026-02-10,Sold,6668000.0,6302000.0
L103878,Waterkloof,House,4,224.0,2026-01-13,2026-02-05,Sold,5596000.0,5596000.0
L101203,Centurion,Townhouse,2,199.0,2026-01-13,2026-04-05,Sold,3645000.0,3473000.0
L104073,Groenkloof,Apartment,2,129.0,2026-01-13,2026-01-30,Sold,3180000.0,3003000.0
L105069,Faerie Glen,House,4,268.0,2026-01-14,2026-01-23,Sold,4816000.0,4675000.0
L105268,Sandton,House,5,268.0,2026-01-14,2026-03-12,Sold,9475000.0,9475000.0
L104118,Menlo Park,House,5,363.0,2026-01-14,2026-02-28,Sold,8609000.0,8457000.0
L103713,Rooihuiskraal,Apartment,1,66.0,2026-01-14,,Withdrawn,975000.0,
L104032,Centurion,Apartment,2,80.0,2026-01-14,2026-02-03,Sold,1527000.0,1472000.0
L104295,Lynnwood,Apartment,1,99.0,2026-01-15,2026-02-27,Sold,1930000.0,1841000.0
L102470,Lynnwood,House,3,252.0,2026-01-15,2026-03-18,Sold,5218000.0,4830000.0
L101143,Bryanston,House,5,344.0,2026-01-15,2026-03-03,Sold,10345000.0,10043000.0
L104541,Waterkloof,House,3,204.0,2026-01-15,,Withdrawn,5367000.0,
L100621,Faerie Glen,House,4,207.0,2026-01-15,2026-02-14,Sold,3872000.0,3752000.0
L100035,Groenkloof,Apartment,1,83.0,2026-01-15,2026-03-06,Sold,1655000.0,1555000.0
L100825,Waterkloof,Apartment,1,48.0,2026-01-16,2026-03-11,Sold,1396000.0,1351000.0
L102690,Sandton,House,4,206.0,2026-01-16,2026-03-28,Sold,7989000.0,7989000.0
L102791,Waterkloof,Apartment,1,78.0,2026-01-16,2026-03-13,Sold,1971000.0,1971000.0
L104690,Lynnwood,Apartment,,64.0,2026-01-16,2026-02-16,Sold,1245000.0,1218000.0
L104403,Brooklyn,Apartment,2,93.0,2026-01-17,2026-02-09,Sold,2251000.0,2182000.0
L105187,Faerie Glen,House,3,222.0,2026-01-17,2026-02-27,Sold,3873000.0,3642000.0
L104054,Bryanston,Apartment,2,78.0,2026-01-17,2026-01-30,Sold,2248000.0,2193000.0
L101470,Sandton,House,5,360.0,2026-01-18,2026-04-09,Sold,12947000.0,12601000.0
L103292,Irene,Apartment,1,98.0,2026-01-18,2026-02-19,Sold,1996000.0,1974000.0
L101416,Faerie Glen,House,3,264.0,2026-01-18,2026-02-03,Sold,4236000.0,4195000.0
L101909,Bryanston,House,6,439.0,2026-01-18,2026-03-07,Sold,14296000.0,13904000.0
L105883,Sandton,Townhouse,2,176.0,2026-01-18,,Withdrawn,6894000.0,
L105381,Centurion,House,5,362.0,2026-01-18,2026-02-19,Sold,6613000.0,6613000.0
L100350,Irene,Apartment,1,82.0,2026-01-19,2026-03-03,Sold,1973000.0,1941000.0
L105425,Centurion,Apartment,1,,2026-01-19,2026-03-12,Sold,1383000.0,1368000.0
L104735,Centurion,House,3,229.0,2026-01-19,2026-02-20,Sold,3652000.0,3476000.0
L104306,Faerie Glen,House,3,183.0,2026-01-19,2026-03-10,Sold,3516000.0,3220000.0
L100469,Faerie Glen,Apartment,1,105.0,2026-01-19,2026-03-15,Sold,1782000.0,1733000.0
L104378,Bryanston,House,3,173.0,2026-01-19,2026-02-02,Sold,4559000.0,4354000.0
L102830,Brooklyn,House,4,244.0,2026-01-19,2026-02-19,Sold,5726000.0,5726000.0
L105084,Sandton,House,5,325.0,2026-01-20,2026-04-17,Sold,12228000.0,11572000.0
L105557,Menlo Park,Townhouse,2,154.0,2026-01-20,2026-02-08,Sold,4033000.0,3864000.0
L102826,Lynnwood,Apartment,2,86.0,2026-01-20,2026-02-20,Sold,1644000.0,1614000.0
L102004,Waterkloof Ridge,Apartment,2,96.0,2026-01-21,2026-02-08,Sold,2955000.0,2915000.0
L101769,Bryanston,Apartment,2,65.0,2026-01-21,2026-04-06,Sold,1996000.0,1912000.0
L103781,Bryanston,House,2,161.0,2026-01-21,2026-01-26,Sold,4806000.0,4524000.0
L100991,Rooihuiskraal,House,6,401.0,2026-01-21,2026-02-20,Sold,6146000.0,5680000.0
L105396,Menlo Park,Apartment,1,83.0,2026-01-21,2026-03-05,Sold,1947000.0,1927000.0
L100840,Waterkloof,Apartment,3,64.0,2026-01-21,2026-03-12,Sold,1607000.0,1607000.0
L103000,Bryanston,Apartment,2,124.0,2026-01-21,,Withdrawn,3059000.0,
L101205,Waterkloof,House,6,512.0,2026-01-21,2026-04-04,Sold,13805000.0,13805000.0
L100140,Faerie Glen,House,3,194.0,2026-01-22,2026-04-22,Sold,3697000.0,3544000.0
L101222,Bryanston,House,6,390.0,2026-01-22,,Withdrawn,12747000.0,
L100716,Irene,Apartment,1,67.0,2026-01-22,2026-05-17,Sold,1428000.0,1395000.0
L102698,Lynnwood,House,5,304.0,2026-01-22,2026-02-14,Sold,6806000.0,6568000.0
L103221,Bryanston,House,2,127.0,2026-01-22,2026-04-07,Sold,3560000.0,3368000.0
L104369,Lynnwood,Townhouse,5,259.0,2026-01-23,2026-02-25,Sold,5368000.0,5064000.0
L101615,Groenkloof,Apartment,3,115.0,2026-01-23,2026-03-26,Sold,2599000.0,2495000.0
L104461,Lynnwood,Apartment,1,161.0,2026-01-23,2026-02-10,Sold,3416000.0,3327000.0
L105371,Sandton,House,,312.0,2026-01-23,2026-02-07,Sold,11569000.0,11098000.0
L102158,Lynnwood,House,4,,2026-01-23,2026-03-04,Sold,6124000.0,6124000.0
L102491,Lynnwood,Townhouse,3,173.0,2026-01-23,2026-02-15,Sold,3605000.0,3553000.0
L101638,Brooklyn,Apartment,1,76.0,2026-01-23,2026-03-25,Sold,1876000.0,1836000.0
L104628,Groenkloof,Apartment,1,72.0,2026-01-23,2026-02-17,Sold,1576000.0,1576000.0
L100544,Waterkloof Ridge,House,4,280.0,2026-01-24,2026-02-09,Sold,8766000.0,8342000.0
L100000,Rooihuiskraal,House,6,396.0,2026-01-24,2026-04-06,Sold,6926000.0,6575000.0
L100717,Waterkloof Ridge,Apartment,2,141.0,2026-01-24,2026-03-18,Sold,4277000.0,4126000.0
L104530,Rooihuiskraal,Apartment,1,37.0,2026-01-24,2026-02-27,Sold,574000.0,541000.0
L101398,Irene,Townhouse,2,205.0,2026-01-24,2026-03-30,Sold,4437000.0,4247000.0
L100697,Irene,House,2,119.0,2026-01-24,2026-02-20,Sold,2455000.0,2276000.0
L103434,Waterkloof,Apartment,1,84.0,2026-01-24,2026-04-08,Sold,2526000.0,2521000.0
L105291,Lynnwood,House,2,198.0,2026-01-25,2026-03-05,Sold,4528000.0,4243000.0
L104942,Irene,House,,275.0,2026-01-25,2026-02-26,Sold,5814000.0,5814000.0
L104841,Lynnwood,Apartment,2,66.0,2026-01-25,2026-02-12,Sold,1372000.0,1372000.0
L102122,Brooklyn,Apartment,1,58.0,2026-01-25,2026-02-16,Sold,1366000.0,1366000.0
L104016,Brooklyn,Apartment,1,76.0,2026-01-26,2026-02-17,Sold,1757000.0,1655000.0
L100085,Waterkloof Ridge,Apartment,1,79.0,2026-01-26,2026-02-15,Sold,2190000.0,2038000.0
L100109,Sandton,Apartment,2,135.0,2026-01-26,2026-02-10,Sold,4028000.0,3796000.0
L103216,Menlo Park,Townhouse,4,236.0,2026-01-26,2026-03-19,Sold,5102000.0,5102000.0
L105753,Rooihuiskraal,Apartment,3,129.0,2026-01-26,2026-03-21,Sold,2059000.0,1987000.0
L104678,Waterkloof,House,5,298.0,2026-01-26,2026-03-11,Sold,9893000.0,9773000.0
L105019,Lynnwood,Apartment,2,157.0,2026-01-27,2026-03-04,Sold,3274000.0,3194000.0
L103006,Irene,House,3,168.0,2026-01-27,2026-02-10,Sold,3372000.0,3177000.0
L101343,Irene,House,5,301.0,2026-01-27,2026-03-21,Sold,6074000.0,5802000.0
L101843,Sandton,Apartment,1,65.0,2026-01-27,2026-03-24,Sold,2120000.0,2120000.0
L101112,Irene,Apartment,1,70.0,2026-01-28,2026-03-15,Sold,1568000.0,1565000.0
L103100,Sandton,House,6,410.0,2026-01-28,2026-05-01,Sold,15845000.0,15735000.0
L104197,Bryanston,Apartment,2,95.0,2026-01-28,2026-02-28,Sold,3287000.0,3251000.0
L100733,Menlo Park,Apartment,1,81.0,2026-01-28,,Withdrawn,1754000.0,
L101382,Faerie Glen,Townhouse,2,137.0,2026-01-28,2026-03-16,Sold,2424000.0,2339000.0
L104426,Groenkloof,House,2,177.0,2026-01-29,2026-02-27,Sold,4510000.0,4284000.0
L100284,Irene,Apartment,2,121.0,2026-01-29,2026-03-10,Sold,2381000.0,2247000.0
L101022,Sandton,House,3,187.0,2026-01-29,2026-03-23,Sold,7197000.0,7197000.0
L103343,Waterkloof Ridge,House,3,199.0,2026-01-29,,Withdrawn,7206000.0,
L104745,Waterkloof,House,3,170.0,2026-01-29,2026-02-23,Sold,4833000.0,4570000.0
L102820,Brooklyn,House,,371.0,2026-01-30,2026-03-09,Sold,10287000.0,10287000.0
L100463,Brooklyn,House,5,313.0,2026-01-30,2026-04-19,Sold,8636000.0,8636000.0
L105207,Sandton,Apartment,1,51.0,2026-01-30,2026-02-16,Sold,1763000.0,1752000.0
L105621,Menlo Park,House,5,275.0,2026-01-30,2026-03-06,Sold,6822000.0,6463000.0
L105181,Menlo Park,House,3,285.0,2026-01-30,,Withdrawn,6554000.0,
L100324,Bryanston,Apartment,1,66.0,2026-01-30,2026-04-04,Sold,2053000.0,1958000.0
L105996,Irene,House,5,,2026-01-31,2026-02-08,Sold,6564000.0,6451000.0
L103335,Menlo Park,Apartment,1,83.0,2026-01-31,2026-02-16,Sold,1670000.0,1609000.0
L102966,Menlo Park,House,2,135.0,2026-01-31,2026-03-16,Sold,3148000.0,3148000.0
L104878,Menlo Park,House,5,331.0,2026-01-31,2026-02-28,Sold,7884000.0,7884000.0
L101827,Faerie Glen,House,3,170.0,2026-01-31,2026-05-09,Sold,3142000.0,3066000.0
L103109,Sandton,House,3,214.0,2026-01-31,2026-03-05,Sold,6243000.0,6243000.0
L105200,Brooklyn,Apartment,1,102.0,2026-01-31,2026-02-25,Sold,2230000.0,2156000.0
L105509,Irene,House,2,152.0,2026-01-31,2026-03-17,Sold,3779000.0,3779000.0
L103662,Bryanston,House,3,231.0,2026-01-31,2026-02-09,Sold,6565000.0,6416000.0
L102160,Lynnwood,House,3,252.0,2026-01-31,2026-03-03,Sold,4684000.0,4454000.0
L100594,Waterkloof,Townhouse,1,145.0,2026-01-31,2026-02-27,Sold,4692000.0,4591000.0
L105003,Groenkloof,Townhouse,4,216.0,2026-02-01,2026-02-23,Sold,4852000.0,4421000.0
L101613,Menlo Park,House,4,271.0,2026-02-01,2026-03-02,Sold,6338000.0,6338000.0
L100426,Brooklyn,House,5,359.0,2026-02-02,2026-02-21,Sold,8423000.0,8202000.0
L102363,Bryanston,House,3,249.0,2026-02-02,2026-03-02,Sold,7727000.0,7482000.0
L105965,Brooklyn,House,3,194.0,2026-02-02,2026-03-18,Sold,5544000.0,5364000.0
L101509,Centurion,Apartment,2,79.0,2026-02-02,2026-03-10,Sold,1422000.0,1285000.0
L103580,Rooihuiskraal,Apartment,2,132.0,2026-02-02,2026-02-27,Sold,2460000.0,2330000.0
L101210,Rooihuiskraal,House,4,302.0,2026-02-03,2026-04-20,Sold,4350000.0,4307000.0
L102066,Faerie Glen,House,2,217.0,2026-02-03,2026-03-30,Sold,4071000.0,4052000.0
L103624,Centurion,Apartment,1,111.0,2026-02-03,,Withdrawn,1985000.0,
L101685,Brooklyn,Apartment,2,99.0,2026-02-03,2026-02-26,Sold,2305000.0,2085000.0
L103921,Bryanston,House,5,386.0,2026-02-03,2026-03-21,Sold,10687000.0,10687000.0
L105068,Brooklyn,House,2,150.0,2026-02-03,2026-02-28,Sold,3617000.0,3503000.0
L104122,Bryanston,House,3,191.0,2026-02-03,,Withdrawn,5907000.0,
L105123,Faerie Glen,House,3,178.0,2026-02-03,2026-04-10,Sold,3284000.0,3063000.0
L104809,Irene,Townhouse,3,149.0,2026-02-03,2026-04-27,Sold,3355000.0,3198000.0
L101110,Groenkloof,Townhouse,2,140.0,2026-02-04,2026-03-29,Sold,3226000.0,3025000.0
L100365,Lynnwood,House,4,277.0,2026-02-04,,Withdrawn,5975000.0,
L102156,Waterkloof Ridge,Apartment,1,79.0,2026-02-04,2026-02-17,Sold,2076000.0,2076000.0
L102271,Irene,House,3,238.0,2026-02-04,2026-03-07,Sold,5756000.0,5588000.0
L104609,Sandton,Apartment,1,65.0,2026-02-05,2026-03-28,Sold,2345000.0,2240000.0
L102073,Bryanston,House,3,175.0,2026-02-05,2026-03-20,Sold,5155000.0,4797000.0
L105514,Waterkloof Ridge,House,,386.0,2026-02-05,,Withdrawn,12096000.0,
L102247,Irene,House,5,354.0,2026-02-05,2026-06-04,Sold,8518000.0,8213000.0
L101458,Sandton,House,6,,2026-02-05,2026-03-15,Sold,12818000.0,11893000.0
L103176,Bryanston,House,3,171.0,2026-02-05,2026-03-07,Sold,5918000.0,5918000.0
L101601,Waterkloof Ridge,Townhouse,3,170.0,2026-02-06,2026-02-16,Sold,4502000.0,4028000.0
L101709,Brooklyn,Apartment,1,92.0,2026-02-06,2026-03-11,Sold,2589000.0,2589000.0
L103325,Bryanston,House,2,148.0,2026-02-06,2026-03-11,Sold,4936000.0,4820000.0
L105542,Irene,House,4,270.0,2026-02-06,2026-04-07,Sold,5800000.0,5776000.0
L104642,Lynnwood,Apartment,1,90.0,2026-02-06,2026-02-27,Sold,1786000.0,1772000.0
L104737,Waterkloof,House,4,228.0,2026-02-07,2026-02-28,Sold,5997000.0,5826000.0
L100616,Centurion,House,3,258.0,2026-02-07,2026-04-24,Sold,6264000.0,5949000.0
L104930,Rooihuiskraal,House,2,139.0,2026-02-07,2026-03-29,Sold,2572000.0,2502000.0
L104709,Menlo Park,Apartment,1,102.0,2026-02-07,2026-03-19,Sold,2124000.0,2023000.0
L102249,Menlo Park,House,3,274.0,2026-02-08,2026-04-14,Sold,6239000.0,6239000.0
L104722,Brooklyn,House,6,390.0,2026-02-08,2026-03-01,Sold,9542000.0,9500000.0
L101385,Waterkloof,Apartment,1,68.0,2026-02-08,2026-03-10,Sold,1673000.0,1673000.0
L101673,Waterkloof Ridge,House,1,166.0,2026-02-08,2026-02-13,Sold,4608000.0,4423000.0
L102590,Rooihuiskraal,House,5,341.0,2026-02-08,2026-03-16,Sold,4910000.0,4891000.0
L100038,Brooklyn,House,3,252.0,2026-02-08,,Withdrawn,6025000.0,
L105696,Waterkloof Ridge,Apartment,2,128.0,2026-02-08,2026-04-26,Sold,3671000.0,3671000.0
L104185,Rooihuiskraal,House,,252.0,2026-02-08,2026-03-09,Sold,4122000.0,4068000.0
L100910,Rooihuiskraal,Apartment,1,53.0,2026-02-09,2026-02-28,Sold,996000.0,964000.0
L100830,Irene,House,3,220.0,2026-02-09,2026-03-23,Sold,4695000.0,4511000.0
L101831,Sandton,Apartment,2,116.0,2026-02-09,2026-04-01,Sold,3883000.0,3883000.0
L101450,Rooihuiskraal,House,3,202.0,2026-02-09,2026-03-09,Sold,3515000.0,3401000.0
L100809,Sandton,Apartment,1,63.0,2026-02-09,2026-02-25,Sold,2118000.0,2070000.0
L105743,Bryanston,House,5,247.0,2026-02-10,2026-02-27,Sold,8751000.0,8606000.0
L105336,Centurion,House,6,481.0,2026-02-10,2026-02-17,Sold,9840000.0,9751000.0
L105365,Sandton,Townhouse,2,149.0,2026-02-10,2026-03-28,Sold,4424000.0,4424000.0
L102508,Faerie Glen,Townhouse,4,206.0,2026-02-10,2026-05-12,Sold,3255000.0,3066000.0
L101461,Faerie Glen,Apartment,,86.0,2026-02-10,2026-04-05,Sold,1514000.0,1490000.0
L105830,Centurion,House,4,290.0,2026-02-11,2026-03-02,Sold,6366000.0,6366000.0
L102749,Waterkloof,House,3,172.0,2026-02-11,2026-02-19,Sold,4943000.0,4680000.0
L104308,Sandton,Apartment,1,,2026-02-11,2026-03-19,Sold,2377000.0,2339000.0
L104397,Rooihuiskraal,House,6,,2026-02-11,2026-02-24,Sold,7829000.0,7333000.0
L103811,Waterkloof Ridge,House,3,,2026-02-11,2026-03-21,Sold,6814000.0,6814000.0
L102354,Lynnwood,House,4,250.0,2026-02-11,2026-04-12,Sold,6711000.0,6558000.0
L100826,Irene,House,2,157.0,2026-02-11,2026-06-11,Sold,3295000.0,3295000.0
L104939,Groenkloof,Townhouse,3,205.0,2026-02-11,2026-03-16,Sold,5630000.0,5390000.0
L103918,Centurion,House,5,303.0,2026-02-11,2026-04-01,Sold,6682000.0,6092000.0
L102433,Menlo Park,Apartment,1,90.0,2026-02-11,2026-03-09,Sold,1976000.0,1814000.0
L101109,Groenkloof,House,4,290.0,2026-02-12,2026-03-19,Sold,7298000.0,6904000.0
L103320,Waterkloof,Apartment,1,93.0,2026-02-12,2026-03-30,Sold,2585000.0,2508000.0
L102894,Sandton,House,6,364.0,2026-02-12,2026-03-22,Sold,13827000.0,13827000.0
L104095,Menlo Park,Apartment,1,50.0,2026-02-12,2026-03-01,Sold,1314000.0,1295000.0
L101680,Centurion,Townhouse,4,282.0,2026-02-13,2026-04-08,Sold,6816000.0,6816000.0
L100108,Waterkloof Ridge,House,3,168.0,2026-02-13,2026-03-26,Sold,5471000.0,5250000.0
L103862,Centurion,House,5,295.0,2026-02-13,2026-03-18,Sold,7395000.0,6872000.0
L102946,Menlo Park,House,3,261.0,2026-02-13,2026-03-10,Sold,5997000.0,5955000.0
L100713,Sandton,Apartment,1,78.0,2026-02-14,2026-03-16,Sold,2671000.0,2479000.0
L101045,Menlo Park,Townhouse,2,128.0,2026-02-14,2026-04-14,Sold,3030000.0,2958000.0
L105489,Centurion,Apartment,2,115.0,2026-02-14,2026-03-08,Sold,1790000.0,1737000.0
L103513,Sandton,Apartment,1,107.0,2026-02-15,,Withdrawn,3890000.0,
L104826,Groenkloof,Apartment,1,66.0,2026-02-15,2026-03-26,Sold,1545000.0,1442000.0
L101249,Sandton,Apartment,2,121.0,2026-02-15,2026-03-02,Sold,4191000.0,4053000.0
L103828,Sandton,House,5,287.0,2026-02-15,2026-04-01,Sold,10721000.0,9990000.0
L100577,Irene,Apartment,2,79.0,2026-02-15,2026-02-26,Sold,1522000.0,1426000.0
L101127,Centurion,House,4,228.0,2026-02-16,2026-03-22,Sold,4563000.0,4487000.0
L104251,Waterkloof Ridge,Townhouse,2,153.0,2026-02-16,2026-03-03,Sold,4838000.0,4638000.0
L104486,Rooihuiskraal,House,4,295.0,2026-02-16,2026-03-04,Sold,4163000.0,4071000.0
L102123,Groenkloof,House,6,455.0,2026-02-17,2026-04-18,Sold,10573000.0,10239000.0
L105144,Menlo Park,House,4,279.0,2026-02-18,2026-03-26,Sold,5871000.0,5637000.0
L104847,Centurion,House,,493.0,2026-02-18,2026-04-10,Sold,10988000.0,10337000.0
L105635,Centurion,House,2,173.0,2026-02-19,2026-03-15,Sold,2950000.0,2875000.0
L103524,Faerie Glen,House,4,269.0,2026-02-19,2026-06-07,Sold,5838000.0,5838000.0
L105272,Bryanston,Townhouse,3,188.0,2026-02-19,2026-04-18,Sold,5725000.0,5507000.0
L100476,Lynnwood,Apartment,1,89.0,2026-02-19,2026-03-25,Sold,1709000.0,1674000.0
L103265,Brooklyn,Apartment,2,87.0,2026-02-19,2026-04-08,Sold,1926000.0,1926000.0
L100553,Sandton,House,3,241.0,2026-02-20,2026-05-10,Sold,9837000.0,9518000.0
L104542,Sandton,House,6,388.0,2026-02-20,2026-03-06,Sold,13840000.0,13368000.0
L102613,Rooihuiskraal,House,1,,2026-02-20,2026-04-24,Sold,2981000.0,2789000.0
L103955,Irene,House,6,390.0,2026-02-20,2026-03-03,Sold,9286000.0,8956000.0
L103417,Rooihuiskraal,Apartment,1,87.0,2026-02-20,2026-05-12,Sold,1363000.0,1305000.0
L101020,Bryanston,Townhouse,2,150.0,2026-02-20,2026-03-13,Sold,3352000.0,3181000.0
L102146,Waterkloof Ridge,House,2,176.0,2026-02-21,2026-04-01,Sold,4848000.0,4475000.0
L102412,Lynnwood,Apartment,1,67.0,2026-02-21,2026-03-29,Sold,1362000.0,1290000.0
L104284,Bryanston,House,4,300.0,2026-02-21,2026-04-01,Sold,8355000.0,7645000.0
L102834,Centurion,House,,243.0,2026-02-22,2026-04-09,Sold,5642000.0,5373000.0
L100692,Brooklyn,Townhouse,2,173.0,2026-02-22,2026-03-16,Sold,4256000.0,4036000.0
L101475,Faerie Glen,House,2,112.0,2026-02-22,2026-03-15,Sold,1945000.0,1841000.0
L105908,Brooklyn,House,5,374.0,2026-02-22,2026-03-17,Sold,9807000.0,9332000.0
L103477,Sandton,Apartment,3,162.0,2026-02-22,2026-03-02,Sold,5421000.0,5001000.0
L104473,Waterkloof,Apartment,2,75.0,2026-02-22,2026-04-16,Sold,1578000.0,1564000.0
L105053,Waterkloof Ridge,House,3,187.0,2026-02-22,2026-04-09,Sold,6519000.0,5950000.0
L102128,Waterkloof,Apartment,1,103.0,2026-02-23,2026-03-23,Sold,2497000.0,2400000.0
L105334,Menlo Park,House,2,210.0,2026-02-23,2026-04-30,Sold,5677000.0,5473000.0
L100683,Lynnwood,Apartment,2,76.0,2026-02-23,2026-04-19,Sold,1819000.0,1819000.0
L104618,Lynnwood,Townhouse,1,117.0,2026-02-23,2026-03-20,Sold,2100000.0,2100000.0
L100288,Faerie Glen,House,3,215.0,2026-02-24,2026-03-15,Sold,4540000.0,4540000.0
L105780,Sandton,House,2,158.0,2026-02-24,2026-03-13,Sold,5251000.0,5093000.0
L103170,Sandton,House,6,353.0,2026-02-24,2026-04-23,Sold,12639000.0,12449000.0
L104319,Lynnwood,House,3,215.0,2026-02-24,2026-04-16,Sold,4162000.0,3933000.0
L100247,Lynnwood,Townhouse,2,135.0,2026-02-25,2026-03-26,Sold,3432000.0,3404000.0
L100506,Menlo Park,Townhouse,2,158.0,2026-02-25,2026-04-15,Sold,3237000.0,3237000.0
L103897,Lynnwood,Apartment,2,132.0,2026-02-25,2026-05-01,Sold,2940000.0,2730000.0
L102235,Bryanston,House,4,244.0,2026-02-25,,Withdrawn,6525000.0,
L102551,Faerie Glen,Apartment,2,108.0,2026-02-25,2026-03-24,Sold,2147000.0,2036000.0
L101144,Lynnwood,Apartment,2,119.0,2026-02-25,2026-04-06,Sold,2530000.0,2444000.0
L103808,Sandton,House,4,180.0,2026-02-26,2026-04-30,Sold,7268000.0,6836000.0
L101849,Rooihuiskraal,Apartment,2,119.0,2026-02-26,,Withdrawn,1515000.0,
L104760,Faerie Glen,House,6,483.0,2026-02-26,2026-04-20,Sold,10020000.0,9585000.0
L100872,Sandton,House,4,287.0,2026-02-26,2026-04-24,Sold,12468000.0,12145000.0
L101617,Irene,Apartment,2,134.0,2026-02-26,2026-03-20,Sold,2616000.0,2583000.0
L102974,Faerie Glen,House,2,138.0,2026-02-26,2026-03-16,Sold,2479000.0,2413000.0
L102893,Irene,House,5,330.0,2026-02-26,2026-04-21,Sold,7349000.0,6887000.0
L101317,Waterkloof,Townhouse,3,190.0,2026-02-26,2026-03-17,Sold,5020000.0,4904000.0
L105457,Centurion,House,4,310.0,2026-02-27,2026-05-02,Sold,6087000.0,5931000.0
L100827,Brooklyn,Apartment,1,69.0,2026-02-27,2026-04-11,Sold,1557000.0,1511000.0
L102959,Sandton,Apartment,1,90.0,2026-02-27,2026-04-20,Sold,3354000.0,3312000.0
L103164,Irene,House,2,191.0,2026-02-28,2026-05-08,Sold,4323000.0,4058000.0
L104511,Faerie Glen,Apartment,1,115.0,2026-02-28,2026-04-11,Sold,2082000.0,2040000.0
L103416,Irene,House,3,314.0,2026-03-01,2026-03-19,Sold,6433000.0,6183000.0
L103541,Faerie Glen,Townhouse,1,138.0,2026-03-01,2026-03-22,Sold,2516000.0,2516000.0
L100563,Centurion,Townhouse,1,101.0,2026-03-01,2026-03-20,Sold,2007000.0,1982000.0
L102266,Rooihuiskraal,Townhouse,,99.0,2026-03-01,2026-03-31,Sold,1775000.0,1608000.0
L102164,Bryanston,House,6,384.0,2026-03-01,2026-05-08,Sold,12367000.0,11798000.0
L100349,Waterkloof Ridge,Apartment,1,69.0,2026-03-01,2026-03-29,Sold,1929000.0,1835000.0
L104105,Waterkloof Ridge,House,4,,2026-03-01,2026-05-03,Sold,7671000.0,7534000.0
L104560,Sandton,House,3,141.0,2026-03-02,2026-04-05,Sold,5500000.0,5412000.0
L100138,Rooihuiskraal,House,5,336.0,2026-03-02,2026-04-19,Sold,5709000.0,5709000.0
L105464,Waterkloof,Apartment,2,68.0,2026-03-02,2026-03-29,Sold,1592000.0,1592000.0
L105349,Groenkloof,Townhouse,2,201.0,2026-03-03,2026-04-18,Sold,4946000.0,4834000.0
L102576,Centurion,House,1,186.0,2026-03-03,2026-04-15,Sold,3930000.0,3856000.0
L101633,Centurion,Apartment,1,61.0,2026-03-03,2026-04-11,Sold,1213000.0,1146000.0
L103839,Brooklyn,Townhouse,1,86.0,2026-03-03,,Withdrawn,2167000.0,
L101265,Rooihuiskraal,House,4,231.0,2026-03-03,2026-06-09,Sold,4136000.0,3934000.0
L105077,Waterkloof Ridge,House,2,175.0,2026-03-04,2026-04-04,Sold,6081000.0,6015000.0
L104447,Faerie Glen,House,5,347.0,2026-03-04,2026-03-09,Sold,7582000.0,7460000.0
L101321,Lynnwood,House,3,235.0,2026-03-04,2026-04-07,Sold,5040000.0,4704000.0
L102022,Waterkloof,Townhouse,1,123.0,2026-03-04,2026-03-27,Sold,3536000.0,3408000.0
L101071,Irene,House,3,189.0,2026-03-04,2026-03-22,Sold,4003000.0,3854000.0
L101202,Bryanston,House,6,397.0,2026-03-05,2026-03-24,Sold,11371000.0,10859000.0
L100816,Bryanston,Apartment,1,111.0,2026-03-05,2026-03-29,Sold,3176000.0,3085000.0
L101807,Lynnwood,House,4,,2026-03-05,2026-04-09,Sold,7013000.0,7013000.0
L103313,Irene,Apartment,2,154.0,2026-03-05,2026-04-18,Sold,2992000.0,2801000.0
L104860,Faerie Glen,House,5,320.0,2026-03-05,2026-05-01,Sold,5884000.0,5738000.0
L101654,Sandton,House,2,203.0,2026-03-05,2026-04-05,Sold,8293000.0,7804000.0
L103130,Lynnwood,House,4,246.0,2026-03-05,2026-04-25,Sold,5538000.0,5415000.0
L104027,Centurion,House,4,222.0,2026-03-06,2026-04-06,Sold,4686000.0,4412000.0
L100021,Menlo Park,Townhouse,3,181.0,2026-03-06,2026-05-02,Sold,4362000.0,4326000.0
L100914,Sandton,Apartment,3,103.0,2026-03-06,2026-04-25,Sold,3306000.0,3306000.0
L104478,Bryanston,House,4,248.0,2026-03-06,2026-04-12,Sold,8735000.0,8422000.0
L104629,Brooklyn,Apartment,3,160.0,2026-03-06,2026-03-31,Sold,3639000.0,3639000.0
L103852,Menlo Park,House,3,252.0,2026-03-07,2026-03-30,Sold,7676000.0,7437000.0
L104418,Waterkloof,House,5,363.0,2026-03-07,2026-05-09,Sold,10807000.0,10764000.0
L105021,Bryanston,Townhouse,2,156.0,2026-03-07,2026-06-15,Sold,5062000.0,4913000.0
L102634,Faerie Glen,House,2,184.0,2026-03-07,2026-03-22,Sold,3610000.0,3280000.0
L103960,Menlo Park,House,5,313.0,2026-03-07,2026-03-22,Sold,7818000.0,7631000.0
L100565,Centurion,Apartment,1,48.0,2026-03-08,,Withdrawn,919000.0,
L101193,Sandton,House,2,151.0,2026-03-08,2026-03-27,Sold,5454000.0,5270000.0
L105497,Brooklyn,Townhouse,3,195.0,2026-03-09,2026-03-26,Sold,5474000.0,5451000.0
L104601,Sandton,Apartment,1,136.0,2026-03-09,2026-04-30,Sold,4473000.0,4302000.0
L102008,Groenkloof,Apartment,2,124.0,2026-03-09,2026-04-17,Sold,3076000.0,2966000.0
L104263,Bryanston,House,4,260.0,2026-03-09,2026-03-20,Sold,9073000.0,8936000.0
L103931,Irene,Apartment,2,96.0,2026-03-10,2026-05-20,Sold,1711000.0,1688000.0
L103672,Brooklyn,Townhouse,4,221.0,2026-03-11,,Withdrawn,6176000.0,
L100228,Centurion,House,6,448.0,2026-03-11,2026-03-31,Sold,9808000.0,9808000.0
L103145,Centurion,Apartment,2,144.0,2026-03-11,2026-03-24,Sold,2519000.0,2445000.0
L102359,Groenkloof,House,4,,2026-03-11,2026-04-14,Sold,6010000.0,5936000.0
L101014,Menlo Park,House,3,210.0,2026-03-11,,Withdrawn,5515000.0,
L103714,Bryanston,House,3,,2026-03-11,2026-03-23,Sold,7039000.0,6922000.0
L105138,Brooklyn,House,2,169.0,2026-03-12,2026-04-25,Sold,3868000.0,3755000.0
L101230,Groenkloof,House,5,352.0,2026-03-12,2026-03-22,Sold,8713000.0,8668000.0
L103754,Lynnwood,Apartment,1,74.0,2026-03-12,2026-06-27,Sold,1823000.0,1810000.0
L104017,Lynnwood,Apartment,1,70.0,2026-03-12,2026-05-06,Sold,1563000.0,1519000.0
L104133,Faerie Glen,Apartment,1,66.0,2026-03-12,2026-05-15,Sold,1238000.0,1209000.0
L105534,Bryanston,House,6,595.0,2026-03-13,2026-04-02,Sold,17359000.0,17359000.0
L102127,Menlo Park,Apartment,1,64.0,2026-03-13,2026-04-24,Sold,1511000.0,1511000.0
L102861,Faerie Glen,House,4,200.0,2026-03-13,2026-05-25,Sold,4417000.0,4176000.0
L103244,Waterkloof Ridge,House,6,412.0,2026-03-13,2026-03-27,Sold,15334000.0,14306000.0
L102089,Lynnwood,House,4,264.0,2026-03-14,2026-04-05,Sold,7768000.0,7119000.0
L105939,Bryanston,Apartment,1,70.0,2026-03-14,2026-05-11,Sold,2480000.0,2480000.0
L101366,Groenkloof,House,2,152.0,2026-03-14,2026-03-29,Sold,3193000.0,3070000.0
L101900,Irene,House,1,144.0,2026-03-14,2026-04-17,Sold,2487000.0,2438000.0
L104736,Centurion,House,6,483.0,2026-03-15,2026-04-10,Sold,9579000.0,9579000.0
L103248,Bryanston,Apartment,2,122.0,2026-03-15,2026-03-18,Sold,3429000.0,3313000.0
L100116,Rooihuiskraal,House,4,154.0,2026-03-15,2026-04-15,Sold,3098000.0,3098000.0
L103619,Sandton,Apartment,2,69.0,2026-03-15,,Withdrawn,2053000.0,
L100962,Waterkloof Ridge,Apartment,2,72.0,2026-03-15,2026-04-16,Sold,1531000.0,1531000.0
L104002,Bryanston,House,3,199.0,2026-03-16,2026-05-18,Sold,6700000.0,6512000.0
L103316,Centurion,Townhouse,3,273.0,2026-03-16,2026-04-08,Sold,4577000.0,4437000.0
L102493,Sandton,Townhouse,1,169.0,2026-03-16,2026-04-18,Sold,5828000.0,5551000.0
L102774,Rooihuiskraal,Apartment,1,,2026-03-17,2026-05-25,Sold,774000.0,698000.0
L104715,Groenkloof,House,3,253.0,2026-03-17,2026-04-16,Sold,5531000.0,5531000.0
L100135,Waterkloof,House,4,209.0,2026-03-17,2026-04-02,Sold,7850000.0,7850000.0
L101224,Groenkloof,Apartment,2,98.0,2026-03-17,2026-04-02,Sold,2262000.0,2262000.0
L105049,Sandton,House,3,226.0,2026-03-17,2026-05-02,Sold,7823000.0,7823000.0
L102293,Brooklyn,House,,241.0,2026-03-17,2026-05-09,Sold,5576000.0,5576000.0
L101840,Waterkloof,Apartment,1,87.0,2026-03-18,2026-04-29,Sold,1793000.0,1682000.0
L100957,Faerie Glen,Apartment,2,97.0,2026-03-19,2026-03-26,Sold,1731000.0,1731000.0
L104657,Waterkloof Ridge,Apartment,1,69.0,2026-03-19,2026-04-21,Sold,2185000.0,2112000.0
L101032,Faerie Glen,House,3,183.0,2026-03-19,2026-04-02,Sold,3133000.0,3076000.0
L100814,Waterkloof Ridge,House,3,237.0,2026-03-19,,Withdrawn,7652000.0,
L103171,Centurion,Apartment,2,108.0,2026-03-19,2026-05-25,Sold,1916000.0,1831000.0
L100831,Faerie Glen,Apartment,2,144.0,2026-03-19,,Withdrawn,2725000.0,
L104415,Rooihuiskraal,Townhouse,2,191.0,2026-03-19,2026-05-24,Sold,2953000.0,2790000.0
L103904,Menlo Park,Apartment,1,80.0,2026-03-19,2026-04-20,Sold,1804000.0,1713000.0
L104006,Faerie Glen,House,4,281.0,2026-03-20,2026-04-04,Sold,4801000.0,4592000.0
L104200,Groenkloof,Apartment,2,149.0,2026-03-20,2026-05-02,Sold,3001000.0,3001000.0
L101708,Bryanston,House,5,294.0,2026-03-20,2026-04-28,Sold,8925000.0,8502000.0
L104658,Irene,House,5,336.0,2026-03-20,2026-03-31,Sold,7997000.0,7592000.0
L105208,Waterkloof,Apartment,2,100.0,2026-03-20,2026-04-12,Sold,2607000.0,2576000.0
L103631,Sandton,Townhouse,2,113.0,2026-03-20,2026-05-21,Sold,4047000.0,3948000.0
L102605,Waterkloof Ridge,House,4,291.0,2026-03-20,2026-04-07,Sold,9659000.0,9507000.0
L103204,Sandton,House,2,219.0,2026-03-21,2026-06-12,Sold,7257000.0,6846000.0
L102986,Waterkloof,House,1,138.0,2026-03-21,2026-03-26,Sold,3521000.0,3337000.0
L103660,Groenkloof,House,4,325.0,2026-03-21,2026-04-24,Sold,8309000.0,7815000.0
L101917,Centurion,House,2,207.0,2026-03-21,2026-04-05,Sold,4842000.0,4842000.0
L102575,Irene,House,3,252.0,2026-03-21,2026-04-09,Sold,6888000.0,6632000.0
L104725,Menlo Park,Townhouse,2,151.0,2026-03-21,,Withdrawn,3752000.0,
L104404,Lynnwood,House,2,156.0,2026-03-21,2026-05-22,Sold,3947000.0,3934000.0
L102484,Bryanston,Apartment,2,81.0,2026-03-21,2026-04-14,Sold,2473000.0,2396000.0
L103107,Centurion,House,3,250.0,2026-03-21,2026-05-27,Sold,5167000.0,5167000.0
L102916,Brooklyn,House,4,250.0,2026-03-22,2026-04-21,Sold,7450000.0,7146000.0
L101586,Menlo Park,House,3,207.0,2026-03-22,2026-07-12,Sold,4491000.0,4372000.0
L103324,Irene,House,3,204.0,2026-03-22,2026-04-23,Sold,5399000.0,5234000.0
L105023,Irene,Apartment,1,61.0,2026-03-22,2026-06-26,Sold,1054000.0,1026000.0
L103038,Groenkloof,House,3,236.0,2026-03-22,,Withdrawn,5155000.0,
L104221,Waterkloof,Apartment,2,83.0,2026-03-23,2026-04-08,Sold,2228000.0,2097000.0
L103215,Centurion,Apartment,1,85.0,2026-03-23,2026-03-28,Sold,1255000.0,1210000.0
L102859,Lynnwood,House,4,231.0,2026-03-23,2026-04-23,Sold,5605000.0,5530000.0
L100078,Faerie Glen,House,1,101.0,2026-03-23,2026-04-10,Sold,2315000.0,2193000.0
L104790,Faerie Glen,Townhouse,1,102.0,2026-03-23,2026-06-14,Sold,2167000.0,2167000.0
L105434,Centurion,House,3,252.0,2026-03-23,2026-04-08,Sold,5355000.0,5163000.0
L104348,Faerie Glen,House,2,195.0,2026-03-23,2026-04-22,Sold,3367000.0,3097000.0
L102727,Waterkloof Ridge,House,1,117.0,2026-03-24,2026-04-15,Sold,3218000.0,3155000.0
L100844,Waterkloof Ridge,Apartment,1,107.0,2026-03-24,,Withdrawn,3541000.0,
L100477,Irene,House,4,274.0,2026-03-24,2026-04-18,Sold,6353000.0,6246000.0
L103200,Rooihuiskraal,House,4,261.0,2026-03-24,2026-04-30,Sold,4401000.0,4133000.0
L104648,Menlo Park,House,,301.0,2026-03-24,2026-04-03,Sold,8880000.0,8880000.0
L104570,Brooklyn,Apartment,1,88.0,2026-03-25,,Withdrawn,2123000.0,
L100868,Waterkloof Ridge,Apartment,1,83.0,2026-03-25,2026-07-22,Sold,2516000.0,2439000.0
L104768,Groenkloof,Apartment,2,130.0,2026-03-25,2026-04-19,Sold,2547000.0,2488000.0
L102776,Centurion,House,,390.0,2026-03-25,,Withdrawn,8471000.0,
L101856,Brooklyn,House,4,347.0,2026-03-25,2026-05-10,Sold,8596000.0,8596000.0
L100150,Bryanston,Apartment,1,137.0,2026-03-25,2026-04-11,Sold,3915000.0,3639000.0
L101703,Centurion,Apartment,2,82.0,2026-03-26,2026-06-02,Sold,1729000.0,1729000.0
L105401,Groenkloof,Apartment,1,79.0,2026-03-26,2026-04-19,Sold,2062000.0,1954000.0
L103957,Sandton,House,5,359.0,2026-03-26,2026-05-05,Sold,12780000.0,12412000.0
L100202,Faerie Glen,Apartment,3,86.0,2026-03-27,2026-07-13,Sold,1690000.0,1617000.0
L101104,Waterkloof Ridge,House,4,277.0,2026-03-27,2026-05-04,Sold,10172000.0,10124000.0
L104451,Sandton,Townhouse,2,157.0,2026-03-28,2026-05-02,Sold,5034000.0,4842000.0
L102853,Menlo Park,Apartment,1,61.0,2026-03-28,2026-07-26,Sold,1477000.0,1477000.0
L102569,Sandton,Apartment,2,115.0,2026-03-28,2026-05-17,Sold,3555000.0,3304000.0
L101447,Faerie Glen,House,4,305.0,2026-03-28,,Withdrawn,5925000.0,
L103370,Bryanston,Townhouse,3,179.0,2026-03-28,2026-04-10,Sold,4655000.0,4427000.0
L101040,Waterkloof Ridge,Apartment,1,67.0,2026-03-28,2026-05-02,Sold,2318000.0,2254000.0
L103909,Bryanston,Apartment,1,89.0,2026-03-29,2026-04-09,Sold,2944000.0,2849000.0
L100867,Rooihuiskraal,House,5,368.0,2026-03-29,2026-05-04,Sold,6438000.0,6438000.0
L100058,Waterkloof Ridge,Apartment,1,87.0,2026-03-29,2026-04-24,Sold,2323000.0,2271000.0
L104275,Waterkloof,House,4,295.0,2026-03-29,2026-06-13,Sold,10148000.0,9549000.0
L105746,Groenkloof,House,6,500.0,2026-03-29,2026-05-04,Sold,13881000.0,13881000.0
L104520,Waterkloof,Townhouse,4,292.0,2026-03-30,2026-04-25,Sold,9190000.0,9190000.0
L103048,Sandton,Townhouse,4,230.0,2026-03-30,2026-04-07,Sold,10005000.0,9443000.0
L103238,Menlo Park,Apartment,2,98.0,2026-03-31,2026-04-28,Sold,2382000.0,2258000.0
L101364,Lynnwood,House,3,234.0,2026-03-31,2026-05-11,Sold,5622000.0,5622000.0
L105219,Waterkloof Ridge,Apartment,2,152.0,2026-03-31,2026-04-23,Sold,4463000.0,4145000.0
L102081,Groenkloof,Apartment,,88.0,2026-03-31,2026-05-01,Sold,1829000.0,1813000.0
L104776,Lynnwood,Townhouse,1,162.0,2026-03-31,2026-05-09,Sold,3765000.0,3765000.0
L105927,Bryanston,Apartment,2,84.0,2026-04-01,2026-05-13,Sold,2097000.0,2097000.0
L102400,Irene,House,1,122.0,2026-04-01,2026-05-04,Sold,2708000.0,2699000.0
L102555,Centurion,House,3,287.0,2026-04-01,2026-04-30,Sold,6082000.0,6067000.0
L105932,Brooklyn,House,5,264.0,2026-04-02,2026-05-07,Sold,8112000.0,8112000.0
L103969,Waterkloof Ridge,House,2,182.0,2026-04-02,2026-04-27,Sold,6631000.0,6631000.0
L104697,Lynnwood,Apartment,2,91.0,2026-04-02,2026-04-27,Sold,2501000.0,2434000.0
L103083,Rooihuiskraal,House,3,193.0,2026-04-02,2026-07-15,Sold,3805000.0,3716000.0
L100996,Centurion,Apartment,1,52.0,2026-04-02,2026-04-30,Sold,1004000.0,1004000.0
L105083,Waterkloof,Apartment,2,74.0,2026-04-02,2026-05-25,Sold,2301000.0,2301000.0
L102097,Faerie Glen,House,5,335.0,2026-04-03,2026-05-15,Sold,6116000.0,6068000.0
L102383,Waterkloof,House,5,394.0,2026-04-03,2026-05-18,Sold,11573000.0,10902000.0
L103388,Lynnwood,House,2,180.0,2026-04-03,2026-06-03,Sold,4214000.0,4170000.0
L102200,Waterkloof Ridge,House,1,142.0,2026-04-03,2026-06-05,Sold,4856000.0,4856000.0
L105226,Waterkloof Ridge,House,6,484.0,2026-04-03,2026-04-24,Sold,18320000.0,18173000.0
L105586,Irene,Apartment,3,90.0,2026-04-04,2026-05-07,Sold,1870000.0,1682000.0
L104318,Bryanston,Townhouse,3,242.0,2026-04-04,2026-05-03,Sold,8185000.0,8185000.0
L104015,Faerie Glen,House,4,191.0,2026-04-04,2026-04-25,Sold,3686000.0,3590000.0
L104532,Centurion,House,3,234.0,2026-04-04,2026-05-14,Sold,5052000.0,4847000.0
L101361,Menlo Park,Apartment,1,57.0,2026-04-04,2026-05-13,Sold,1148000.0,1147000.0
L101155,Waterkloof,Apartment,1,91.0,2026-04-04,2026-05-19,Sold,2610000.0,2610000.0
L100982,Centurion,House,2,151.0,2026-04-05,2026-05-12,Sold,3182000.0,3079000.0
L100848,Waterkloof Ridge,House,2,119.0,2026-04-05,,Withdrawn,4121000.0,
L104438,Brooklyn,Townhouse,2,182.0,2026-04-05,2026-05-02,Sold,4535000.0,4535000.0
L103260,Waterkloof,Townhouse,2,181.0,2026-04-05,2026-06-01,Sold,3826000.0,3707000.0
L105141,Irene,House,4,308.0,2026-04-05,2026-05-06,Sold,7751000.0,6843000.0
L103425,Faerie Glen,Apartment,1,96.0,2026-04-05,2026-07-24,Sold,1841000.0,1691000.0
L105802,Rooihuiskraal,Apartment,1,56.0,2026-04-06,2026-05-09,Sold,864000.0,787000.0
L100319,Sandton,Apartment,2,84.0,2026-04-06,2026-07-27,Sold,2656000.0,2530000.0
L102358,Sandton,Townhouse,5,254.0,2026-04-07,2026-05-08,Sold,9221000.0,8631000.0
L105356,Irene,House,6,445.0,2026-04-07,2026-06-02,Sold,9686000.0,9312000.0
L105245,Centurion,House,5,277.0,2026-04-07,2026-05-12,Sold,5380000.0,5274000.0
L103228,Centurion,Apartment,1,99.0,2026-04-07,2026-04-25,Sold,2266000.0,2036000.0
L101494,Lynnwood,Townhouse,1,106.0,2026-04-08,2026-05-14,Sold,2201000.0,2185000.0
L105183,Centurion,Apartment,1,119.0,2026-04-08,2026-06-02,Sold,2347000.0,2271000.0
L100210,Centurion,House,3,240.0,2026-04-09,2026-05-09,Sold,4902000.0,4799000.0
L101824,Centurion,Townhouse,1,115.0,2026-04-09,2026-05-08,Sold,2313000.0,2167000.0
L101746,Centurion,House,2,137.0,2026-04-09,2026-06-29,Sold,3862000.0,3734000.0
L100230,Waterkloof Ridge,Townhouse,2,193.0,2026-04-09,2026-05-01,Sold,6015000.0,5899000.0
L104088,Waterkloof,House,2,196.0,2026-04-09,2026-05-25,Sold,6518000.0,6518000.0
L102452,Centurion,House,2,192.0,2026-04-10,2026-08-06,Sold,3812000.0,3739000.0
L103093,Sandton,House,3,180.0,2026-04-10,2026-06-07,Sold,8011000.0,7735000.0
L101239,Waterkloof Ridge,Apartment,2,144.0,2026-04-10,2026-04-20,Sold,4330000.0,4330000.0
L102647,Rooihuiskraal,House,4,,2026-04-10,2026-05-17,Sold,4566000.0,4529000.0
L104980,Sandton,House,5,296.0,2026-04-10,2026-04-29,Sold,11816000.0,11314000.0
L100040,Lynnwood,House,2,168.0,2026-04-11,2026-05-20,Sold,3853000.0,3515000.0
L105139,Bryanston,House,3,156.0,2026-04-11,,Withdrawn,4296000.0,
L102656,Lynnwood,House,2,172.0,2026-04-11,2026-06-04,Sold,4301000.0,4301000.0
L103155,Menlo Park,Townhouse,1,91.0,2026-04-11,2026-04-21,Sold,2422000.0,2304000.0
L105075,Brooklyn,House,5,353.0,2026-04-11,2026-04-19,Sold,9118000.0,8733000.0
L104504,Waterkloof Ridge,Apartment,2,130.0,2026-04-12,2026-04-26,Sold,4497000.0,4398000.0
L102672,Lynnwood,Townhouse,3,176.0,2026-04-12,2026-05-01,Sold,4261000.0,4240000.0
L100437,Faerie Glen,House,3,238.0,2026-04-12,2026-04-30,Sold,3974000.0,3974000.0
L103563,Groenkloof,Apartment,1,127.0,2026-04-12,2026-05-17,Sold,2987000.0,2933000.0
L103066,Lynnwood,House,,264.0,2026-04-13,2026-05-28,Sold,6689000.0,6372000.0
L105249,Bryanston,House,6,404.0,2026-04-13,2026-05-28,Sold,13980000.0,13897000.0
L101160,Waterkloof,Apartment,1,67.0,2026-04-13,2026-05-30,Sold,1689000.0,1655000.0
L103328,Faerie Glen,House,2,195.0,2026-04-13,2026-06-22,Sold,4313000.0,4142000.0
L102538,Waterkloof,House,4,289.0,2026-04-14,2026-05-05,Sold,7884000.0,7884000.0
L103094,Lynnwood,House,3,205.0,2026-04-14,2026-05-29,Sold,6132000.0,6132000.0
L104050,Sandton,House,5,338.0,2026-04-14,2026-05-31,Sold,11532000.0,11532000.0
L102025,Lynnwood,House,4,287.0,2026-04-14,2026-06-04,Sold,6653000.0,6460000.0
L101138,Waterkloof,Apartment,1,81.0,2026-04-14,2026-05-25,Sold,2353000.0,2246000.0
L103372,Bryanston,Apartment,2,81.0,2026-04-14,2026-05-12,Sold,2282000.0,2166000.0
L104424,Irene,Apartment,1,82.0,2026-04-15,2026-04-29,Sold,1665000.0,1662000.0
L100252,Lynnwood,House,3,251.0,2026-04-15,2026-05-21,Sold,7364000.0,7065000.0
L105298,Brooklyn,Apartment,1,68.0,2026-04-15,2026-06-12,Sold,1956000.0,1891000.0
L103480,Lynnwood,Townhouse,3,185.0,2026-04-16,2026-05-14,Sold,4180000.0,4180000.0
L101776,Centurion,House,4,307.0,2026-04-16,2026-06-04,Sold,6839000.0,6456000.0
L105598,Irene,Apartment,2,136.0,2026-04-16,2026-08-04,Sold,2918000.0,2807000.0
L104870,Lynnwood,House,4,292.0,2026-04-17,2026-06-05,Sold,8046000.0,7409000.0
L100729,Faerie Glen,Apartment,1,76.0,2026-04-17,2026-05-27,Sold,1513000.0,1466000.0
L100766,Groenkloof,Apartment,1,67.0,2026-04-17,2026-08-01,Sold,1467000.0,1403000.0
L104848,Waterkloof Ridge,Apartment,,127.0,2026-04-17,2026-05-12,Sold,3002000.0,2970000.0
L100370,Rooihuiskraal,Townhouse,1,128.0,2026-04-17,2026-06-28,Sold,2397000.0,2279000.0
L103664,Brooklyn,House,3,214.0,2026-04-17,2026-05-02,Sold,6180000.0,5832000.0
L104828,Rooihuiskraal,Apartment,1,73.0,2026-04-17,2026-04-30,Sold,1243000.0,1229000.0
L100155,Centurion,House,3,229.0,2026-04-17,2026-07-05,Sold,5981000.0,5824000.0
L102079,Waterkloof,Townhouse,3,241.0,2026-04-17,2026-05-29,Sold,7568000.0,7388000.0
L101137,Lynnwood,House,2,178.0,2026-04-17,2026-06-12,Sold,4033000.0,3721000.0
L101704,Lynnwood,House,6,349.0,2026-04-18,,Withdrawn,7801000.0,
L105420,Menlo Park,Apartment,1,81.0,2026-04-18,2026-05-06,Sold,1812000.0,1659000.0
L103773,Bryanston,House,3,282.0,2026-04-18,2026-05-10,Sold,8038000.0,8038000.0
L103138,Rooihuiskraal,House,4,262.0,2026-04-18,2026-06-03,Sold,3881000.0,3697000.0
L105158,Lynnwood,House,3,169.0,2026-04-18,,Withdrawn,3652000.0,
L102845,Irene,Apartment,1,100.0,2026-04-18,2026-05-15,Sold,1932000.0,1892000.0
L105028,Irene,House,4,205.0,2026-04-18,2026-05-01,Sold,4969000.0,4831000.0
L102392,Menlo Park,House,4,227.0,2026-04-19,,Withdrawn,5064000.0,
L104112,Rooihuiskraal,House,4,264.0,2026-04-19,2026-04-30,Sold,4917000.0,4646000.0
L105994,Irene,House,2,193.0,2026-04-19,2026-06-09,Sold,4511000.0,4414000.0
L100007,Rooihuiskraal,Apartment,1,79.0,2026-04-19,2026-05-08,Sold,1163000.0,1109000.0
L104207,Waterkloof,House,5,318.0,2026-04-19,2026-05-04,Sold,8523000.0,8523000.0
L104636,Menlo Park,Townhouse,2,161.0,2026-04-20,2026-06-09,Sold,3305000.0,3269000.0
L102485,Menlo Park,Apartment,2,86.0,2026-04-20,2026-06-07,Sold,2246000.0,2153000.0
L101348,Lynnwood,House,2,146.0,2026-04-20,2026-05-26,Sold,4100000.0,3960000.0
L103247,Rooihuiskraal,House,4,369.0,2026-04-20,2026-05-24,Sold,5029000.0,4880000.0
L103451,Faerie Glen,House,4,221.0,2026-04-20,2026-05-03,Sold,5138000.0,4780000.0
L101869,Bryanston,Apartment,1,101.0,2026-04-20,,Withdrawn,3528000.0,
L104924,Lynnwood,House,4,234.0,2026-04-20,2026-05-13,Sold,6540000.0,6209000.0
L102979,Bryanston,Apartment,2,118.0,2026-04-20,2026-06-15,Sold,3737000.0,3737000.0
L100612,Sandton,House,5,262.0,2026-04-20,,Withdrawn,9658000.0,
L104186,Waterkloof Ridge,Apartment,1,89.0,2026-04-20,2026-05-15,Sold,2404000.0,2360000.0
L102341,Waterkloof,Apartment,3,156.0,2026-04-20,2026-05-11,Sold,4691000.0,4691000.0
L104093,Groenkloof,Apartment,1,87.0,2026-04-21,2026-05-11,Sold,1722000.0,1571000.0
L100604,Sandton,Apartment,1,102.0,2026-04-21,2026-05-04,Sold,3133000.0,3098000.0
L103115,Centurion,Apartment,1,103.0,2026-04-21,2026-04-28,Sold,1834000.0,1797000.0
L105694,Centurion,House,5,454.0,2026-04-21,2026-08-04,Sold,9638000.0,9393000.0
L101568,Lynnwood,Townhouse,1,90.0,2026-04-21,2026-07-25,Sold,2388000.0,2388000.0
L104152,Lynnwood,House,3,188.0,2026-04-22,2026-06-21,Sold,4405000.0,4405000.0
L105313,Centurion,House,6,326.0,2026-04-22,,Withdrawn,7300000.0,
L101650,Brooklyn,Apartment,1,62.0,2026-04-22,2026-05-10,Sold,1454000.0,1454000.0
L102159,Waterkloof,House,3,176.0,2026-04-22,2026-06-01,Sold,5674000.0,5415000.0
L103235,Waterkloof Ridge,House,3,209.0,2026-04-22,2026-05-20,Sold,7326000.0,7179000.0
L100335,Irene,House,3,149.0,2026-04-22,,Withdrawn,2837000.0,
L100719,Sandton,House,2,114.0,2026-04-22,2026-07-17,Sold,4602000.0,4542000.0
L103156,Waterkloof,House,1,190.0,2026-04-22,2026-05-24,Sold,5569000.0,5269000.0
L102779,Waterkloof Ridge,House,2,133.0,2026-04-23,2026-06-05,Sold,3946000.0,3712000.0
L100151,Bryanston,Apartment,1,79.0,2026-04-23,2026-07-05,Sold,2201000.0,2173000.0
L101471,Groenkloof,Apartment,1,109.0,2026-04-23,2026-05-18,Sold,2833000.0,2729000.0
L103847,Centurion,House,5,301.0,2026-04-24,2026-05-18,Sold,6425000.0,6155000.0
L101968,Lynnwood,House,5,353.0,2026-04-24,2026-05-12,Sold,8012000.0,7269000.0
L104547,Brooklyn,House,5,354.0,2026-04-24,2026-06-05,Sold,10689000.0,10620000.0
L105090,Lynnwood,Apartment,3,81.0,2026-04-24,2026-08-22,Sold,1776000.0,1776000.0
L103351,Waterkloof Ridge,House,4,342.0,2026-04-24,2026-05-15,Sold,12696000.0,12696000.0
L105781,Sandton,House,,235.0,2026-04-25,,Withdrawn,10182000.0,
L102754,Bryanston,House,4,269.0,2026-04-25,2026-07-26,Sold,10739000.0,10732000.0
L104556,Rooihuiskraal,House,2,209.0,2026-04-25,2026-06-03,Sold,4163000.0,4009000.0
L103641,Waterkloof,House,2,152.0,2026-04-25,2026-06-29,Sold,4562000.0,4478000.0
L104676,Waterkloof Ridge,House,6,406.0,2026-04-25,,Withdrawn,12919000.0,
L105676,Groenkloof,House,2,193.0,2026-04-25,2026-05-15,Sold,4660000.0,4508000.0
L101679,Faerie Glen,Townhouse,3,159.0,2026-04-25,2026-05-22,Sold,2834000.0,2731000.0
L102226,Centurion,Apartment,1,66.0,2026-04-25,2026-05-10,Sold,1313000.0,1291000.0
L100650,Lynnwood,Apartment,3,122.0,2026-04-26,2026-05-12,Sold,2577000.0,2486000.0
L102565,Lynnwood,House,4,276.0,2026-04-26,2026-06-25,Sold,7389000.0,6889000.0
L103816,Lynnwood,House,3,261.0,2026-04-26,2026-07-15,Sold,5460000.0,4975000.0
L104830,Irene,Apartment,1,105.0,2026-04-26,2026-05-15,Sold,2064000.0,2056000.0
L103298,Lynnwood,Apartment,1,,2026-04-26,2026-06-08,Sold,3261000.0,3081000.0
L103192,Faerie Glen,House,2,139.0,2026-04-26,2026-05-23,Sold,3058000.0,2989000.0
L100249,Lynnwood,House,1,173.0,2026-04-27,2026-05-21,Sold,5266000.0,5266000.0
L100857,Bryanston,House,4,259.0,2026-04-27,2026-05-23,Sold,7404000.0,7058000.0
L100698,Centurion,Apartment,2,77.0,2026-04-27,2026-07-07,Sold,1805000.0,1755000.0
L104568,Faerie Glen,House,4,264.0,2026-04-27,2026-05-25,Sold,5098000.0,5057000.0
L105125,Waterkloof,House,3,261.0,2026-04-27,2026-05-19,Sold,8449000.0,8343000.0
L105726,Centurion,House,,162.0,2026-04-27,,Withdrawn,3286000.0,
L102224,Bryanston,House,4,280.0,2026-04-27,2026-06-04,Sold,9990000.0,9990000.0
L100033,Menlo Park,House,2,174.0,2026-04-28,2026-05-10,Sold,4642000.0,4443000.0
L104993,Menlo Park,House,3,156.0,2026-04-28,,Withdrawn,3574000.0,
L102250,Faerie Glen,House,2,147.0,2026-04-28,2026-07-02,Sold,2946000.0,2786000.0
L103975,Groenkloof,House,4,313.0,2026-04-28,2026-05-22,Sold,5652000.0,5652000.0
L105314,Menlo Park,House,4,289.0,2026-04-28,2026-05-28,Sold,7245000.0,7186000.0
L103988,Sandton,House,,372.0,2026-04-29,2026-05-15,Sold,13978000.0,13779000.0
L100593,Irene,Apartment,1,78.0,2026-04-29,2026-05-31,Sold,1506000.0,1495000.0
L103829,Irene,House,2,131.0,2026-04-29,2026-05-21,Sold,2934000.0,2844000.0
L105550,Brooklyn,House,3,182.0,2026-04-29,2026-06-17,Sold,6291000.0,6198000.0
L102579,Sandton,House,4,279.0,2026-04-29,2026-08-27,Sold,11204000.0,11204000.0
L101298,Centurion,Townhouse,3,156.0,2026-04-29,2026-05-19,Sold,3245000.0,3182000.0
