listing_id,suburb,property_type,bedrooms,floor_size_m2,list_date,sold_date,list_price,sold_price,status
L102094,Sandton,House,4.0,,2023-02-15,2023-04-30,R 7 889 000.00,R 7 434 000.00,Sold
L101612,Rooihuiskraal,Apartment,1.0,72.0,2023-12-26,2024-01-19,R 868 000.00,838000,Sold
L105858,Faerie Glen,Apartment,1.0,94.0,2025-02-28,2025-05-08,R 1 649 000,R 1 560 000,Sold
L104294,ROOIHUISKRAAL,House,5.0,362.0,2023-11-28,2024-02-02,R 4 566 000,R 4 445 000,Sold
L102571,Faerie Glen,Townhouse,2.0,158.0,2025-03-04,2025-05-01,2501000,R 2 452 000,Sold
L103781,Bryanston,House,2.0,161.0,2026-01-21,2026-01-26,4806000,"R4,524,000",Sold
L101005,Lynnwood,House,4.0,232.0,2023-10-22,2023-11-15,R 5 183 000,R 4 777 000,Sold
L104701,Lynnwood,House,2.0,173.0,2023-01-07,2023-03-02,"R3,974,000",R 3 934 000.00,Sold
L101817,Lynnwood,Apartment,1.0,72.0,2024-01-16,2024-02-25,R 1 348 000,R 1 319 000,Sold
L104403,Brooklyn,Apartment,2.0,93.0,2026-01-17,2026-02-09,2251000,R 2 182 000,Sold
L100681,Groenkloof,Townhouse,3.0,144.0,2024-06-28,2024-09-04,R 2 432 000,R 2 379 000,Sold
L105087,Lynnwood,Apartment,2.0,80.0,2025-12-05,2025-12-14,"R1,854,000","R1,820,000",Sold
L100604,SANDTON,Apartment,1.0,102.0,2026-04-21,2026-05-04,R 3 133 000.00,3098000,Sold
L103400,Waterkloof,Apartment,2.0,90.0,2023-03-06,2023-03-15,"R2,366,000",R 2 349 000.00,Sold
L101608,Lynnwood,House,2.0,157.0,2024-10-17,2024-11-30,"R3,481,000",3271000,Sold
L100167,Rooihuiskraal,House,3.0,158.0,2025-04-04,2025-04-16,"R2,839,000","R2,508,000",Sold
L103021,Centurion,Townhouse,4.0,220.0,2024-03-23,2024-06-22,R 4 414 000,"R4,320,000",Sold
L102986,Waterkloof,House,1.0,138.0,2026-03-21,2026-03-26,3521000,3337000,Sold
L101744,Centurion,Apartment,2.0,95.0,2025-06-15,2025-08-05,R 1 982 000,"R1,926,000",Sold
L105446,Bryanston,Apartment,2.0,115.0,2025-12-02,2026-01-06,3585000,R 3 494 000.00,Sold
L100811,Waterkloof,House,3.0,262.0,2025-06-01,2025-06-12,R 6 812 000,R 6 812 000,Sold
L105164,Centurion,Apartment,1.0,,2024-01-21,2024-02-16,R 2 444 000,2293000,Sold
L104762,Sandton,House,4.0,255.0,2025-09-09,2025-11-01,9897000,R 9 732 000,Sold
L105339,Brooklyn,House,5.0,302.0,2023-09-21,2023-10-30,"R6,651,000",R 6 496 000.00,Sold
L101730,SANDTON,Apartment,2.0,134.0,2025-03-11,2025-04-12,R 3 558 000.00,R 3 497 000.00,Sold
L101699,Centurion,Apartment,1.0,58.0,2025-01-20,2025-03-02,1030000,1014000,Sold
L101357,Lynnwood,House,5.0,399.0,2023-10-11,2023-12-13,R 8 474 000.00,R 8 474 000.00,Sold
L103680,CENTURION,Apartment,1.0,82.0,2025-11-21,2025-12-01,R 1 410 000,R 1 402 000,Sold
L100319,Sandton,Apartment,2.0,84.0,2026-04-06,2026-07-27,2656000,"R2,530,000",Sold
L104015,FAERIE GLEN,House,4.0,191.0,2026-04-04,2026-04-25,R 3 686 000.00,"R3,590,000",Sold
L103352,Waterkloof,House,3.0,166.0,2025-04-04,2025-04-19,"R4,276,000",R 4 276 000,Sold
L104618,Lynnwood,Townhouse,1.0,117.0,2026-02-23,2026-03-20,2100000,R 2 100 000.00,Sold
L101108,Sandton,House,3.0,292.0,2024-07-23,2024-08-18,R 9 289 000.00,"R8,405,000",Sold
L104628,Groenkloof,Apartment,1.0,72.0,2026-01-23,2026-02-17,"R1,576,000",R 1 576 000.00,Sold
L102944,Brooklyn,Apartment,2.0,126.0,2025-05-04,2025-06-01,"R3,024,000",R 3 024 000.00,Sold
L101302,Rooihuiskraal,Apartment,2.0,115.0,2025-03-01,2025-03-20,1642000,R 1 612 000.00,Sold
L102031,Faerie Glen,House,3.0,159.0,2023-08-03,2023-09-27,R 2 822 000.00,R 2 769 000,Sold
L101426,Waterkloof,Townhouse,2.0,164.0,2024-05-04,2024-06-05,3973000,R 3 727 000,Sold
L100296,Sandton,Apartment,1.0,80.0,2025-12-23,2026-01-29,R 3 183 000.00,R 2 962 000.00,Sold
L102647,  rooihuiskraal ,House,4.0,9.0,2026-04-10,2026-05-17,4566000,R 4 529 000.00,Sold
L101662,Rooihuiskraal,Apartment,1.0,114.0,2025-06-16,2025-07-26,1683000,R 1 621 000,Sold
L102750,Brooklyn,Apartment,1.0,85.0,2025-03-01,2025-04-09,2174000,2174000,Sold
L104359,Centurion,Apartment,1.0,45.0,2023-04-09,,"R701,000",,Withdrawn
L102345,  waterkloof ,House,3.0,182.0,2025-10-29,2025-11-21,R 4 263 000,R 4 029 000.00,Sold
L101186,Lynnwood,House,4.0,255.0,2025-08-31,,6606000,,Withdrawn
L104694,Lynnwood,Apartment,1.0,98.0,2024-01-16,2024-03-21,1587000,"R1,556,000",Sold
L101215,Faerie Glen,House,5.0,316.0,2026-01-04,2026-03-15,"R7,997,000","R7,482,000",Sold
L101393,Waterkloof,Apartment,1.0,95.0,2025-04-20,2025-06-08,R 2 409 000,R 2 248 000.00,Sold
L101512,Irene,House,3.0,174.0,2023-06-02,,R 3 155 000.00,,Withdrawn
L104343,Brooklyn,Townhouse,2.0,110.0,2023-11-19,,R 2 197 000.00,,Withdrawn
L103618,Menlo Park,Apartment,1.0,80.0,2024-03-25,2024-05-10,R 1 478 000,R 1 464 000.00,Sold
L101961,Lynnwood,House,4.0,294.0,2023-09-21,2023-12-07,R 5 944 000.00,"R5,494,000",Sold
L100233,Irene,House,,144.0,2024-04-09,2024-06-06,"R3,380,000",R 3 193 000,Sold
L103803,Groenkloof,Apartment,1.0,84.0,2025-04-18,2025-05-28,R 1 613 000.00,R 1 613 000.00,Sold
L103815,Lynnwood,House,3.0,178.0,2024-06-30,2024-09-16,3936000,"R3,662,000",Sold
L104054,Bryanston,Apartment,2.0,78.0,2026-01-17,2026-01-30,R 2 248 000.00,2193000,Sold
L105153,Groenkloof,Apartment,1.0,85.0,2025-02-26,2025-04-03,1914000,R 1 886 000.00,Sold
L100346,Sandton,Townhouse,3.0,135.0,2023-11-06,2024-01-05,4136000,"R3,919,000",Sold
L102063,Waterkloof Ridge,Apartment,1.0,75.0,2024-03-02,,"R2,330,000",,Withdrawn
L102034,Waterkloof Ridge,House,2.0,77.0,2024-09-25,,R 2 065 000.00,,Withdrawn
L102927,Irene,Townhouse,4.0,303.0,2023-11-19,2024-01-19,4462000,R 4 339 000,Sold
L100576,Sandton,House,6.0,563.0,2023-05-14,2023-05-30,R 15 635 000,R 14 037 000,Sold
L101056,Sandton,Apartment,1.0,69.0,2025-06-20,2025-08-07,"R2,154,000",2035000,Sold
L103540,Bryanston,Townhouse,2.0,161.0,2026-01-01,2026-02-28,R 4 323 000.00,"R4,167,000",Sold
L103404,Bryanston,Apartment,1.0,76.0,2024-12-04,2025-01-17,2188000,R 2 133 000.00,Sold
L101634,Sandton,House,3.0,250.0,2025-07-24,2025-09-18,9363000,R 8 724 000,Sold
L101922,Lynnwood,Apartment,1.0,40.0,2026-01-08,2026-01-27,R 820 000,R 788 000,Sold
L100544,Waterkloof Ridge,House,4.0,280.0,2026-01-24,2026-02-09,R 8 766 000,"R8,342,000",Sold
L101825,Waterkloof,House,2.0,184.0,2023-12-19,2024-01-08,R 4 099 000.00,R 4 083 000.00,Sold
L103018,Menlo Park,Apartment,2.0,113.0,2023-12-12,2024-01-14,2305000,R 2 165 000.00,Sold
L105713,Centurion,House,,235.0,2025-01-16,2025-02-20,R 3 648 000,R 3 648 000,Sold
L103759,Groenkloof,House,2.0,120.0,2024-01-30,2024-02-06,2145000,2002000,Sold
L100706,Rooihuiskraal,House,5.0,325.0,2025-07-31,2025-10-18,R 4 849 000.00,"R4,558,000",Sold
L103937,Centurion,House,4.0,242.0,2023-10-03,2023-11-09,R 3 870 000.00,R 3 766 000,Sold
L105894,  waterkloof ,House,4.0,,2024-07-02,2024-08-16,R 6 007 000,5779000,Sold
L104377,Groenkloof,House,2.0,145.0,2025-06-15,2025-08-01,R 3 442 000.00,3419000,Sold
L105980,Faerie Glen,House,3.0,230.0,2025-03-07,2025-04-21,R 3 874 000,3740000,Sold
L104880,Waterkloof Ridge,House,,206.0,2023-11-05,2023-12-17,5030000,5030000,Sold
L104102,Faerie Glen,Townhouse,2.0,135.0,2024-04-05,2024-05-10,2763000,R 2 614 000,Sold
L101074,Bryanston,Apartment,1.0,169.0,2023-05-26,2023-06-23,"R4,247,000",4168000,Sold
L104083,Brooklyn,Townhouse,3.0,194.0,2025-10-03,2025-11-05,R 5 117 000,"R5,001,000",Sold
L103405,Bryanston,Apartment,1.0,73.0,2023-04-26,2023-06-05,R 2 021 000,R 2 021 000,Sold
L101345,Irene,House,5.0,283.0,2023-06-21,2023-07-06,"R5,765,000","R5,615,000",Sold
L101419,Sandton,House,2.0,210.0,2023-11-05,2023-12-24,R 7 382 000.00,R 7 111 000.00,Sold
L104589,Bryanston,Apartment,,60.0,2024-06-01,2024-06-25,"R1,621,000",R 1 621 000,Sold
L101620,Groenkloof,House,4.0,299.0,2024-11-11,2024-11-25,R 6 538 000.00,R 6 302 000,Sold
L102486,Rooihuiskraal,Townhouse,4.0,309.0,2023-04-07,2023-06-17,R 4 218 000.00,"R3,922,000",Sold
L102916,Brooklyn,House,4.0,250.0,2026-03-22,2026-04-21,"R7,450,000",7146000,Sold
L103318,Waterkloof,Apartment,2.0,94.0,2024-04-29,2024-07-08,2119000,R 2 119 000.00,Sold
L102457,Waterkloof Ridge,Townhouse,2.0,144.0,2023-08-07,2023-09-17,R 3 470 000,3318000,Sold
L102902,Waterkloof Ridge,Apartment,1.0,78.0,2024-11-08,2024-11-22,1804000,R 1 739 000,Sold
L101039,Waterkloof Ridge,Townhouse,2.0,139.0,2023-09-04,2023-09-25,"R3,351,000","R3,255,000",Sold
L104515,Brooklyn,House,2.0,145.0,2024-07-10,2024-08-16,"R3,161,000",R 3 161 000.00,Sold
L102522,Menlo Park,Townhouse,3.0,224.0,2025-01-31,2025-02-21,R 5 050 000,R 4 664 000,Sold
L101499,Centurion,House,,287.0,2024-02-17,2024-03-27,5108000,"R4,881,000",Sold
L100742,Bryanston,House,3.0,250.0,2025-07-04,2025-08-01,R 8 673 000.00,R 7 881 000.00,Sold
L105741,Centurion,House,5.0,334.0,2024-11-02,2024-12-17,R 6 274 000.00,R 6 201 000,Sold
L105828,Faerie Glen,House,3.0,278.0,2024-12-26,2025-01-14,"R5,604,000","R5,318,000",Sold
L105419,Menlo Park,Townhouse,2.0,102.0,2025-04-18,2025-05-10,R 2 442 000,R 2 223 000.00,Sold
L105638,Waterkloof,Townhouse,2.0,135.0,2023-09-14,2023-09-23,"R2,581,000","R2,468,000",Sold
L104652,Waterkloof Ridge,Apartment,1.0,77.0,2023-05-31,2023-08-11,1908000,"R1,848,000",Sold
L102480,Faerie Glen,House,3.0,188.0,2025-01-29,2025-03-20,R 3 613 000.00,R 3 505 000.00,Sold
L101864,Centurion,Apartment,1.0,82.0,2024-03-18,2024-05-01,R 1 337 000.00,1323000,Sold
L103428,Sandton,Apartment,2.0,107.0,2023-08-18,2023-10-10,3540000,R 3 253 000,Sold
L102653,Centurion,House,6.0,453.0,2026-01-08,2026-04-23,R 10 047 000,9640000,Sold
L101144,LYNNWOOD,Apartment,2.0,119.0,2026-02-25,2026-04-06,"R2,530,000",R 2 444 000.00,Sold
L103525,Lynnwood,Apartment,2.0,91.0,2023-11-30,2023-12-31,R 1 467 000.00,"R1,387,000",Sold
L100080,Centurion,House,4.0,292.0,2024-02-18,2024-03-17,"R6,442,000",6442000,Sold
L104883,Menlo Park,Apartment,1.0,78.0,2025-02-22,2025-04-20,R 1 896 000,"R1,794,000",Sold
L104818,Faerie Glen Ext,House,3.0,235.0,2023-10-12,2024-01-03,R 3 933 000,"R3,738,000",Sold
L105576,Sandton,House,5.0,365.0,2023-03-08,2023-04-10,"R11,244,000",11244000,Sold
L101786,Menlo Park,Apartment,2.0,66.0,2023-01-22,2023-04-06,R 1 343 000,1343000,Sold
L105096,Centurion,House,6.0,403.0,2023-12-18,2024-04-01,8470000,8119000,Sold
L100960,Faerie Glen,House,2.0,213.0,2024-08-01,2024-11-22,4106000,4088000,Sold
L102755,Rooihuiskraal,House,,233.0,2025-06-21,2025-08-08,R 4 171 000.00,R 4 146 000,Sold
L105519,Irene,Apartment,1.0,35.0,2024-05-28,2024-06-17,"R736,000",736000,Sold
L100079,Rooihuiskraal,Apartment,2.0,116.0,2024-12-03,2025-01-18,R 1 541 000,1418000,Sold
L101566,Waterkloof,House,6.0,419.0,2024-09-09,2024-10-19,R 14 490 000.00,13640000,Sold
L101569,Faerie Glen,Townhouse,3.0,203.0,2024-12-29,2025-02-23,"R3,230,000","R3,102,000",Sold
L102166,Bryanston,Apartment,2.0,120.0,2025-07-03,2025-07-15,R 3 579 000.00,3579000,Sold
L100712,Bryanston,House,4.0,228.0,2024-07-27,2024-08-23,"R7,051,000",R 7 051 000,Sold
L101084,Sandton,Apartment,1.0,77.0,2023-02-03,2023-04-14,R 2 057 000,1995000,Sold
L101330,  rooihuiskraal ,House,4.0,270.0,2025-05-16,2025-05-31,"R4,291,000",R 4 063 000.00,Sold
L100023,Bryanston,Apartment,1.0,75.0,2023-03-06,2023-04-01,1875000,R 1 875 000.00,Sold
L103407,Brooklyn,House,5.0,306.0,2024-09-25,2024-11-08,"R7,481,000",R 7 261 000,Sold
L103779,Sandton,Apartment,1.0,102.0,2023-07-06,2023-07-22,"R2,796,000",2727000,Sold
L104372,Faerie Glen,House,6.0,712.0,2023-11-03,2023-12-26,"R10,544,000",10376000,Sold
L104126,FAERIE GLEN,House,6.0,412.0,2024-11-23,2025-03-13,7140000,R 6 997 000,Sold
L105472,Sandton,House,4.0,271.0,2023-04-16,2023-06-30,R 9 402 000.00,"R9,260,000",Sold
L104161,Brooklyn,Apartment,,69.0,2024-08-30,2024-11-01,1624000,1620000,Sold
L104990,Waterkloof,Apartment,1.0,87.0,2024-06-09,2024-07-16,"R2,062,000","R1,938,000",Sold
L101261,  lynnwood ,Apartment,1.0,91.0,2024-02-11,2024-03-10,R 1 781 000,"R1,740,000",Sold
L105389,Sandton,House,2.0,178.0,2025-08-04,2025-08-21,7076000,"R6,705,000",Sold
L101438,Sandton,House,1.0,127.0,2024-12-25,2025-01-18,4375000,"R4,184,000",Sold
L101769,Bryanston,Apartment,2.0,65.0,2026-01-21,2026-04-06,R 1 996 000,"R1,912,000",Sold
L105003,Groenkloof,Townhouse,4.0,216.0,2026-02-01,2026-02-23,R 4 852 000.00,R 4 421 000.00,Sold
L104104,Sandton,Apartment,2.0,100.0,2024-08-07,,R 2 835 000,,Withdrawn
L100553,Sandton,House,3.0,241.0,2026-02-20,2026-05-10,R 9 837 000.00,R 9 518 000,Sold
L100228,Centurion,House,6.0,448.0,2026-03-11,2026-03-31,R 9 808 000,R 9 808 000.00,Sold
L104288,Sandton,House,2.0,113.0,2024-05-05,2024-06-04,R 3 439 000,"R3,335,000",Sold
L103946,Groenkloof,Apartment,1.0,100.0,2023-11-10,2023-11-28,"R1,771,000",1698000,Sold
L102477,Groenkloof,House,3.0,268.0,2023-10-14,2023-12-22,R 5 744 000.00,"R5,612,000",Sold
L103931,Irene,Apartment,2.0,96.0,2026-03-10,2026-05-20,R 1 711 000,R 1 688 000,Sold
L102431,Centurion,House,3.0,201.0,2023-08-16,2023-09-28,3498000,3498000,Sold
L102329,FAERIE GLEN,House,5.0,291.0,2023-12-13,2024-02-02,R 4 887 000,R 4 852 000,Sold
L100805,Waterkloof Ridge,Apartment,3.0,54.0,2025-03-01,2025-04-02,R 1 543 000.00,R 1 503 000,Sold
L105445,Brooklyn,House,2.0,175.0,2025-05-28,2025-08-14,R 3 658 000.00,R 3 658 000,Sold
L105889,  waterkloof ,House,3.0,185.0,2025-08-25,2025-09-21,5744000,R 5 530 000,Sold
L103808,Sandton,House,4.0,180.0,2026-02-26,2026-04-30,"R7,268,000","R6,836,000",Sold
L103487,Centurion,House,3.0,217.0,2025-05-16,2025-07-18,"R4,177,000",R 4 177 000,Sold
L100037,Lynnwood,House,4.0,275.0,2024-12-11,2025-01-07,"R6,436,000","R6,430,000",Sold
L101514,Bryanston,Apartment,2.0,122.0,2025-12-27,2026-01-31,4188000,"R4,135,000",Sold
L102404,Rooihuiskraal,Townhouse,2.0,,2024-10-04,2024-11-21,1532000,R 1 532 000,Sold
L103381,BRYANSTON,House,3.0,382.0,2023-01-05,2023-01-23,"R10,636,000",R 10 468 000,Sold
L102549,BROOKLYN,Apartment,2.0,,2025-01-23,2025-02-24,2206000,R 2 109 000,Sold
L103252,Brooklyn,Apartment,1.0,128.0,2025-12-03,2026-01-18,R 2 987 000,R 2 754 000,Sold
L103167,Groenkloof,House,3.0,195.0,2025-02-15,2025-04-25,4446000,4313000,Sold
L103560,Centurion,Apartment,1.0,84.0,2023-10-10,2023-11-25,R 1 125 000.00,R 1 120 000,Sold
L103063,Bryanston,Apartment,2.0,63.0,2023-04-01,2023-05-16,R 1 601 000,"R1,547,000",Sold
L100879,Irene,House,3.0,155.0,2024-05-17,2024-08-12,R 2 986 000.00,2827000,Sold
L103897,Lynnwood,Apartment,2.0,132.0,2026-02-25,2026-05-01,"R2,940,000",R 2 730 000.00,Sold
L105967,Brooklyn,House,3.0,201.0,2025-02-19,2025-04-19,R 4 614 000,R 4 520 000,Sold
L100156,Brooklyn,House,2.0,193.0,2023-08-11,2023-08-21,3980000,R 3 933 000.00,Sold
L105356,Irene,House,6.0,445.0,2026-04-07,2026-06-02,9686000,9312000,Sold
L100410,Centurion,House,4.0,229.0,2023-07-19,2023-08-27,4292000,R 4 292 000.00,Sold
L103209,Waterkloof Ridge,Apartment,,66.0,2023-08-31,2023-10-02,1723000,1647000,Sold
L104977,Groenkloof,House,2.0,168.0,2024-01-14,2024-03-21,R 3 497 000.00,3497000,Sold
L105234,Centurion,Apartment,1.0,,2025-01-13,,R 1 708 000.00,,Withdrawn
L101738,Faerie Glen,House,4.0,272.0,2024-08-11,2024-09-01,R 4 815 000,"R4,541,000",Sold
L102135,Faerie Glen,House,3.0,204.0,2025-10-02,2025-11-23,R 4 176 000,3888000,Sold
L102611,BRYANSTON,Apartment,1.0,76.0,2023-09-08,2023-11-06,"R1,705,000",1658000,Sold
L104908,Centurion,Apartment,3.0,164.0,2024-05-03,2024-06-01,R 3 222 000,R 3 222 000.00,Sold
L104082,Centurion,House,3.0,230.0,2024-09-14,2024-10-23,R 4 401 000.00,4401000,Sold
L102918,Waterkloof,Apartment,2.0,153.0,2023-02-17,2023-03-23,R 2 983 000.00,R 2 983 000,Sold
L102008,Groenkloof,Apartment,2.0,124.0,2026-03-09,2026-04-17,3076000,"R2,966,000",Sold
L102664,Faerie Glen,House,3.0,187.0,2024-05-23,2024-08-16,2890000,2684000,Sold
L105777,FAERIE GLEN,House,4.0,221.0,2025-10-31,2026-01-14,4220000,R 4 121 000,Sold
L103520,Faerie Glen,Townhouse,3.0,206.0,2025-02-03,2025-06-03,R 3 646 000,R 3 475 000.00,Sold
L104932,Rooihuiskraal,Apartment,,95.0,2024-08-14,2024-11-07,R 1 493 000.00,"R1,399,000",Sold
L100084,Waterkloof,House,4.0,257.0,2024-11-02,,R 6 641 000,,Withdrawn
L100710,Sandton,House,6.0,596.0,2025-03-03,,R 24 677 000,,Withdrawn
L100926,Groenkloof,House,4.0,246.0,2025-11-21,2026-01-17,"R6,000,000",R 5 978 000.00,Sold
L102598,Sandton,House,3.0,197.0,2024-06-30,2024-07-16,"R6,732,000",R 6 613 000.00,Sold
L104696,Lynnwood,House,5.0,341.0,2025-12-20,2026-03-26,"R9,420,000","R9,420,000",Sold
L102877,Lynnwood,Apartment,1.0,87.0,2024-02-01,2024-03-06,R 1 712 000,R 1 674 000.00,Sold
L100254,Brooklyn,Townhouse,2.0,150.0,2023-06-29,2023-07-13,"R3,343,000",R 3 274 000.00,Sold
L102298,Waterkloof,House,6.0,416.0,2024-07-06,2024-09-16,R 11 462 000.00,11462000,Sold
L100351,Groenkloof,Townhouse,3.0,214.0,2024-02-09,2024-03-12,"R3,952,000",3753000,Sold
L102671,Lynnwood,House,4.0,309.0,2024-04-06,2024-05-05,6769000,R 6 291 000.00,Sold
L102086,Menlo Park,Townhouse,4.0,243.0,2025-11-30,2025-12-27,"R5,744,000","R5,688,000",Sold
L101406,Sandton,Townhouse,2.0,138.0,2024-06-20,2024-07-13,R 3 594 000,R 3 391 000,Sold
L101881,Centurion,House,6.0,513.0,2025-04-02,2025-05-19,R 9 714 000,9515000,Sold
L100538,Groenkloof,House,2.0,222.0,2023-03-05,2023-03-30,R 4 819 000,"R4,607,000",Sold
L104756,Lynnwood,Apartment,,55.0,2023-06-18,2023-07-22,R 916 000.00,"R907,000",Sold
L100263,Waterkloof Ridge,Apartment,2.0,119.0,2023-08-03,2023-10-10,R 2 881 000.00,"R2,704,000",Sold
L101351,Bryanston,House,1.0,111.0,2023-08-09,2023-09-12,R 3 573 000.00,R 3 462 000,Sold
L105599,Lynnwood,House,2.0,169.0,2025-01-01,2025-01-24,"R3,584,000",R 3 489 000.00,Sold
L103286,Irene,Apartment,1.0,65.0,2024-06-27,2024-08-07,"R1,227,000",1181000,Sold
L103711,  rooihuiskraal ,House,3.0,252.0,2024-11-23,2024-12-25,R 4 112 000,R 4 007 000.00,Sold
L104733,Brooklyn,Townhouse,4.0,259.0,2025-11-29,2026-01-23,R 7 371 000.00,R 7 100 000.00,Sold
L103494,WATERKLOOF RIDGE,House,2.0,163.0,2025-04-14,2025-05-27,6367000,"R6,123,000",Sold
L100783,Irene,House,2.0,185.0,2024-09-22,2024-12-19,R 3 574 000,3574000,Sold
L105140,Irene,House,4.0,,2023-04-08,,R 4 387 000,,Withdrawn
L104958,Menlo Park,House,4.0,218.0,2025-04-12,2025-05-20,R 5 340 000,R 5 340 000.00,Sold
L102080,Lynnwood,House,4.0,309.0,2024-04-03,2024-06-05,R 5 161 000.00,R 4 844 000,Sold
L104795,Groenkloof,Apartment,1.0,76.0,2023-06-10,,R 1 219 000,,Withdrawn
L102932,Irene,House,3.0,182.0,2025-11-03,2026-01-22,R 3 863 000,R 3 554 000.00,Sold
L104349,Bryanston,Apartment,1.0,82.0,2023-10-04,2023-11-13,R 2 173 000.00,R 2 056 000.00,Sold
L104351,Waterkloof,House,3.0,223.0,2024-08-18,,R 5 116 000.00,,Withdrawn
L105132,Groenkloof,House,3.0,233.0,2023-02-06,2023-02-20,4593000,R 4 538 000.00,Sold
L102503,Bryanston,Apartment,2.0,57.0,2023-01-16,2023-04-09,1466000,1429000,Sold
L103349,Lynnwood,House,3.0,184.0,2024-10-30,2024-11-20,R 4 741 000,4658000,Sold
L104794,Menlo Park,House,6.0,438.0,2025-04-24,2025-05-09,R 10 822 000.00,R 10 528 000.00,Sold
L101615,Groenkloof,Apartment,3.0,115.0,2026-01-23,2026-03-26,"R2,599,000","R2,495,000",Sold
L104244,Centurion,House,5.0,314.0,2023-11-18,2023-12-13,5559000,5363000,Sold
L102955,Menlo Park,House,3.0,224.0,2025-02-25,2025-05-08,5342000,5236000,Sold
L100393,Centurion,House,1.0,119.0,2023-06-27,2023-08-02,"R2,329,000",R 2 321 000,Sold
L102471,Bryanston,Apartment,1.0,82.0,2023-09-09,2023-10-20,R 2 050 000,R 2 050 000,Sold
L103671,Irene,Townhouse,2.0,155.0,2025-08-16,2025-09-24,R 3 042 000,2969000,Sold
L100093,Menlo Park,Apartment,3.0,175.0,2025-01-04,2025-03-05,R 3 312 000,3212000,Sold
L105717,Sandton,Apartment,,70.0,2023-10-22,2023-12-29,"R2,006,000",R 1 975 000,Sold
L103024,Menlo Park,Apartment,3.0,136.0,2024-03-09,2024-05-20,R 2 246 000,2140000,Sold
L100763,Waterkloof Ridge,Apartment,1.0,89.0,2024-05-27,2024-07-21,2341000,2341000,Sold
L105097,Centurion,Apartment,1.0,68.0,2023-04-16,2023-05-11,"R1,205,000",1140000,Sold
L102900,Menlo Park,House,3.0,221.0,2023-06-15,,R 4 148 000.00,,Withdrawn
L102954,FAERIE GLEN,House,1.0,113.0,2024-02-29,2024-04-06,R 2 125 000.00,"R2,052,000",Sold
L102574,Faerie Glen,Townhouse,2.0,192.0,2023-08-28,2023-10-30,R 3 123 000.00,R 2 885 000.00,Sold
L103433,Brooklyn,House,4.0,317.0,2025-02-18,2025-03-19,R 7 019 000,R 6 813 000,Sold
L101362,Irene,Townhouse,3.0,236.0,2025-12-11,2026-01-02,"R4,453,000","R4,386,000",Sold
L105079,Centurion,Apartment,2.0,79.0,2025-08-04,2025-09-30,R 1 264 000.00,R 1 263 000.00,Sold
L103657,Lynnwood,House,3.0,214.0,2024-05-15,2024-05-28,4556000,R 4 524 000,Sold
L101844,Groenkloof,House,4.0,246.0,2024-09-14,2024-12-07,"R4,503,000","R4,436,000",Sold
L101038,Lynnwood,Townhouse,4.0,207.0,2023-10-06,2023-11-06,R 4 554 000.00,R 4 489 000.00,Sold
L105953,Waterkloof,Townhouse,1.0,115.0,2024-03-15,2024-05-14,R 2 184 000,R 2 116 000.00,Sold
L100465,Centurion,Apartment,1.0,66.0,2023-07-29,2023-09-15,1024000,"R963,000",Sold
L105684,Lynnwood,Apartment,1.0,44.0,2025-12-04,2026-01-31,805000,781000,Sold
L103977,WATERKLOOF RIDGE,Apartment,2.0,126.0,2025-10-15,2025-11-29,"R3,918,000",R 3 783 000,Sold
L102271,Irene,House,3.0,238.0,2026-02-04,2026-03-07,R 5 756 000.00,R 5 588 000.00,Sold
L100691,Bryanston,House,4.0,368.0,2024-05-24,2024-06-03,R 9 714 000.00,8955000,Sold
L100561,Brooklyn,House,3.0,166.0,2023-02-19,2023-03-15,R 3 946 000.00,"R3,797,000",Sold
L105744,Centurion,House,4.0,217.0,2024-05-07,2024-06-05,"R3,869,000","R3,807,000",Sold
L100185,Centurion,Apartment,1.0,68.0,2023-12-22,2024-03-30,R 1 239 000,R 1 148 000.00,Sold
L104347,Bryanston,Apartment,1.0,65.0,2024-11-07,2024-12-17,R 1 252 000.00,"R1,242,000",Sold
L101044,Waterkloof,Townhouse,4.0,275.0,2024-09-06,2024-09-16,7295000,"R7,295,000",Sold
L101501,Sandton,Apartment,1.0,78.0,2026-01-12,2026-02-12,R 2 656 000.00,R 2 630 000.00,Sold
L102704,Centurion,House,4.0,,2025-06-17,,"R6,723,000",,Withdrawn
L101732,Centurion,House,4.0,316.0,2023-04-20,2023-05-30,R 5 419 000,5106000,Sold
L101086,Rooihuiskraal,Apartment,1.0,60.0,2024-09-01,2024-11-07,"R804,000",804000,Sold
L103799,Brooklyn,House,3.0,276.0,2024-11-10,2024-12-16,"R7,394,000",6857000,Sold
L100221,Faerie Glen,House,4.0,225.0,2024-07-06,2024-07-21,R 4 458 000.00,R 4 383 000.00,Sold
L105728,Sandton,Apartment,2.0,113.0,2024-12-02,2025-01-21,3836000,"R3,621,000",Sold
L105708,Waterkloof,House,,323.0,2024-06-09,2024-07-27,R 8 731 000.00,R 8 311 000.00,Sold
L100065,Faerie Glen,Apartment,1.0,79.0,2025-07-24,2025-08-09,"R1,476,000","R1,436,000",Sold
L100969,Groenkloof,Apartment,1.0,74.0,2024-12-11,2025-01-19,R 1 586 000.00,1527000,Sold
L103341,Bryanston,House,2.0,150.0,2025-11-30,2026-01-09,"R4,042,000","R3,943,000",Sold
L100157,Centurion,House,1.0,105.0,2023-06-03,2023-07-07,R 2 079 000.00,1929000,Sold
L103651,Groenkloof,Apartment,3.0,127.0,2025-04-03,2025-05-09,"R2,612,000",R 2 612 000.00,Sold
L101562,Bryanston,House,5.0,368.0,2024-04-20,2024-05-18,R 13 879 000,13879000,Sold
L105019,Lynnwood,Apartment,2.0,157.0,2026-01-27,2026-03-04,R 3 274 000.00,"R3,194,000",Sold
L103567,Faerie Glen,Apartment,3.0,155.0,2023-01-13,2023-01-30,R 2 263 000,"R2,140,000",Sold
L105681,Menlo Park,House,5.0,343.0,2023-03-21,2023-04-13,R 6 452 000.00,6425000,Sold
L101892,Faerie Glen,House,3.0,179.0,2024-06-28,2024-08-11,R 2 849 000,R 2 815 000.00,Sold
L105095,FAERIE GLEN,Apartment,1.0,59.0,2023-02-15,2023-05-22,"R837,000",R 837 000,Sold
L103085,Menlo Park,House,4.0,239.0,2023-07-20,,R 5 273 000,,Withdrawn
L103123,Lynnwood,House,3.0,261.0,2023-03-25,2023-04-23,5929000,5547000,Sold
L104100,  brooklyn ,Townhouse,,158.0,2025-08-20,2025-09-01,"R3,652,000",R 3 591 000.00,Sold
L100599,Irene,House,2.0,160.0,2023-06-26,2023-08-05,"R2,748,000","R2,729,000",Sold
L102642,Irene,House,2.0,173.0,2025-11-25,2026-02-14,"R3,453,000",3412000,Sold
L105682,Groenkloof,Apartment,2.0,84.0,2024-06-04,2024-06-29,R 1 618 000,1553000,Sold
L100031,Sandton,House,2.0,175.0,2023-03-07,2023-04-23,6004000,"R5,853,000",Sold
L100565,Centurion,Apartment,1.0,48.0,2026-03-08,,R 919 000.00,,Withdrawn
L101672,  rooihuiskraal ,Townhouse,1.0,120.0,2024-06-20,2024-09-13,"R1,686,000",1621000,Sold
L102654,Lynnwood,House,5.0,459.0,2024-05-20,2024-06-16,"R9,258,000",R 8 966 000,Sold
L100401,Sandton,House,5.0,324.0,2025-11-02,2025-12-01,"R12,679,000",R 11 670 000.00,Sold
L101022,Sandton,House,3.0,187.0,2026-01-29,2026-03-23,R 7 197 000.00,7197000,Sold
L100177,Sandton,House,4.0,277.0,2023-03-30,2023-05-13,6170000,"R6,164,000",Sold
L103018,Menlo Park,Apartment,2.0,113.0,2023-12-12,2024-01-14,2305000,R 2 165 000.00,Sold
L105187,Faerie Glen,House,3.0,222.0,2026-01-17,2026-02-27,"R3,873,000","R3,642,000",Sold
L105156,Menlo Park,Townhouse,3.0,130.0,2025-02-05,2025-03-24,2726000,"R2,726,000",Sold
L102874,Waterkloof Ridge,House,2.0,166.0,2025-11-19,2025-12-24,R 5 405 000.00,5344000,Sold
L104358,Faerie Glen,Apartment,2.0,136.0,2024-07-10,2024-09-02,"R2,365,000","R2,285,000",Sold
L100625,Lynnwood,Townhouse,,183.0,2023-08-17,,R 3 495 000.00,,Withdrawn
L105918,Bryanston,Townhouse,,132.0,2025-03-28,2025-05-01,R 4 285 000.00,R 4 189 000.00,Sold
L101741,Brooklyn,House,5.0,310.0,2025-12-31,2026-01-15,"R8,151,000",R 8 151 000.00,Sold
L103948,Bryanston,Apartment,1.0,63.0,2025-12-12,2026-01-13,"R1,799,000",1713000,Sold
L105901,Waterkloof,House,3.0,248.0,2025-07-10,2025-08-22,R 7 217 000.00,R 7 217 000.00,Sold
L105848,Waterkloof Ridge,House,3.0,242.0,2023-01-28,2023-02-11,R 5 090 000,R 5 090 000.00,Sold
L104012,Sandton,House,2.0,90.0,2024-05-17,2024-07-12,2561000,R 2 471 000,Sold
L105017,Faerie Glen,House,2.0,169.0,2025-02-01,2025-04-02,"R3,095,000",3053000,Sold
L102957,Waterkloof,Apartment,2.0,68.0,2025-07-07,2025-08-15,"R1,904,000",R 1 742 000.00,Sold
L102699,Bryanston,House,4.0,250.0,2025-05-29,2025-06-30,R 6 418 000,R 6 319 000.00,Sold
L104676,Waterkloof Ridge,House,6.0,406.0,2026-04-25,,R 12 919 000,,Withdrawn
L101978,Centurion,Townhouse,2.0,141.0,2025-06-16,2025-08-25,R 2 676 000.00,"R2,613,000",Sold
L100476,Lynnwood,Apartment,1.0,89.0,2026-02-19,2026-03-25,1709000,R 1 674 000.00,Sold
L105833,Centurion,House,4.0,241.0,2025-07-31,2025-08-16,R 5 068 000.00,4758000,Sold
L100626,Rooihuiskraal,Apartment,1.0,81.0,2023-01-14,2023-02-02,"R995,000",934000,Sold
L101586,Menlo Pk,House,3.0,207.0,2026-03-22,2026-07-12,R 4 491 000,R 4 372 000,Sold
L103323,Rooihuiskraal,Apartment,2.0,107.0,2024-11-05,2024-11-24,R 1 380 000,"R1,354,000",Sold
L105036,Bryanston,House,5.0,,2025-02-13,2025-02-23,R 10 405 000.00,10388000,Sold
L101557,Faerie Glen,House,2.0,247.0,2024-07-23,2024-08-14,R 4 100 000.00,R 3 713 000.00,Sold
L103988,Sandton,House,,372.0,2026-04-29,2026-05-15,R 13 978 000,"R13,779,000",Sold
L105298,Brooklyn,Apartment,1.0,68.0,2026-04-15,2026-06-12,"R1,956,000",R 1 891 000,Sold
L103758,Sandton,House,5.0,308.0,2023-04-20,2023-07-02,9824000,R 9 468 000.00,Sold
L102263,WATERKLOOF RIDGE,Townhouse,4.0,286.0,2025-08-28,2025-09-09,R 9 427 000,"R9,418,000",Sold
L105908,Brooklyn,House,5.0,374.0,2026-02-22,2026-03-17,R 9 807 000.00,9332000,Sold
L102805,Brooklyn,House,3.0,162.0,2024-03-14,2024-04-07,"R3,304,000",R 3 304 000.00,Sold
L101220,Waterkloof,House,4.0,299.0,2024-10-18,2024-12-29,R 8 776 000.00,R 8 636 000,Sold
L102550,  faerie glen ,Apartment,1.0,94.0,2025-11-18,2025-12-03,"R1,572,000",R 1 515 000.00,Sold
L105647,  waterkloof ,House,1.0,148.0,2026-01-09,2026-02-17,4399000,R 4 330 000.00,Sold
L103934,Faerie Glen,Apartment,1.0,109.0,2024-08-15,2024-09-01,R 1 511 000.00,"R1,495,000",Sold
L103886,  sandton ,Apartment,2.0,176.0,2024-09-21,2024-12-14,R 4 717 000,4580000,Sold
L101425,Lynnwood,House,3.0,188.0,2025-03-08,2025-05-08,"R4,603,000",4603000,Sold
L101564,Rooihuiskraal,House,5.0,376.0,2025-02-16,2025-03-21,R 6 592 000.00,R 6 491 000.00,Sold
L102445,Irene,House,3.0,211.0,2025-03-06,2025-04-28,R 4 341 000.00,4113000,Sold
L103528,Bryanston,Apartment,2.0,80.0,2023-12-23,2024-01-12,R 2 104 000.00,"R1,995,000",Sold
L105233,Lynnwood,Apartment,1.0,63.0,2024-03-12,2024-04-17,R 1 239 000,"R1,228,000",Sold
L101726,Menlo Park,House,3.0,238.0,2023-08-20,2023-10-27,R 5 112 000,R 4 983 000,Sold
L104334,Bryanston,House,3.0,221.0,2025-01-02,2025-03-06,R 6 543 000,"R6,354,000",Sold
L103139,Menlo Park,House,,114.0,2025-11-24,,"R2,155,000",,Withdrawn
L104379,Waterkloof,House,5.0,389.0,2025-10-12,2025-11-28,R 12 972 000.00,"R11,590,000",Sold
L102521,Irene,House,4.0,271.0,2024-03-14,,"R5,055,000",,Withdrawn
L103442,Waterkloof,Apartment,1.0,99.0,2023-02-04,2023-03-31,R 2 215 000,2004000,Sold
L102780,Waterkloof Ridge,Apartment,1.0,88.0,2025-06-04,2025-07-14,2726000,R 2 649 000,Sold
L105666,Brooklyn,Apartment,1.0,49.0,2023-04-22,2023-05-07,R 901 000.00,"R865,000",Sold
L103082,Centurion,House,3.0,181.0,2025-11-02,2025-11-11,R 3 629 000.00,"R3,349,000",Sold
L101170,Lynnwood,House,3.0,172.0,2023-04-19,2023-05-25,3153000,3153000,Sold
L102317,Rooihuiskraal,Apartment,2.0,106.0,2025-12-13,2025-12-24,R 1 586 000,R 1 577 000.00,Sold
L104657,Waterkloof Ridge,Apartment,1.0,69.0,2026-03-19,2026-04-21,R 2 185 000.00,R 2 112 000.00,Sold
L101142,Bryanston,Apartment,1.0,99.0,2025-05-18,2025-06-26,2762000,2626000,Sold
L105658,Waterkloof Ridge,House,3.0,233.0,2023-03-18,2023-04-14,"R6,254,000",R 6 032 000.00,Sold
L103750,Waterkloof,Townhouse,3.0,205.0,2023-05-10,2023-06-17,R 4 756 000.00,R 4 567 000.00,Sold
L101197,Centurion,Townhouse,2.0,164.0,2025-02-26,2025-03-31,"R2,639,000",2639000,Sold
L102227,Waterkloof,House,,337.0,2023-03-20,2023-04-13,R 8 276 000.00,8135000,Sold
L101315,Centurion,House,3.0,204.0,2025-06-06,2025-07-17,"R3,633,000",3633000,Sold
L100308,Brooklyn,House,3.0,162.0,2025-02-18,2025-03-08,R 4 099 000.00,3974000,Sold
L103184,  waterkloof ,Apartment,1.0,94.0,2024-10-14,2024-11-16,R 2 118 000,"R2,054,000",Sold
L104483,Brooklyn,Apartment,,163.0,2023-03-23,2023-03-31,"R3,276,000",R 3 249 000.00,Sold
L100050,Groenkloof,House,5.0,394.0,2024-10-11,2024-11-02,R 8 024 000,"R7,830,000",Sold
L103189,Brooklyn,Apartment,3.0,131.0,2025-08-25,2025-09-03,R 3 313 000.00,R 3 302 000.00,Sold
L100506,MENLO PARK,Townhouse,2.0,158.0,2026-02-25,2026-04-15,R 3 237 000,"R3,237,000",Sold
L100323,Faerie Glen,House,5.0,440.0,2025-02-02,2025-02-27,R 8 939 000.00,8573000,Sold
L102213,Faerie Glen,Apartment,3.0,104.0,2025-11-08,2025-12-04,R 1 914 000,"R1,914,000",Sold
L103504,Centurion,Apartment,1.0,100.0,2024-11-05,2025-01-06,R 1 532 000.00,R 1 532 000,Sold
L100672,Sandton,House,5.0,274.0,2023-06-25,2023-07-09,R 8 267 000.00,"R8,267,000",Sold
L101018,Waterkloof,House,2.0,159.0,2023-10-28,2023-11-07,R 4 407 000,4025000,Sold
L102409,Sandton,Apartment,1.0,90.0,2024-05-16,2024-06-04,R 2 762 000.00,R 2 647 000.00,Sold
L103731,Sandton,House,2.0,212.0,2023-06-01,2023-07-01,9014000,R 8 692 000,Sold
L105505,Menlo  Park,House,2.0,184.0,2024-03-18,2024-05-05,4121000,"R4,012,000",Sold
L102945,Lynnwood,Apartment,2.0,101.0,2023-03-04,2023-05-26,R 1 730 000.00,"R1,654,000",Sold
L102746,Groenkloof,Apartment,1.0,66.0,2025-07-13,2025-11-10,R 1 473 000.00,R 1 366 000,Sold
L104399,Rooihuiskraal,Apartment,1.0,95.0,2024-12-27,2025-03-01,R 1 401 000,"R1,333,000",Sold
L105110,Groenkloof,House,2.0,213.0,2025-04-16,2025-05-05,5047000,4713000,Sold
L100319,Sandton,Apartment,2.0,84.0,2026-04-06,2026-07-27,2656000,"R2,530,000",Sold
L103573,Lynnwood,Apartment,1.0,65.0,2024-11-12,2024-12-29,1273000,R 1 222 000,Sold
L104220,Groenkloof,Apartment,3.0,125.0,2025-10-27,2026-01-18,R 2 480 000,R 2 424 000.00,Sold
L104335,Waterkloof,Townhouse,2.0,150.0,2025-07-05,2025-07-22,4107000,4081000,Sold
L102124,Menlo Park,Townhouse,3.0,197.0,2023-11-11,2024-01-01,R 4 180 000,R 4 164 000,Sold
L101350,Rooihuiskraal,House,6.0,,2023-03-13,2023-04-17,7244000,R 6 956 000.00,Sold
L102821,Centurion,House,,173.0,2025-09-03,2025-10-29,"R3,639,000",3623000,Sold
L101263,Sandton,House,3.0,188.0,2025-06-04,2025-06-21,6671000,R 6 033 000.00,Sold
L102985,Brooklyn,Apartment,1.0,96.0,2025-09-27,2025-10-24,R 2 420 000,2420000,Sold
L104182,Centurion,House,3.0,198.0,2023-12-28,,R 4 056 000,,Withdrawn
L104991,Bryanston,Apartment,1.0,77.0,2025-02-18,2025-03-30,"R2,044,000",R 2 044 000.00,Sold
L103934,Faerie Glen,Apartment,1.0,109.0,2024-08-15,2024-09-01,R 1 511 000.00,"R1,495,000",Sold
L105421,Faerie Glen,House,4.0,249.0,2023-08-06,2023-09-23,"R4,059,000","R3,983,000",Sold
L103825,Faerie Glen,House,5.0,330.0,2025-11-27,2025-12-13,R 6 496 000,6156000,Sold
L101870,Brooklyn,House,1.0,217.0,2023-04-28,2023-05-18,R 4 737 000,R 4 526 000.00,Sold
L101718,Centurion,Apartment,2.0,94.0,2023-08-12,2023-09-13,R 1 589 000.00,1545000,Sold
L100239,Waterkloof Ridge,Apartment,2.0,106.0,2024-02-21,2024-05-09,2783000,2717000,Sold
L105174,GROENKLOOF,Apartment,2.0,131.0,2023-06-20,2023-06-28,"R2,599,000","R2,473,000",Sold
L105081,Irene,Apartment,,125.0,2025-08-19,2025-11-15,R 2 416 000.00,2300000,Sold
L100199,Menlo Park,Townhouse,2.0,124.0,2025-01-10,2025-03-08,"R2,699,000",R 2 599 000,Sold
L101397,Sandton,House,3.0,175.0,2025-07-27,2025-08-07,"R5,555,000",R 5 449 000.00,Sold
L103793,Groenkloof,House,4.0,307.0,2024-04-17,2024-07-13,"R7,107,000",6779000,Sold
L104381,Menlo Park,Apartment,1.0,71.0,2023-03-13,2023-04-24,"R1,470,000","R1,414,000",Sold
L103121,Menlo Pk,Townhouse,3.0,192.0,2023-01-28,2023-02-07,R 3 946 000,R 3 854 000,Sold
L102464,Brooklyn,Apartment,2.0,75.0,2025-06-17,2025-07-18,"R1,728,000",R 1 710 000,Sold
L103834,Brooklyn,Apartment,1.0,64.0,2023-12-27,2024-01-29,1352000,R 1 287 000,Sold
L103737,Centurion,House,3.0,278.0,2023-06-14,2023-08-15,"R5,455,000",R 5 148 000,Sold
L104529,Faerie Glen,House,6.0,367.0,2025-04-21,2025-05-18,R 7 156 000.00,R 6 814 000,Sold
L102963,Irene,Apartment,2.0,96.0,2023-07-18,2023-09-10,R 1 781 000.00,"R1,594,000",Sold
L103210,Menlo Park,Townhouse,2.0,191.0,2025-08-06,2025-09-16,4023000,3830000,Sold
L101128,Centurion,Apartment,1.0,79.0,2025-03-11,2025-04-27,R 1 494 000,"R1,465,000",Sold
L100101,Centurion,House,4.0,269.0,2024-09-04,2024-09-21,"R6,005,000",R 5 780 000.00,Sold
L104437,Brooklyn,Townhouse,2.0,,2025-06-11,2025-07-08,R 3 643 000,3489000,Sold
L101894,Menlo Park,House,3.0,295.0,2025-07-27,2025-08-13,6596000,6273000,Sold
L100259,Irene,House,2.0,168.0,2025-11-24,2025-12-27,R 3 822 000.00,R 3 755 000,Sold
L104919,Lynnwood,House,2.0,141.0,2024-03-20,2023-01-01,R 2 799 000,R 2 751 000,Sold
L100535,Groenkloof,House,4.0,5400.0,2023-07-26,2023-08-29,6722000,6139000,Sold
L105259,Groenkloof,House,3.0,206.0,2024-07-22,2024-08-28,R 4 854 000.00,4834000,Sold
L103590,  rooihuiskraal ,Apartment,3.0,95.0,2024-12-20,2025-04-19,R 1 287 000.00,"R1,237,000",Sold
L105332,Brooklyn,House,3.0,153.0,2023-11-12,2023-11-30,"R3,383,000","R3,325,000",Sold
L105369,Menlo Park,Apartment,2.0,,2024-04-23,2024-05-29,R 1 212 000,1148000,Sold
L102513,Waterkloof Ridge,Townhouse,2.0,191.0,2024-07-18,2024-08-11,R 4 325 000,R 4 325 000.00,Sold
L100787,Menlo Park,Apartment,2.0,91.0,2023-03-08,2023-03-29,1608000,R 1 533 000.00,Sold
L102515,Bryanston,Apartment,2.0,91.0,2025-04-26,2025-05-19,R 2 944 000,"R2,884,000",Sold
L101193,Sandton,House,2.0,151.0,2026-03-08,2026-03-27,5454000,5270000,Sold
L104742,Rooihuiskraal,House,3.0,240.0,2025-12-19,2025-12-29,R 3 811 000,R 3 755 000,Sold
L105952,Lynnwood,House,2.0,150.0,2025-11-19,,R 2 778 000,,Withdrawn
L101235,Waterkloof Ridge,Apartment,1.0,80.0,2024-08-02,2024-09-12,2135000,2006000,Sold
L104629,Brooklyn,Apartment,3.0,160.0,2026-03-06,2026-03-31,"R3,639,000",R 3 639 000,Sold
L100994,Sandton,Apartment,2.0,150.0,2024-04-05,2024-06-19,"R3,965,000",R 3 934 000,Sold
L104969,Irene,House,5.0,,2024-08-31,2024-11-04,"R5,531,000","R5,218,000",Sold
L103392,Sandton,Apartment,2.0,56.0,2024-02-08,2024-05-20,1507000,R 1 419 000.00,Sold
L102441,Groenkloof,House,2.0,145.0,2024-11-04,2024-12-26,R 3 172 000,3144000,Sold
L103035,Centurion,House,1.0,127.0,2023-05-05,2023-06-11,"R2,053,000",1955000,Sold
L103879,Lynnwood,House,2.0,206.0,2025-12-20,2026-03-01,R 4 828 000,R 4 828 000.00,Sold
L104562,Brooklyn,Apartment,1.0,70.0,2023-08-20,2023-09-05,"R1,462,000",R 1 431 000.00,Sold
L103038,Groenkloof,House,3.0,236.0,2026-03-22,,5155000,,Withdrawn
L102187,Irene,House,3.0,233.0,2025-07-13,2025-09-26,5414000,"R5,200,000",Sold
L104366,  lynnwood ,Apartment,1.0,69.0,2025-09-14,2025-10-30,1629000,1598000,Sold
L100472,Waterkloof  Ridge,Townhouse,4.0,227.0,2024-03-04,2024-04-23,R 6 076 000.00,"R6,076,000",Sold
L105214,Lynnwood,House,3.0,195.0,2023-11-17,2023-12-19,"R4,040,000","R3,981,000",Sold
L100705,Irene,House,1.0,175.0,2024-07-15,2024-08-28,R 3 218 000,R 3 058 000.00,Sold
L101360,Centurion,House,2.0,122.0,2025-03-22,2025-04-15,2275000,R 2 125 000,Sold
L100217,Waterkloof Ridge,Apartment,1.0,79.0,2024-01-06,2024-02-02,"R1,588,000",R 1 492 000,Sold
L105663,Waterkloof Ridge,House,3.0,249.0,2024-11-17,2024-12-16,"R7,163,000",R 7 085 000,Sold
L102304,Lynnwood,Apartment,1.0,129.0,2024-06-22,,"R3,122,000",,Withdrawn
L103980,Waterkloof,House,2.0,145.0,2023-05-08,2023-05-31,R 3 969 000,R 3 948 000,Sold
L102578,WATERKLOOF RIDGE,Apartment,2.0,93.0,2025-11-20,2025-12-25,R 2 616 000.00,2569000,Sold
L105294,Rooihuiskraal,House,3.0,220.0,2024-02-21,2024-03-09,R 2 830 000.00,2754000,Sold
L104402,  waterkloof ,House,6.0,370.0,2025-02-01,2025-02-24,9413000,"R9,413,000",Sold
L102873,Brooklyn,Apartment,1.0,76.0,2024-02-06,,R 1 481 000,,Withdrawn
L102236,WATERKLOOF RIDGE,Townhouse,2.0,138.0,2024-04-01,2024-05-10,"R4,044,000",R 4 044 000.00,Sold
L103164,Irene,House,2.0,191.0,2026-02-28,2026-05-08,R 4 323 000.00,4058000,Sold
L102516,Waterkloof Ridge,Townhouse,1.0,133.0,2023-07-30,2023-09-02,R 3 575 000,"R3,348,000",Sold
L100926,Groenkloof,House,4.0,246.0,2025-11-21,2026-01-17,"R6,000,000",R 5 978 000.00,Sold
L100088,Groenkloof,House,6.0,391.0,2025-02-08,2025-03-16,"R8,196,000",7939000,Sold
L102876,Brooklyn,Apartment,1.0,144.0,2024-01-01,2024-03-26,2433000,"R2,384,000",Sold
L100324,Bryanston,Apartment,1.0,66.0,2026-01-30,2026-04-04,"R2,053,000",1958000,Sold
L100501,Bryanston,House,3.0,163.0,2023-04-14,2023-06-04,R 4 470 000,R 4 441 000,Sold
L102569,Sandton,Apartment,2.0,115.0,2026-03-28,2026-05-17,"R3,555,000",R 3 304 000.00,Sold
L103950,Lynnwood,House,3.0,226.0,2025-11-11,2025-12-25,"R5,729,000",R 5 597 000,Sold
L100408,Waterkloof Ridge,Apartment,2.0,90.0,2023-11-26,2023-12-19,"R2,431,000",2290000,Sold
L100325,Centurion,House,3.0,230.0,2023-07-28,2023-08-13,R 4 027 000.00,R 3 729 000,Sold
L105275,Rooihuiskraal,House,3.0,225.0,2024-11-08,2024-12-10,"R3,685,000",R 3 649 000.00,Sold
L100534,Waterkloof,House,4.0,,2025-05-03,2025-06-06,"R7,137,000",R 6 790 000.00,Sold
L100132,Irene,Apartment,2.0,73.0,2024-11-13,2025-01-07,R 1 616 000,"R1,616,000",Sold
L100747,Lynnwood,House,4.0,289.0,2023-01-15,2023-03-21,R 5 388 000.00,"R5,380,000",Sold
L101454,Menlo Park,Townhouse,2.0,159.0,2023-06-18,2023-07-09,2654000,"R2,654,000",Sold
L101669,Bryanston,House,4.0,277.0,2023-11-26,2023-12-21,7279000,"R7,053,000",Sold
L105107,Brooklyn,House,4.0,202.0,2025-09-14,2025-10-31,R 4 710 000.00,R 4 623 000.00,Sold
L101046,Groenkloof,House,2.0,170.0,2025-04-20,2025-05-09,3778000,R 3 778 000,Sold
L101049,Brooklyn,House,1.0,112.0,2025-03-20,2025-04-19,R 2 502 000,R 2 410 000.00,Sold
L102966,Menlo Park,House,2.0,135.0,2026-01-31,2026-03-16,R 3 148 000.00,R 3 148 000.00,Sold
L104672,Waterkloof,House,6.0,387.0,2024-05-15,2024-06-14,R 9 712 000.00,"R9,665,000",Sold
L100506,MENLO PARK,Townhouse,2.0,158.0,2026-02-25,2026-04-15,R 3 237 000,"R3,237,000",Sold
L105813,Centurion,Townhouse,1.0,120.0,2025-03-03,2025-04-12,R 2 344 000.00,R 2 282 000,Sold
L105341,Waterkloof,House,6.0,577.0,2024-07-12,,"R13,518,000",,Withdrawn
L101695,Faerie Glen,Apartment,2.0,90.0,2025-08-26,2025-09-06,"R1,611,000",R 1 611 000.00,Sold
L100808,Faerie Glen,House,5.0,403.0,2025-04-30,2025-05-22,7118000,7118000,Sold
L102968,Irene,Townhouse,2.0,97.0,2025-11-16,2025-11-25,"R2,253,000",2142000,Sold
L104385,Sandton,House,2.0,176.0,2025-05-25,2025-06-17,5972000,R 5 972 000,Sold
L102721,Rooihuiskraal,House,3.0,151.0,2023-07-25,2023-08-10,R 1 925 000.00,R 1 793 000.00,Sold
L100622,Sandton,House,2.0,197.0,2025-11-08,2025-12-15,R 6 468 000,R 6 407 000.00,Sold
L102981,Brooklyn,Apartment,1.0,80.0,2023-08-17,2023-09-29,1561000,1522000,Sold
L101942,Lynnwood,Apartment,1.0,103.0,2024-01-27,2024-02-09,1878000,R 1 855 000.00,Sold
L101539,Lynnwood,House,4.0,193.0,2023-06-13,2023-06-23,4288000,4220000,Sold
L104597,Groenkloof,House,1.0,111.0,2023-04-26,2023-06-13,"R2,353,000",R 2 338 000.00,Sold
L102977,Centurion,Townhouse,2.0,145.0,2024-09-26,2024-10-20,"R2,055,000",R 1 984 000,Sold
L100371,Brooklyn,House,1.0,167.0,2024-04-18,2024-05-18,3903000,3808000,Sold
L105286,Rooihuiskraal,Townhouse,2.0,174.0,2024-06-10,2024-08-25,2536000,"R2,536,000",Sold
L102572,Rooihuiskraal,Apartment,1.0,82.0,2023-08-19,2023-10-04,R 1 195 000.00,"R1,170,000",Sold
L103842,Centurion,House,3.0,254.0,2024-06-15,2024-10-11,"R5,097,000",R 5 075 000,Sold
L104753,Faerie Glen Ext,House,2.0,212.0,2023-12-11,2024-03-08,R 4 534 000,"R4,314,000",Sold
L100469,Faerie Glen,Apartment,1.0,105.0,2026-01-19,2026-03-15,"R1,782,000",1733000,Sold
L104687,Lynnwood,Apartment,1.0,77.0,2024-04-14,2024-04-22,R 1 387 000,"R1,337,000",Sold
L100168,Menlo Park,House,5.0,,2025-11-09,,7436000,,Withdrawn
L100755,Brooklyn,House,6.0,476.0,2025-11-20,2025-12-15,"R11,296,000",11296000,Sold
L104006,Faerie Glen,House,4.0,281.0,2026-03-20,2026-04-04,4801000,"R4,592,000",Sold
L100014,Lynnwood,House,3.0,183.0,2024-04-30,2024-06-20,R 4 440 000.00,R 4 315 000,Sold
L104631,Lynnwood,House,2.0,140.0,2023-04-12,2023-05-17,3177000,R 3 103 000.00,Sold
L101966,Centurion,House,3.0,220.0,2025-12-20,,R 3 625 000,,Withdrawn
L100198,Groenkloof,House,3.0,209.0,2024-07-15,,"R4,067,000",,Withdrawn
L101600,Sandton,Townhouse,4.0,214.0,2023-11-19,2024-02-03,R 6 466 000.00,"R6,141,000",Sold
L102925,Irene,House,5.0,379.0,2024-11-15,2025-01-14,8179000,"R7,917,000",Sold
L101027,MENLO PARK,House,5.0,293.0,2025-05-03,2025-06-07,R 6 236 000,R 6 236 000.00,Sold
L103370,Bryanston,Townhouse,3.0,179.0,2026-03-28,2026-04-10,R 4 655 000.00,R 4 427 000.00,Sold
L100491,Centurion,Apartment,2.0,103.0,2024-11-13,2024-12-10,2596000,2596000,Sold
L101533,Centurion,House,4.0,259.0,2023-05-11,2023-05-26,5338000,R 5 111 000,Sold
L102622,Brooklyn,House,4.0,273.0,2024-08-28,2024-09-09,6823000,R 6 591 000.00,Sold
L105374,Centurion,House,6.0,613.0,2025-11-17,2026-01-03,"R11,629,000","R11,629,000",Sold
L103771,Sandton,Apartment,1.0,100.0,2024-11-23,2024-12-16,"R2,939,000","R2,879,000",Sold
L100230,Waterkloof Ridge,Townhouse,2.0,193.0,2026-04-09,2026-05-01,6015000,R 5 899 000.00,Sold
L102138,Rooihuiskraal,Apartment,2.0,126.0,2023-07-27,,1579000,,Withdrawn
L105639,Irene,Townhouse,2.0,166.0,2024-03-07,2024-03-27,R 2 901 000.00,R 2 705 000,Sold
L103297,Faerie Glen,Townhouse,2.0,125.0,2023-04-29,2023-06-15,R 2 159 000.00,"R2,125,000",Sold
L102802,  waterkloof ,House,2.0,190.0,2023-08-13,2023-10-26,"R5,351,000",R 5 119 000.00,Sold
L104819,Faerie Glen,House,5.0,372.0,2025-04-26,2025-06-07,"R6,949,000","R6,526,000",Sold
L101090,Brooklyn,House,3.0,249.0,2024-05-21,2024-06-12,R 6 166 000.00,R 5 789 000.00,Sold
L102025,Lynnwood,House,4.0,287.0,2026-04-14,2026-06-04,R 6 653 000.00,R 6 460 000,Sold
L100893,Waterkloof Ridge,House,5.0,382.0,2025-03-21,2025-04-23,R 12 155 000,"R12,155,000",Sold
L101859,BROOKLYN,Apartment,2.0,91.0,2024-12-26,2025-02-24,"R1,724,000","R1,724,000",Sold
L104904,Centurion,House,4.0,234.0,2024-06-11,2024-07-28,"R4,347,000",R 4 347 000.00,Sold
L103112,Centurion,House,5.0,364.0,2024-05-02,2024-06-01,R 6 742 000.00,"R6,636,000",Sold
L101926,Menlo Park,House,3.0,223.0,2023-08-01,2023-09-17,4237000,R 4 079 000,Sold
L102835,Centurion,House,3.0,219.0,2024-04-27,2024-06-26,R 3 995 000,R 3 995 000,Sold
L104010,Brooklyn,Apartment,3.0,159.0,2025-10-20,2025-11-14,3462000,R 3 334 000.00,Sold
L100017,Waterkloof,Apartment,2.0,148.0,2025-07-16,2025-08-18,4213000,R 3 983 000,Sold
L102775,Menlo Park,House,4.0,259.0,2025-10-26,2025-12-15,6767000,R 6 318 000,Sold
L102886,Waterkloof,House,4.0,292.0,2023-02-10,2023-04-04,"R6,099,000",5756000,Sold
L100812,Sandton,House,6.0,433.0,2024-10-16,2024-11-29,"R12,673,000",12199000,Sold
L103185,Waterkloof,Townhouse,3.0,169.0,2025-02-19,2025-04-17,4307000,R 4 158 000.00,Sold
L103706,Menlo  Park,Apartment,2.0,94.0,2025-06-08,2025-06-21,R 2 380 000,R 2 363 000.00,Sold
L100865,Sandton,House,4.0,326.0,2023-05-18,2023-06-25,R 10 482 000,"R10,197,000",Sold
L100439,Centurion,Apartment,1.0,54.0,2025-04-19,2025-05-08,R 853 000.00,R 848 000.00,Sold
L104151,FAERIE GLEN,Townhouse,3.0,161.0,2024-04-24,2024-06-17,2947000,"R2,900,000",Sold
L100881,Irene,Apartment,1.0,68.0,2025-10-20,2025-11-06,R 1 275 000.00,R 1 251 000,Sold
L101297,Groenkloof,House,6.0,379.0,2023-08-22,2023-09-04,R 7 220 000.00,"R7,037,000",Sold
L105026,Lynnwood,House,4.0,229.0,2025-04-10,2025-04-24,R 4 555 000.00,"R4,316,000",Sold
L102778,Brooklyn,Apartment,1.0,48.0,2024-02-22,2024-03-11,"R1,040,000",969000,Sold
L101897,Brooklyn,House,1.0,149.0,2023-11-15,2023-12-18,R 3 546 000,R 3 446 000,Sold
L102103,Sandton,Apartment,1.0,132.0,2025-10-06,2025-10-15,R 5 038 000.00,4923000,Sold
L102753,Waterkloof,Apartment,3.0,73.0,2023-09-07,,R 1 716 000.00,,Withdrawn
L101047,Rooihuiskraal,House,3.0,220.0,2023-10-19,2023-12-13,3378000,3264000,Sold
L104783,Irene,House,5.0,301.0,2024-05-27,2024-06-30,"R5,983,000","R5,624,000",Sold
L105923,Brooklyn,Apartment,1.0,82.0,2023-06-12,2023-08-10,"R1,747,000",R 1 724 000,Sold
L103365,Menlo Park,House,3.0,223.0,2023-02-03,2023-03-23,R 4 337 000,4271000,Sold
L105801,Irene,House,4.0,370.0,2025-10-07,2025-11-06,R 7 240 000,"R7,066,000",Sold
L100279,Bryanston,House,3.0,152.0,2025-07-18,2025-08-09,4649000,R 4 456 000.00,Sold
L100730,Menlo Park,Apartment,1.0,79.0,2023-10-05,2023-11-06,"R1,433,000",R 1 366 000.00,Sold
L105243,Brooklyn,Apartment,1.0,75.0,2024-09-26,2024-10-18,R 1 461 000.00,"R1,456,000",Sold
L103783,Brooklyn,House,6.0,504.0,2025-12-20,2026-02-01,R 13 339 000.00,R 12 842 000.00,Sold
L104357,Menlo Pk,Apartment,1.0,115.0,2024-07-14,2024-09-08,2510000,R 2 510 000.00,Sold
L103678,Brooklyn,House,3.0,196.0,2023-06-07,2023-07-06,R 4 573 000.00,"R4,385,000",Sold
L102117,Waterkloof,House,4.0,302.0,2024-05-02,2024-06-17,7412000,R 7 099 000,Sold
L104127,  lynnwood ,Townhouse,2.0,155.0,2024-04-08,2024-04-17,3170000,3170000,Sold
L104600,Irene,Apartment,1.0,127.0,2024-08-29,2024-12-01,R 2 585 000,R 2 538 000.00,Sold
L101617,Irene,Apartment,2.0,134.0,2026-02-26,2026-03-20,R 2 616 000.00,R 2 583 000,Sold
L100696,CENTURION,House,3.0,182.0,2025-03-06,2025-04-19,3834000,R 3 753 000.00,Sold
L101559,Bryanston,Townhouse,2.0,137.0,2025-07-20,2025-09-03,R 4 524 000.00,R 4 363 000.00,Sold
L102531,Centurion,House,2.0,174.0,2024-09-12,2024-11-20,"R3,369,000",R 3 081 000,Sold
L101498,Menlo Park,Apartment,1.0,116.0,2023-07-15,2023-08-27,R 2 487 000,2487000,Sold
L103666,Groenkloof,Townhouse,2.0,121.0,2025-09-06,2025-10-23,R 2 985 000.00,2938000,Sold
L100800,Centurion,House,3.0,324.0,2025-02-21,2025-03-07,R 5 962 000.00,R 5 903 000.00,Sold
L101941,Lynnwood,House,2.0,184.0,2023-03-17,2023-06-17,"R3,654,000",R 3 654 000.00,Sold
L105553,Groenkloof,House,6.0,292.0,2025-07-20,2025-08-20,R 7 434 000.00,7434000,Sold
L104447,Faerie Glen,House,5.0,347.0,2026-03-04,2026-03-09,7582000,"R7,460,000",Sold
L100321,Faerie Glen Ext,House,2.0,,2023-01-28,2023-04-05,R 2 301 000,2282000,Sold
L100676,Sandton,House,4.0,234.0,2025-05-19,2025-06-21,R 9 108 000,R 8 474 000.00,Sold
L102535,  irene ,House,2.0,144.0,2024-06-10,2024-07-24,R 2 653 000.00,R 2 603 000,Sold
L101032,Faerie Glen,House,3.0,183.0,2026-03-19,2026-04-02,R 3 133 000.00,R 3 076 000,Sold
L105346,Centurion,Apartment,2.0,63.0,2024-01-21,2024-01-28,R 984 000,R 916 000.00,Sold
L105566,Centurion,House,3.0,200.0,2025-06-11,2025-06-22,3721000,R 3 575 000,Sold
L101199,Centurion,Apartment,,99.0,2024-04-22,2024-07-07,R 1 793 000.00,R 1 777 000,Sold
L104943,Sandton,House,6.0,545.0,2023-01-25,2023-03-05,R 15 074 000,R 15 045 000,Sold
L104339,Bryanston,Apartment,2.0,69.0,2025-08-02,2025-10-08,R 1 883 000,"R1,812,000",Sold
L102259,Lynnwood,Apartment,1.0,78.0,2023-06-01,2023-06-21,R 1 646 000.00,1581000,Sold
L104789,Centurion,House,4.0,251.0,2025-06-15,2025-08-18,"R6,229,000",6062000,Sold
L101921,Brooklyn,House,6.0,658.0,2023-07-01,2023-07-24,R 14 750 000,"R14,344,000",Sold
L100420,Centurion,House,4.0,249.0,2025-05-18,2025-07-09,"R4,881,000",R 4 792 000.00,Sold
L104523,Bryanston,House,6.0,547.0,2025-01-12,2025-01-15,R 13 542 000.00,R 13 189 000,Sold
L100373,Menlo Park,Apartment,2.0,5400.0,2023-01-16,2023-04-24,R 2 584 000.00,2584000,Sold
L105382,Rooihuiskraal,House,4.0,252.0,2024-08-09,2024-09-16,3950000,"R3,783,000",Sold
L105257,Lynnwood,House,5.0,340.0,2025-05-15,2025-07-07,R 9 116 000.00,"R8,585,000",Sold
L102841,Lynnwood,House,3.0,137.0,2024-04-13,2024-05-27,R 3 018 000.00,R 2 950 000.00,Sold
L101545,Lynnwood,House,3.0,227.0,2025-04-24,2025-05-11,"R4,872,000",4870000,Sold
L104387,Groenkloof,Apartment,1.0,93.0,2025-12-23,2026-02-04,1766000,1695000,Sold
L104397,Rooihuiskraal,House,6.0,,2026-02-11,2026-02-24,R 7 829 000.00,R 7 333 000.00,Sold
L104457,  irene ,House,3.0,,2025-07-30,2025-09-13,"R3,281,000","R3,281,000",Sold
L100181,Bryanston,House,2.0,143.0,2024-08-30,2024-09-25,R 4 306 000,R 4 103 000.00,Sold
L101485,Waterkloof,Apartment,2.0,72.0,2023-09-07,2023-10-06,R 1 661 000,"R1,578,000",Sold
L101119,Bryanston,Apartment,2.0,124.0,2023-11-08,2024-01-16,3645000,"R3,435,000",Sold
L102684,Brooklyn,House,4.0,245.0,2023-06-22,2023-09-16,"R5,548,000","R5,548,000",Sold
L103773,Bryanston,House,3.0,282.0,2026-04-18,2026-05-10,"R8,038,000",R 8 038 000.00,Sold
L101839,Centurion,House,,603.0,2025-02-09,2025-03-01,R 12 080 000,"R11,042,000",Sold
L104257,Lynnwood,House,5.0,366.0,2025-12-31,2026-02-21,10813000,10813000,Sold
L101535,Faerie Glen,Townhouse,4.0,175.0,2024-02-01,2024-02-19,R 2 883 000,R 2 817 000.00,Sold
L101328,Brooklyn,House,5.0,445.0,2023-05-25,2023-06-07,"R9,229,000",8946000,Sold
L101209,Lynnwood,Apartment,2.0,112.0,2023-09-05,2023-09-21,R 2 221 000.00,2220000,Sold
L100530,Centurion,House,6.0,480.0,2025-11-23,2025-12-07,"R10,543,000",10363000,Sold
L105628,Waterkloof,House,3.0,205.0,2023-08-26,2023-09-12,"R5,049,000",R 4 963 000.00,Sold
L102534,Sandton,Apartment,1.0,71.0,2025-07-07,2025-08-06,2732000,2589000,Sold
L105022,Bryanston,Townhouse,2.0,171.0,2023-01-13,2023-03-01,R 4 038 000,3915000,Sold
L105524,Brooklyn,Townhouse,2.0,146.0,2023-06-13,2023-07-22,R 2 605 000.00,R 2 530 000,Sold
L105144,Menlo  Park,House,4.0,279.0,2026-02-18,2026-03-26,R 5 871 000.00,R 5 637 000,Sold
L105878,Centurion,House,4.0,331.0,2023-03-04,2023-05-12,R 6 558 000.00,6294000,Sold
L104745,Waterkloof,House,3.0,170.0,2026-01-29,2026-02-23,R 4 833 000,4570000,Sold
L102177,Bryanston,Apartment,2.0,,2025-11-13,2026-01-09,2321000,R 2 145 000.00,Sold
L104716,  menlo park ,House,6.0,401.0,2023-05-23,2023-07-20,R 8 547 000,8110000,Sold
L101221,Groenkloof,House,2.0,158.0,2025-04-10,2025-04-23,"R3,310,000",R 3 270 000,Sold
L104556,Rooihuiskraal,House,2.0,209.0,2026-04-25,2026-06-03,R 4 163 000,"R4,009,000",Sold
L102706,Bryanston,House,3.0,229.0,2025-08-11,2025-10-02,"R6,602,000",R 6 561 000,Sold
L102789,Menlo Park,Apartment,1.0,81.0,2023-03-21,2023-05-15,R 1 764 000,R 1 764 000,Sold
L104215,Groenkloof,Apartment,1.0,62.0,2023-09-28,2023-10-13,944000,924000,Sold
L101103,Bryanston,House,3.0,302.0,2024-04-02,2024-06-02,10027000,"R9,803,000",Sold
L103491,Waterkloof,Townhouse,3.0,205.0,2025-11-29,2026-01-22,"R5,452,000",R 5 127 000,Sold
L105996,Irene,House,5.0,,2026-01-31,2026-02-08,R 6 564 000,R 6 451 000,Sold
L101371,Sandton,Apartment,1.0,,2024-07-16,2024-08-18,R 1 665 000,R 1 595 000.00,Sold
L100015,Brooklyn,House,4.0,224.0,2026-01-08,2026-03-17,"R5,192,000","R5,192,000",Sold
L105936,Brooklyn,Townhouse,2.0,158.0,2025-05-29,2025-07-06,R 4 725 000.00,R 4 610 000,Sold
L101788,Bryanston,House,3.0,201.0,2023-08-30,2023-10-16,7353000,R 7 071 000,Sold
L103113,Centurion,House,2.0,157.0,2024-10-05,2024-11-29,R 2 816 000.00,2715000,Sold
L105984,Centurion,House,5.0,314.0,2024-09-12,2024-11-06,"R6,029,000",R 6 029 000,Sold
L101310,Lynnwood,House,5.0,328.0,2023-01-03,2023-01-24,"R6,927,000",R 6 769 000.00,Sold
L104988,Sandton,House,2.0,191.0,2025-11-23,2025-12-21,6572000,6397000,Sold
L101747,Faerie Glen,Apartment,3.0,95.0,2025-07-30,2025-08-26,R 1 970 000.00,"R1,970,000",Sold
L104084,Faerie  Glen,Apartment,1.0,74.0,2025-06-28,2025-08-17,R 1 241 000,R 1 222 000,Sold
L101963,Groenkloof,Apartment,1.0,80.0,2023-04-05,2023-04-22,R 1 342 000.00,1259000,Sold
L103153,Waterkloof Ridge,Townhouse,2.0,133.0,2024-05-14,2024-07-19,3020000,"R3,012,000",Sold
L101383,Sandton,House,2.0,,2024-11-29,2024-12-18,"R4,524,000",4318000,Sold
L105621,Menlo Park,House,5.0,275.0,2026-01-30,2026-03-06,"R6,822,000",6463000,Sold
L105758,Brooklyn,House,5.0,239.0,2025-03-28,2025-04-11,R 5 997 000,R 5 907 000.00,Sold
L104034,Waterkloof Ridge,Townhouse,2.0,180.0,2025-01-23,2025-02-01,R 4 432 000,R 4 202 000,Sold
L102170,Lynnwood,Townhouse,2.0,214.0,2023-08-25,2023-09-04,R 3 610 000.00,R 3 610 000,Sold
L105080,Groenkloof,Apartment,1.0,75.0,2025-08-18,2025-09-15,"R1,640,000",1616000,Sold
L103513,Sandton,Apartment,1.0,107.0,2026-02-15,,R 3 890 000,,Withdrawn
L101706,Waterkloof Ridge,House,1.0,144.0,2023-09-24,2023-11-14,R 3 891 000,"R3,827,000",Sold
L102998,Sandton,Townhouse,3.0,185.0,2025-12-06,2026-01-14,R 6 259 000.00,"R6,259,000",Sold
L101837,Lynnwood,Apartment,1.0,117.0,2023-12-11,2024-01-30,2175000,R 2 166 000,Sold
L101295,Menlo Pk,Townhouse,2.0,152.0,2024-01-30,2024-03-14,"R2,795,000","R2,751,000",Sold
L101891,ROOIHUISKRAAL,Townhouse,,200.0,2024-07-31,2024-10-07,3392000,R 3 279 000.00,Sold
L102948,Sandton,House,6.0,573.0,2023-11-05,,13431000,,Withdrawn
L104912,MENLO PARK,Apartment,1.0,68.0,2025-01-23,2025-03-20,R 1 312 000,R 1 242 000,Sold
L100586,Groenkloof,House,4.0,268.0,2025-12-26,2026-03-09,6042000,5880000,Sold
L105585,Sandton,Townhouse,2.0,150.0,2025-12-15,2026-01-21,6238000,R 6 196 000.00,Sold
L105250,Lynnwood,House,3.0,188.0,2023-05-22,2023-06-21,"R4,196,000",R 4 097 000.00,Sold
L102759,Faerie Glen,House,5.0,386.0,2025-11-16,2026-01-10,R 7 025 000.00,R 6 241 000.00,Sold
L101002,Waterkloof Ridge,Apartment,1.0,69.0,2024-05-19,,R 1 881 000.00,,Withdrawn
L100008,Waterkloof Ridge,Apartment,1.0,75.0,2024-08-11,2024-09-04,2073000,2041000,Sold
L105409,Bryanston,House,6.0,342.0,2023-08-31,2023-10-08,"R9,478,000","R9,423,000",Sold
L105886,Brooklyn,Townhouse,3.0,90.0,2025-08-14,2025-10-31,"R2,541,000",R 2 424 000.00,Sold
L103740,Groenkloof,House,3.0,162.0,2023-09-03,2023-10-09,R 2 683 000,R 2 414 000.00,Sold
L105318,Lynnwood,Apartment,2.0,102.0,2025-09-19,2025-11-20,R 2 387 000.00,R 2 387 000,Sold
L105049,Sandton,House,3.0,226.0,2026-03-17,2026-05-02,7823000,R 7 823 000.00,Sold
L104625,Irene,Apartment,1.0,108.0,2025-09-10,2025-10-07,R 2 467 000.00,R 2 341 000.00,Sold
L100549,Lynnwood,House,6.0,387.0,2025-06-12,2025-07-22,"R7,747,000",R 7 612 000,Sold
L105324,Waterkloof Ridge,House,3.0,162.0,2025-03-19,2025-06-10,R 4 972 000,R 4 882 000.00,Sold
L100746,Menlo Park,Apartment,2.0,124.0,2024-06-24,2024-07-10,R 2 963 000,R 2 872 000,Sold
L101595,Centurion,Townhouse,2.0,148.0,2023-03-01,2023-03-12,2147000,R 2 079 000.00,Sold
L100426,Brooklyn,House,5.0,359.0,2026-02-02,2026-02-21,"R8,423,000",R 8 202 000,Sold
L100033,Menlo Park,House,2.0,174.0,2026-04-28,2026-05-10,4642000,4443000,Sold
L101832,Lynnwood,House,2.0,148.0,2023-01-02,2023-02-02,"R3,740,000","R3,666,000",Sold
L100044,Bryanston,House,5.0,284.0,2024-12-31,,7548000,,Withdrawn
L105563,Groenkloof,House,3.0,,2025-01-26,,R 4 662 000.00,,Withdrawn
L102611,BRYANSTON,Apartment,1.0,76.0,2023-09-08,2023-11-06,"R1,705,000",1658000,Sold
L101782,Brooklyn,House,2.0,180.0,2024-08-06,2024-08-19,"R4,166,000","R3,984,000",Sold
L103901,Bryanston,House,4.0,255.0,2026-01-04,2026-01-17,R 8 335 000.00,R 8 064 000,Sold
L101161,Centurion,House,3.0,194.0,2023-07-14,2023-09-04,R 3 579 000,R 3 579 000.00,Sold
L104554,Brooklyn,Apartment,3.0,106.0,2024-12-31,2025-02-15,R 2 309 000.00,R 2 309 000.00,Sold
L100977,Lynnwood,House,3.0,175.0,2025-12-05,2026-01-07,"R4,350,000",4350000,Sold
L101448,Irene,House,6.0,318.0,2023-05-16,2023-07-30,R 6 110 000,R 5 841 000.00,Sold
L102683,Irene,Apartment,1.0,75.0,2023-04-28,,R 1 160 000.00,,Withdrawn
L100063,Rooihuiskraal,House,5.0,341.0,2025-01-30,2025-03-18,R 5 348 000.00,5129000,Sold
L104727,Brooklyn,Apartment,2.0,57.0,2024-11-26,2025-02-03,"R1,230,000","R1,185,000",Sold
L102629,Brooklyn,Apartment,,62.0,2023-08-01,2023-09-13,1202000,R 1 174 000.00,Sold
L102351,Bryanston,Townhouse,2.0,134.0,2023-05-24,2023-06-19,R 4 001 000,3744000,Sold
L104834,Menlo Park,House,3.0,249.0,2023-11-15,2023-12-16,R 4 492 000,4298000,Sold
L100683,Lynnwood,Apartment,2.0,76.0,2026-02-23,2026-04-19,R 1 819 000,R 1 819 000,Sold
L100227,Faerie  Glen,House,5.0,321.0,2023-07-23,2023-09-15,5303000,R 5 266 000,Sold
L101496,Bryanston,House,3.0,192.0,2025-08-01,2025-09-24,R 5 471 000.00,R 5 471 000,Sold
L101073,Sandton,House,6.0,455.0,2023-12-20,2024-02-10,"R13,876,000",R 12 953 000.00,Sold
L103866,Irene,House,1.0,137.0,2025-12-10,2026-01-31,R 2 646 000.00,2530000,Sold
L104313,Bryanston,Townhouse,2.0,133.0,2025-06-22,2025-07-23,R 3 510 000,"R3,176,000",Sold
L104890,Brooklyn,House,4.0,251.0,2025-11-15,2026-01-11,6514000,R 6 467 000.00,Sold
L104442,Bryanston,Townhouse,2.0,112.0,2024-10-12,2024-10-24,3252000,R 3 232 000,Sold
L104020,Brooklyn,House,4.0,320.0,2023-07-23,2023-08-17,R 7 466 000,R 7 070 000,Sold
L103607,Brooklyn,House,4.0,262.0,2024-11-06,2024-12-02,"R6,873,000",R 6 181 000.00,Sold
L102154,Irene,Apartment,1.0,65.0,2025-05-29,2025-09-26,R 1 266 000.00,R 1 238 000.00,Sold
L105859,Brooklyn,House,2.0,236.0,2024-05-18,2024-06-11,6688000,R 6 656 000,Sold
L101042,Centurion,House,3.0,217.0,2025-12-04,2026-01-21,R 3 939 000,"R3,930,000",Sold
L103119,Brooklyn,Apartment,1.0,61.0,2025-05-18,2025-07-10,R 1 517 000.00,R 1 479 000,Sold
L104993,Menlo Park,House,3.0,156.0,2026-04-28,,R 3 574 000,,Withdrawn
L102067,Sandton,House,3.0,219.0,2023-06-05,2023-06-21,R 6 851 000.00,6580000,Sold
L102788,Sandton,House,4.0,331.0,2023-05-01,2023-05-16,R 10 344 000.00,R 9 959 000,Sold
L102057,Lynnwood,House,2.0,145.0,2023-10-25,2024-02-11,R 3 119 000.00,2938000,Sold
L105206,Waterkloof,House,3.0,218.0,2023-08-29,2023-09-28,"R5,379,000",5379000,Sold
L103734,Groenkloof,House,4.0,239.0,2024-04-06,2024-05-27,4327000,"R4,327,000",Sold
L102910,Centurion,House,4.0,249.0,2025-09-17,2025-11-30,5164000,"R5,109,000",Sold
L105456,Groenkloof,House,3.0,163.0,2025-08-08,2025-10-08,"R4,799,000",4693000,Sold
L103989,Sandton,House,5.0,396.0,2024-04-08,2024-05-01,R 13 892 000.00,13450000,Sold
L101188,Waterkloof Ridge,House,3.0,246.0,2025-11-22,2025-12-29,6956000,"R6,687,000",Sold
L105853,Brooklyn,Townhouse,2.0,166.0,2024-07-24,2024-08-16,R 4 118 000.00,R 4 015 000,Sold
L101101,  menlo park ,House,4.0,197.0,2024-10-10,2024-12-12,4534000,R 4 449 000.00,Sold
L104815,Waterkloof,House,2.0,104.0,2025-02-07,2025-03-15,R 2 932 000,"R2,878,000",Sold
L103921,Bryanston,House,5.0,386.0,2026-02-03,2026-03-21,10687000,R 10 687 000.00,Sold
L100473,Waterkloof Ridge,Apartment,1.0,94.0,2025-04-09,2025-05-27,3194000,3165000,Sold
L103895,Irene,Apartment,1.0,74.0,2023-01-28,2023-02-15,"R877,000",R 844 000,Sold
L101599,Brooklyn,Apartment,2.0,117.0,2025-02-12,2025-03-12,R 2 398 000.00,"R2,358,000",Sold
L103661,Sandton,Apartment,2.0,92.0,2023-10-09,2023-10-27,R 2 923 000,"R2,896,000",Sold
L100297,Rooihuiskraal,Apartment,1.0,79.0,2023-08-28,2023-10-18,R 1 032 000,"R969,000",Sold
L100303,Faerie Glen,House,2.0,191.0,2025-12-26,2026-01-08,3631000,R 3 536 000.00,Sold
L104945,  rooihuiskraal ,Townhouse,4.0,202.0,2023-06-22,2023-08-21,R 2 884 000,"R2,702,000",Sold
L104845,Brooklyn,Townhouse,1.0,128.0,2024-05-07,2024-05-27,3102000,"R3,083,000",Sold
L104396,Groenkloof,House,5.0,319.0,2023-07-08,2023-07-21,R 7 271 000.00,7271000,Sold
L102053,Bryanston,Apartment,1.0,69.0,2024-03-22,2024-04-05,R 1 742 000,R 1 675 000,Sold
L105152,Lynnwood,House,4.0,207.0,2024-03-27,2024-04-10,R 3 912 000.00,"R3,742,000",Sold
L100655,Menlo Park,House,3.0,200.0,2023-06-24,2023-07-06,"R4,876,000",R 4 496 000,Sold
L103698,Waterkloof,House,,250.0,2024-01-16,2024-01-31,"R6,126,000",R 5 752 000.00,Sold
L105086,Rooihuiskraal,Apartment,3.0,145.0,2025-05-14,2025-06-04,R 2 261 000,2124000,Sold
L101919,Sandton,House,2.0,172.0,2025-10-23,2025-12-08,R 5 355 000.00,"R5,344,000",Sold
L100240,Bryanston,Apartment,1.0,64.0,2025-01-17,2025-02-13,2058000,R 1 911 000,Sold
L104668,Bryanston,House,3.0,169.0,2025-10-21,2025-12-19,"R4,611,000",R 4 599 000.00,Sold
L104703,Menlo Park,Apartment,1.0,78.0,2025-07-01,2025-07-22,R 1 995 000,R 1 920 000,Sold
L105050,Brooklyn,House,2.0,,2024-10-08,2024-10-30,R 3 881 000,"R3,713,000",Sold
L102002,Sandton,House,3.0,215.0,2023-02-05,2023-03-22,R 6 983 000.00,6366000,Sold
L102765,Sandton,House,4.0,258.0,2023-09-27,2023-12-13,R 8 891 000.00,R 8 627 000,Sold
L102024,Lynnwood,House,5.0,427.0,2025-12-12,2026-01-04,R 10 315 000.00,"R9,927,000",Sold
L104930,Rooihuiskraal,House,2.0,139.0,2026-02-07,2026-03-29,R 2 572 000.00,"R2,502,000",Sold
L105444,Sandton,House,4.0,295.0,2023-10-19,2023-10-26,8902000,"R8,902,000",Sold
L104463,Sandton,Apartment,1.0,73.0,2023-09-23,2023-10-21,2238000,R 2 152 000.00,Sold
L100907,Waterkloof Ridge,Apartment,2.0,82.0,2025-05-08,2025-06-05,"R2,548,000",R 2 455 000,Sold
L102519,Groenkloof,House,3.0,202.0,2025-12-26,2026-01-04,"R5,289,000",5289000,Sold
L102476,Waterkloof Ridge,Apartment,1.0,57.0,2023-12-04,2023-12-21,R 1 479 000.00,1404000,Sold
L104141,Faerie Glen,Apartment,1.0,44.0,2025-05-23,2025-07-16,802000,"R788,000",Sold
L105821,Bryanston,House,3.0,,2023-11-11,2023-12-12,R 6 594 000.00,"R6,386,000",Sold
L101370,  waterkloof ridge ,House,3.0,196.0,2023-05-29,2023-06-29,R 5 466 000.00,"R5,290,000",Sold
L102316,Groenkloof,Townhouse,,125.0,2024-08-04,2024-09-06,2564000,R 2 538 000,Sold
L101321,Lynnwood,House,3.0,235.0,2026-03-04,2026-04-07,5040000,"R4,704,000",Sold
L100333,Bryanston,House,3.0,193.0,2024-07-20,2024-08-30,"R6,120,000","R5,792,000",Sold
L103608,Groenkloof,Townhouse,3.0,190.0,2025-04-22,2025-05-10,R 5 073 000.00,5073000,Sold
L105514,Waterkloof Ridge,House,,386.0,2026-02-05,,"R12,096,000",,Withdrawn
L105426,Sandton,Apartment,2.0,156.0,2025-05-08,2025-07-20,R 4 861 000,R 4 861 000,Sold
L102594,Brooklyn,House,4.0,326.0,2024-02-17,,"R6,245,000",,Withdrawn
L105224,Faerie Glen,House,6.0,574.0,2025-02-08,2025-04-08,9794000,9333000,Sold
L105547,Irene,House,3.0,206.0,2023-12-30,2024-03-01,4309000,"R4,302,000",Sold
L103634,Irene,Apartment,1.0,83.0,2024-08-21,2024-11-25,R 1 714 000.00,R 1 709 000,Sold
L101630,Lynnwood,House,3.0,205.0,2024-10-20,2024-11-17,R 4 012 000,3939000,Sold
L105031,Bryanston,House,3.0,262.0,2025-01-08,2025-01-17,"R8,460,000",8460000,Sold
L103256,Waterkloof Ridge,House,3.0,202.0,2023-04-28,2023-06-13,R 5 673 000,R 5 298 000,Sold
L103891,Centurion,House,3.0,200.0,2025-08-19,,"R4,609,000",,Withdrawn
L103077,Irene,Apartment,1.0,90.0,2023-11-16,2024-01-29,R 1 542 000.00,"R1,426,000",Sold
L100247,Lynnwood,Townhouse,2.0,135.0,2026-02-25,2026-03-26,R 3 432 000,3404000,Sold
L100810,Waterkloof,House,2.0,153.0,2025-12-02,2026-02-08,R 3 921 000.00,R 3 854 000.00,Sold
L105533,Menlo Park,Apartment,2.0,123.0,2023-04-03,2023-05-12,R 2 861 000,2812000,Sold
L103307,WATERKLOOF,Townhouse,2.0,153.0,2024-04-08,2024-04-30,3356000,"R3,303,000",Sold
L103710,Bryanston,Apartment,2.0,95.0,2023-01-14,2023-02-02,R 1 908 000.00,R 1 826 000,Sold
L104768,Groenkloof,Apartment,2.0,130.0,2026-03-25,2026-04-19,2547000,2488000,Sold
L104105,Waterkloof Ridge,House,4.0,5400.0,2026-03-01,2026-05-03,R 7 671 000,7534000,Sold
L105922,Centurion,Apartment,1.0,100.0,2024-05-22,2024-06-16,R 1 674 000,1552000,Sold
L102473,Faerie Glen,House,2.0,201.0,2023-05-15,2023-05-30,"R3,609,000","R3,609,000",Sold
L102149,Waterkloof Ridge,House,3.0,273.0,2023-01-20,2023-03-19,R 6 720 000,R 6 451 000.00,Sold
L105614,Irene,Apartment,1.0,82.0,2023-11-15,2023-12-03,R 1 453 000.00,1424000,Sold
L102358,Sandton,Townhouse,5.0,254.0,2026-04-07,2026-05-08,"R9,221,000",R 8 631 000.00,Sold
L101652,Brooklyn,House,5.0,311.0,2024-06-18,2024-08-14,R 7 978 000.00,R 7 846 000,Sold
L102087,MENLO PARK,House,4.0,281.0,2025-05-25,2025-07-12,R 6 707 000.00,R 6 255 000.00,Sold
L101272,Lynnwood,House,4.0,306.0,2025-04-19,2025-06-14,6488000,"R6,302,000",Sold
L103197,Waterkloof Ridge,House,6.0,421.0,2024-02-22,2024-05-09,R 11 073 000,R 10 942 000.00,Sold
L101192,Bryanston,Apartment,,91.0,2025-08-07,,"R2,593,000",,Withdrawn
L100598,Sandton,House,4.0,,2024-07-01,2024-07-28,R 8 552 000,R 8 448 000,Sold
L101760,Menlo Park,House,3.0,186.0,2024-08-09,2024-09-15,R 4 061 000,3909000,Sold
L100315,Menlo Park,House,4.0,319.0,2025-05-19,2025-07-16,"R8,172,000",R 7 731 000.00,Sold
L105500,Groenkloof,House,4.0,208.0,2025-01-08,2025-02-27,R 4 581 000,"R4,417,000",Sold
L102302,Lynnwood,House,5.0,336.0,2024-03-10,2024-04-04,R 6 278 000,R 6 257 000.00,Sold
L100149,Waterkloof,Apartment,2.0,137.0,2024-11-07,2024-12-26,"R3,129,000","R3,129,000",Sold
L101477,Sandton,House,2.0,227.0,2024-02-22,,R 9 262 000.00,,Withdrawn
L105651,Lynnwood,House,4.0,256.0,2025-07-19,2025-08-14,R 5 655 000,"R5,655,000",Sold
L100290,Bryanston,Apartment,1.0,73.0,2024-12-06,2025-02-14,"R1,944,000","R1,926,000",Sold
L100453,Groenkloof,House,,188.0,2023-01-16,2023-03-20,R 3 577 000.00,3577000,Sold
L102348,Waterkloof,House,6.0,458.0,2024-10-14,2024-11-10,11450000,"R11,416,000",Sold
L105829,Rooihuiskraal,House,3.0,213.0,2023-02-07,2023-02-21,R 2 602 000.00,R 2 404 000.00,Sold
L103617,Groenkloof,House,4.0,294.0,2025-01-10,2025-03-16,6435000,R 6 100 000.00,Sold
L104848,WATERKLOOF RIDGE,Apartment,,127.0,2026-04-17,2026-05-12,3002000,2970000,Sold
L105256,IRENE,House,4.0,389.0,2023-07-12,2023-08-26,"R7,925,000",R 7 721 000.00,Sold
L104332,Waterkloof,Apartment,2.0,135.0,2026-01-05,2026-02-09,"R3,006,000",R 3 006 000.00,Sold
L103043,Lynnwood,Apartment,1.0,96.0,2025-10-12,2025-10-22,R 2 123 000,R 2 048 000,Sold
L104599,  lynnwood ,Townhouse,1.0,87.0,2024-11-12,2024-12-09,1626000,"R1,590,000",Sold
L103593,Waterkloof,Apartment,1.0,56.0,2023-02-28,2023-04-18,1426000,"R1,426,000",Sold
L105767,Irene,Apartment,1.0,62.0,2023-05-10,2023-07-09,1149000,R 1 147 000,Sold
L105278,Groenkloof,House,4.0,323.0,2024-06-10,2024-06-19,6784000,6553000,Sold
L103795,Centurion,Apartment,1.0,39.0,2024-02-23,2024-04-23,533000,R 510 000,Sold
L101840,Waterkloof,Apartment,1.0,87.0,2026-03-18,2026-04-29,"R1,793,000",R 1 682 000.00,Sold
L105351,Rooihuiskraal,House,6.0,411.0,2023-04-18,2023-06-04,R 4 795 000.00,R 4 204 000,Sold
L105958,Centurion,Apartment,2.0,129.0,2024-06-24,,"R2,494,000",,Withdrawn
L105672,Menlo Park,House,2.0,147.0,2023-02-04,2023-02-20,"R3,055,000",R 2 910 000.00,Sold
L100932,Lynnwood,Apartment,1.0,81.0,2024-02-22,2024-04-24,R 1 636 000,R 1 631 000.00,Sold
L102229,Centurion,Apartment,1.0,72.0,2023-05-08,2023-05-16,R 1 115 000,"R1,046,000",Sold
L105300,Faerie Glen,House,6.0,538.0,2024-02-21,2024-03-24,"R9,557,000",R 9 458 000,Sold
L103882,Centurion,Apartment,1.0,57.0,2024-06-29,2024-07-22,R 1 269 000,R 1 217 000.00,Sold
L101965,Waterkloof,Apartment,2.0,69.0,2025-06-29,2025-07-18,"R1,710,000","R1,683,000",Sold
L102943,Groenkloof,Apartment,3.0,103.0,2025-06-04,2025-07-04,2137000,R 2 137 000,Sold
L103889,Brooklyn,Townhouse,2.0,,2023-03-12,2023-04-18,"R3,194,000",R 3 001 000,Sold
L102827,Groenkloof,Townhouse,4.0,200.0,2023-11-28,2024-02-05,R 4 427 000,4321000,Sold
L105179,Faerie Glen,Apartment,,152.0,2024-07-01,2024-07-13,R 2 291 000,"R2,291,000",Sold
L104099,Sandton,House,5.0,321.0,2023-02-27,2023-05-20,"R8,541,000",R 8 486 000,Sold
L104169,Lynnwood,House,2.0,194.0,2025-05-08,2025-05-20,4429000,4235000,Sold
L102338,Irene,House,3.0,237.0,2025-04-27,2025-05-16,R 5 621 000,R 5 313 000,Sold
L100349,Waterkloof Ridge,Apartment,1.0,69.0,2026-03-01,2026-03-29,R 1 929 000,1835000,Sold
L101244,Menlo Park,House,1.0,206.0,2024-05-01,2024-05-30,"R3,986,000",R 3 906 000.00,Sold
L103264,Menlo Park,House,5.0,330.0,2023-12-12,2024-01-11,R 5 941 000,R 5 839 000,Sold
L103813,Waterkloof,House,3.0,174.0,2024-05-15,2024-07-10,R 4 348 000.00,R 4 241 000,Sold
L100381,Sandton,Apartment,1.0,56.0,2025-03-05,,"R1,584,000",,Withdrawn
L102576,Centurion,House,1.0,186.0,2026-03-03,2026-04-15,"R3,930,000",R 3 856 000,Sold
L105342,Bryanston,House,1.0,151.0,2025-02-23,2025-03-22,R 4 091 000,R 3 954 000.00,Sold
L104761,Faerie Glen,Apartment,2.0,,2024-11-03,2024-12-11,R 1 286 000.00,R 1 208 000,Sold
L100422,Waterkloof,Apartment,1.0,87.0,2024-07-06,2024-08-05,"R2,611,000",R 2 517 000.00,Sold
L105518,Waterkloof Ridge,House,5.0,325.0,2023-03-14,2023-05-30,7818000,"R7,604,000",Sold
L104374,Irene,Apartment,1.0,100.0,2023-09-02,2023-01-01,1926000,1783000,Sold
L101694,Centurion,House,6.0,736.0,2024-06-15,2024-08-15,R 13 669 000.00,R 13 310 000,Sold
L105482,Menlo Park,House,3.0,229.0,2023-06-26,2023-07-20,R 4 421 000,R 4 149 000,Sold
L105673,Faerie Glen,Apartment,2.0,106.0,2024-12-21,2025-01-30,"R2,040,000","R1,850,000",Sold
L102095,Menlo Park,Apartment,1.0,65.0,2025-01-12,2025-01-26,1156000,R 1 133 000,Sold
L100124,Waterkloof,House,4.0,308.0,2023-09-30,2023-10-23,R 7 023 000.00,"R6,563,000",Sold
L100102,Brooklyn,Apartment,1.0,61.0,2024-12-19,2024-12-28,R 1 382 000,R 1 319 000,Sold
L101507,LYNNWOOD,Apartment,1.0,48.0,2023-06-29,2023-07-25,"R855,000",R 855 000.00,Sold
L104063,Irene,House,3.0,275.0,2025-04-18,2025-08-14,R 5 908 000,R 5 733 000.00,Sold
L104836,Waterkloof,House,4.0,324.0,2025-02-25,2025-03-25,R 9 286 000.00,9286000,Sold
L104543,Faerie Glen,Apartment,1.0,,2025-08-31,2025-10-11,R 1 725 000,R 1 654 000,Sold
L101971,Sandton,House,3.0,219.0,2025-04-21,2025-06-02,R 9 701 000.00,R 9 483 000,Sold
L100486,Lynnwood,House,3.0,190.0,2025-10-14,2025-10-31,R 4 905 000,"R4,905,000",Sold
L105407,Groenkloof,House,3.0,236.0,2023-01-21,2023-03-27,R 3 650 000.00,"R3,476,000",Sold
L102688,Brooklyn,House,2.0,229.0,2025-07-11,2025-08-06,R 5 718 000,R 5 463 000,Sold
L101654,Sandton,House,2.0,203.0,2026-03-05,2026-04-05,8293000,7804000,Sold
L104302,Sandton,Apartment,,52.0,2024-06-21,2024-07-23,"R1,376,000",R 1 262 000,Sold
L104510,Irene,House,6.0,398.0,2025-08-29,2025-09-30,R 8 100 000.00,"R7,809,000",Sold
L100135,Waterkloof,House,4.0,209.0,2026-03-17,2026-04-02,R 7 850 000,R 7 850 000,Sold
L102617,Bryanston,Apartment,2.0,83.0,2023-07-03,,1891000,,Withdrawn
L104280,WATERKLOOF,Apartment,1.0,82.0,2024-02-27,2024-03-02,R 1 970 000,R 1 970 000,Sold
L101163,GROENKLOOF,Apartment,1.0,93.0,2023-08-05,2023-08-11,1612000,1499000,Sold
L101614,Bryanston,House,4.0,259.0,2023-09-26,2023-12-02,"R7,470,000",R 7 290 000.00,Sold
L102845,  irene ,Apartment,1.0,100.0,2026-04-18,2026-05-15,"R1,932,000",1892000,Sold
L105954,LYNNWOOD,Apartment,2.0,91.0,2025-06-18,2025-07-01,R 1 946 000,"R1,938,000",Sold
L100996,  centurion ,Apartment,1.0,52.0,2026-04-02,2026-04-30,"R1,004,000",1004000,Sold
L105432,Centurion,Apartment,2.0,148.0,2025-02-02,2025-03-15,2593000,2534000,Sold
L103296,Rooihuiskraal,House,3.0,183.0,2025-12-02,2026-02-23,R 2 687 000.00,"R2,591,000",Sold
L102465,Centurion,House,6.0,401.0,2025-03-28,2025-05-03,"R9,680,000",R 8 952 000.00,Sold
L101181,Waterkloof Ridge,House,4.0,242.0,2025-02-16,2025-03-29,"R7,619,000",R 7 619 000,Sold
L105082,Lynnwood,House,1.0,160.0,2023-11-07,,R 3 171 000.00,,Withdrawn
L100807,Groenkloof,Townhouse,1.0,117.0,2024-04-26,2024-05-10,2647000,"R2,647,000",Sold
L104139,Rooihuiskraal,House,4.0,287.0,2025-06-22,2025-07-29,5086000,R 4 724 000,Sold
L103611,Menlo Park,Apartment,1.0,72.0,2023-01-27,2023-03-15,R 1 250 000,R 1 217 000.00,Sold
L102412,Lynnwood,Apartment,1.0,67.0,2026-02-21,2026-03-29,R 1 362 000.00,R 1 290 000,Sold
L103728,CENTURION,Apartment,3.0,151.0,2023-08-13,2023-08-31,R 2 201 000,2048000,Sold
L101684,Waterkloof  Ridge,House,3.0,,2024-09-16,2024-11-13,6928000,R 6 783 000,Sold
L104371,Waterkloof Ridge,House,3.0,239.0,2023-07-09,2023-09-06,R 6 495 000.00,R 6 495 000.00,Sold
L104030,Faerie Glen,Apartment,1.0,62.0,2024-11-26,2025-01-05,R 1 051 000.00,"R1,018,000",Sold
L100354,Lynnwood,House,6.0,315.0,2023-02-21,,R 6 687 000,,Withdrawn
L103263,Lynnwood,Apartment,1.0,66.0,2025-11-04,2025-12-25,R 1 249 000.00,"R1,203,000",Sold
L102680,ROOIHUISKRAAL,House,6.0,377.0,2025-11-12,,R 7 693 000.00,,Withdrawn
L102276,Faerie Glen,House,6.0,395.0,2023-05-28,2023-07-07,R 6 236 000.00,"R6,236,000",Sold
L103114,Lynnwood,House,5.0,339.0,2023-07-22,2023-08-22,"R6,383,000",R 6 383 000,Sold
L100144,  lynnwood ,Apartment,1.0,68.0,2024-09-13,2024-10-23,R 1 272 000,1237000,Sold
L100380,Faerie Glen,Apartment,1.0,91.0,2024-08-13,2024-08-29,"R1,614,000","R1,549,000",Sold
L105602,Bryanston,House,5.0,302.0,2023-02-22,2023-04-11,R 8 769 000,R 8 341 000.00,Sold
L101550,Waterkloof Rdg,Townhouse,4.0,320.0,2025-07-23,2025-08-15,"R10,815,000",10567000,Sold
L103477,Sandton,Apartment,3.0,162.0,2026-02-22,2026-03-02,R 5 421 000.00,5001000,Sold
L100121,Centurion,House,6.0,361.0,2023-05-22,2023-07-25,5301000,4952000,Sold
L102646,Centurion,Apartment,1.0,80.0,2025-01-26,2025-02-06,"R1,331,000",R 1 311 000.00,Sold
L100611,Centurion,House,3.0,260.0,2024-04-02,2024-05-24,R 5 386 000,R 5 040 000,Sold
L103105,Centurion,Apartment,2.0,163.0,2023-03-15,2023-05-11,R 2 535 000.00,R 2 535 000,Sold
L102549,BROOKLYN,Apartment,2.0,,2025-01-23,2025-02-24,2206000,R 2 109 000,Sold
L100418,Groenkloof,Apartment,1.0,104.0,2024-04-13,2024-05-02,2369000,"R2,336,000",Sold
L103240,Bryanston,House,3.0,270.0,2024-02-06,2024-02-27,R 6 701 000.00,"R6,701,000",Sold
L102347,  bryanston ,House,2.0,0.0,2024-07-25,2024-09-14,"R4,561,000","R4,372,000",Sold
L101471,Groenkloof,Apartment,1.0,109.0,2026-04-23,2026-05-18,R 2 833 000,"R2,729,000",Sold
L103978,Faerie Glen Ext,House,6.0,,2025-02-20,2025-04-26,"R7,482,000",R 7 054 000.00,Sold
L103555,Rooihuiskraal,House,3.0,212.0,2025-10-20,2025-11-20,R 3 582 000.00,"R3,303,000",Sold
L100555,Brooklyn,House,3.0,260.0,2025-03-18,2025-04-25,"R6,911,000","R6,811,000",Sold
L101129,Sandton,House,2.0,134.0,2024-03-01,,R 4 139 000.00,,Withdrawn
L103947,Waterkloof Ridge,House,3.0,163.0,2024-06-07,2024-08-12,4349000,R 4 244 000.00,Sold
L101421,Faerie Glen,House,2.0,137.0,2025-03-16,2025-07-13,"R2,280,000",R 2 220 000.00,Sold
L101945,  sandton ,House,3.0,189.0,2025-10-04,2025-11-17,R 6 013 000.00,"R5,899,000",Sold
L100248,Menlo Park,Apartment,1.0,91.0,2024-06-23,2024-08-28,R 2 026 000,1993000,Sold
L103904,Menlo Park,Apartment,1.0,80.0,2026-03-19,2026-04-20,1804000,1713000,Sold
L101158,Lynnwood,House,2.0,171.0,2023-03-26,2023-04-16,R 3 390 000.00,3390000,Sold
L105907,Irene,Apartment,3.0,101.0,2024-01-28,2024-02-17,"R1,635,000",R 1 577 000.00,Sold
L105586,Irene,Apartment,3.0,90.0,2026-04-04,2026-05-07,"R1,870,000",R 1 682 000.00,Sold
L100447,Irene,House,4.0,297.0,2025-05-27,,6369000,,Withdrawn
L105509,Irene,House,2.0,152.0,2026-01-31,2026-03-17,R 3 779 000.00,R 3 779 000,Sold
L104773,Lynnwood,Apartment,1.0,70.0,2024-10-11,2024-10-26,R 1 400 000,R 1 332 000,Sold
L101092,Brooklyn,Apartment,2.0,90.0,2024-06-26,2024-08-05,R 1 915 000,1834000,Sold
L102623,Sandton,Apartment,2.0,128.0,2025-04-07,2025-05-15,R 4 370 000.00,4197000,Sold
L104974,Irene,Apartment,2.0,83.0,2024-04-25,2024-05-31,R 1 364 000.00,R 1 339 000.00,Sold
L105043,Lynnwood,House,4.0,249.0,2024-01-02,2024-03-04,"R4,111,000",4111000,Sold
L103130,Lynnwood,House,4.0,246.0,2026-03-05,2026-04-25,R 5 538 000.00,R 5 415 000,Sold
L103688,Irene,House,1.0,166.0,2024-09-08,2024-09-15,R 3 312 000,"R3,276,000",Sold
L102145,Sandton,Apartment,1.0,103.0,2024-11-02,2024-11-30,R 3 642 000.00,3595000,Sold
L105843,Irene,House,3.0,237.0,2025-07-25,2025-10-10,R 5 885 000,"R5,724,000",Sold
L105939,Bryanston,Apartment,1.0,70.0,2026-03-14,2026-05-11,"R2,480,000",R 2 480 000.00,Sold
L101411,Sandton,Apartment,1.0,78.0,2025-10-03,2025-11-12,R 2 485 000,2384000,Sold
L101172,Brooklyn,Apartment,1.0,96.0,2024-05-18,2024-06-05,2284000,R 2 264 000,Sold
L104479,Sandton,Townhouse,1.0,117.0,2023-01-12,2023-02-18,R 3 113 000,"R3,098,000",Sold
L104194,Brooklyn,House,3.0,256.0,2023-02-21,2023-04-06,"R4,918,000","R4,450,000",Sold
L103014,BROOKLYN,Townhouse,3.0,164.0,2024-04-27,,"R3,749,000",,Withdrawn
L100414,Waterkloof,House,4.0,257.0,2023-01-13,2023-05-13,5621000,5389000,Sold
L100752,Brooklyn,Apartment,2.0,115.0,2023-08-11,2023-01-01,R 2 959 000.00,R 2 959 000.00,Sold
L103176,Bryanston,House,3.0,171.0,2026-02-05,2026-03-07,R 5 918 000.00,R 5 918 000.00,Sold
L100794,Waterkloof,Apartment,2.0,94.0,2024-10-23,2024-11-04,"R2,535,000",R 2 356 000.00,Sold
L101876,Brooklyn,Apartment,1.0,60.0,2024-06-13,2024-07-24,R 1 366 000.00,1296000,Sold
L103386,Faerie Glen,Townhouse,3.0,157.0,2024-11-02,2024-12-08,R 3 310 000.00,3296000,Sold
L100654,Bryanston,House,4.0,258.0,2025-09-02,2025-10-15,R 8 244 000,"R8,244,000",Sold
L101400,LYNNWOOD,House,6.0,343.0,2023-03-21,2023-05-12,"R6,201,000",R 6 201 000.00,Sold
L103166,Waterkloof Ridge,Apartment,1.0,73.0,2023-09-28,2023-10-14,1777000,R 1 777 000.00,Sold
L103447,Rooihuiskraal,House,5.0,408.0,2025-06-27,2025-08-02,6478000,6213000,Sold
L103648,Brooklyn,House,4.0,200.0,2023-05-26,2023-07-03,"R4,344,000","R4,232,000",Sold
L102115,Sandton,Townhouse,3.0,216.0,2024-11-18,2024-12-24,R 7 047 000,R 7 033 000.00,Sold
L104149,Lynnwood,Apartment,2.0,95.0,2024-07-14,,R 1 576 000.00,,Withdrawn
L103650,Brooklyn,Apartment,1.0,77.0,2025-08-17,,2030000,,Withdrawn
L102366,Brooklyn,House,3.0,251.0,2025-04-04,2025-05-01,R 5 433 000,"R5,395,000",Sold
L100589,Waterkloof,House,6.0,440.0,2025-03-07,2025-04-05,R 13 031 000.00,R 12 940 000,Sold
L105263,BRYANSTON,House,3.0,270.0,2023-02-25,2023-03-27,6489000,R 6 025 000.00,Sold
L104239,Centurion,House,3.0,,2023-11-28,2023-12-19,"R2,363,000",R 2 277 000.00,Sold
L105009,Lynnwood,Townhouse,2.0,104.0,2025-01-24,2025-03-22,2229000,"R2,171,000",Sold
L105863,Centurion,Apartment,1.0,71.0,2023-08-31,2023-09-22,R 1 248 000,1230000,Sold
L105224,Faerie Glen,House,6.0,574.0,2025-02-08,2025-04-08,9794000,9333000,Sold
L105060,Groenkloof,House,3.0,251.0,2023-05-16,2023-06-29,5232000,5173000,Sold
L103006,Irene,House,3.0,168.0,2026-01-27,2026-02-10,3372000,R 3 177 000,Sold
L105733,Bryanston,House,3.0,185.0,2024-06-18,2024-07-03,R 5 929 000.00,5929000,Sold
L105795,  irene ,Apartment,1.0,,2023-05-15,2023-06-09,1349000,R 1 326 000.00,Sold
L100701,MENLO PARK,Apartment,3.0,183.0,2025-11-28,2025-12-15,R 3 663 000,R 3 503 000.00,Sold
L104284,Bryanston,House,4.0,300.0,2026-02-21,2026-04-01,R 8 355 000.00,R 7 645 000.00,Sold
L103540,Bryanston,Townhouse,2.0,161.0,2026-01-01,2026-02-28,R 4 323 000.00,"R4,167,000",Sold
L105223,Waterkloof Ridge,House,2.0,180.0,2024-02-02,2024-03-20,"R4,873,000",4708000,Sold
L100710,Sandton,House,6.0,596.0,2025-03-03,,R 24 677 000,,Withdrawn
L102787,Faerie Glen,Apartment,1.0,122.0,2023-05-09,2023-06-04,"R1,982,000",R 1 885 000.00,Sold
L100208,Waterkloof  Ridge,House,4.0,219.0,2023-08-20,2023-09-24,5731000,R 5 712 000.00,Sold
L105608,Lynnwood,House,4.0,286.0,2025-04-09,2025-06-25,R 6 346 000.00,6346000,Sold
L102897,Groenkloof,House,2.0,160.0,2025-12-11,2026-01-21,R 4 582 000,R 4 522 000.00,Sold
L100425,Rooihuiskraal,House,5.0,316.0,2025-03-30,2025-05-10,R 5 193 000,R 4 632 000,Sold
L104704,Waterkloof Ridge,House,4.0,243.0,2024-12-20,2025-02-07,R 7 813 000.00,7540000,Sold
L102182,Bryanston,House,4.0,223.0,2024-07-02,2024-07-29,"R5,681,000",5426000,Sold
L105903,Rooihuiskraal,House,3.0,,2025-05-07,2025-06-14,R 2 678 000.00,2678000,Sold
L102641,Rooihuiskraal,Townhouse,4.0,304.0,2023-08-27,2023-09-11,4263000,R 4 057 000,Sold
L104526,Centurion,Townhouse,2.0,171.0,2025-05-30,2025-06-20,2850000,2754000,Sold
L105373,Irene,Townhouse,2.0,155.0,2023-10-01,2023-11-12,"R2,256,000",R 2 256 000,Sold
L100110,Lynnwood,House,1.0,128.0,2025-07-15,2025-09-08,R 2 675 000,2609000,Sold
L103194,Centurion,House,2.0,166.0,2024-06-19,2024-08-06,"R3,817,000",3817000,Sold
L105770,Rooihuiskraal,House,4.0,235.0,2024-05-10,2024-06-20,3181000,R 2 924 000,Sold
L104166,Waterkloof,Townhouse,4.0,227.0,2025-01-14,2025-03-05,R 7 091 000.00,7091000,Sold
L101322,Waterkloof,House,2.0,112.0,2024-12-17,2025-01-07,"R3,237,000",R 3 237 000.00,Sold
L101934,CENTURION,Apartment,1.0,70.0,2023-12-23,2024-01-16,1283000,R 1 213 000,Sold
L104573,Menlo Park,House,2.0,194.0,2024-11-07,,R 3 837 000.00,,Withdrawn
L105195,SANDTON,Apartment,3.0,97.0,2023-12-03,2024-01-11,R 2 713 000,"R2,659,000",Sold
L105128,Sandton,House,,303.0,2024-05-21,2024-06-25,"R9,027,000",8337000,Sold
L103918,Centurion,House,5.0,303.0,2026-02-11,2026-04-01,"R6,682,000",6092000,Sold
L101175,Rooihuiskraal,House,3.0,203.0,2024-07-25,2024-09-25,R 2 906 000,"R2,866,000",Sold
L103674,Rooihuiskraal,House,2.0,164.0,2025-06-03,2025-07-20,R 2 375 000,2320000,Sold
L101745,Centurion,Apartment,2.0,104.0,2023-01-30,2023-02-27,R 1 580 000.00,"R1,554,000",Sold
L103070,Waterkloof,House,2.0,196.0,2023-01-09,2023-02-28,R 5 194 000,R 5 054 000.00,Sold
L103535,Rooihuiskraal,House,2.0,137.0,2024-04-03,2024-04-23,R 2 225 000.00,2094000,Sold
L103693,Faerie Glen,House,5.0,326.0,2025-07-14,2025-08-31,6097000,R 5 887 000,Sold
L104604,Centurion,House,,274.0,2024-02-13,2024-03-14,R 5 694 000,"R5,436,000",Sold
L104678,Waterkloof,House,5.0,298.0,2026-01-26,2026-03-11,9893000,R 9 773 000,Sold
L104724,Waterkloof,Townhouse,4.0,225.0,2023-09-01,2023-12-29,"R6,105,000","R5,865,000",Sold
L103306,Waterkloof,Apartment,2.0,61.0,2023-04-13,2023-05-20,R 1 678 000.00,"R1,678,000",Sold
L101606,Sandton,Apartment,1.0,73.0,2025-01-04,2025-02-09,R 2 000 000,R 2 000 000,Sold
L100437,Faerie Glen,House,3.0,238.0,2026-04-12,2026-04-30,"R3,974,000",3974000,Sold
L102771,  rooihuiskraal ,Townhouse,3.0,152.0,2024-06-08,2024-08-09,"R2,352,000",R 2 255 000.00,Sold
L101862,Sandton,House,5.0,393.0,2024-04-28,2024-06-06,"R11,798,000",11701000,Sold
L104420,Brooklyn,House,3.0,,2023-10-13,2023-11-25,3718000,R 3 590 000,Sold
L103697,Waterkloof,House,5.0,351.0,2025-12-01,2025-12-07,11092000,10746000,Sold
L103616,  menlo park ,House,6.0,458.0,2023-03-28,2023-06-04,9159000,R 8 899 000.00,Sold
L104751,Faerie Glen,House,1.0,113.0,2024-06-11,2024-08-05,1928000,"R1,928,000",Sold
L103047,Centurion,House,4.0,332.0,2023-09-29,2023-11-07,"R5,773,000",R 5 773 000.00,Sold
L100107,Brooklyn,House,6.0,533.0,2024-06-17,2024-07-26,"R12,144,000",11711000,Sold
L102996,Centurion,Apartment,2.0,103.0,2024-07-09,2024-10-14,R 1 740 000,1642000,Sold
L100029,Centurion,House,5.0,366.0,2024-04-20,2024-08-18,7198000,7079000,Sold
L103912,Bryanston,Townhouse,3.0,185.0,2025-09-19,2025-11-06,6112000,R 5 907 000.00,Sold
L102803,Irene,House,4.0,243.0,2024-07-20,2024-08-29,R 4 416 000,4163000,Sold
L101268,Faerie Glen Ext,Townhouse,2.0,155.0,2023-10-07,2023-11-15,"R2,846,000",R 2 781 000,Sold
L103516,Irene,Townhouse,3.0,135.0,2025-08-03,2025-10-02,2840000,R 2 798 000.00,Sold
L103938,Faerie Glen,Apartment,2.0,119.0,2023-10-17,2023-11-08,"R2,401,000",R 2 401 000.00,Sold
L100751,Menlo Park,House,,341.0,2023-08-19,2023-10-03,7569000,7385000,Sold
L103475,Lynnwood,Townhouse,2.0,126.0,2024-03-26,2024-04-14,2548000,R 2 413 000.00,Sold
L100584,Sandton,House,2.0,146.0,2024-11-01,,5435000,,Withdrawn
L100196,Irene,Apartment,2.0,129.0,2023-06-17,,R 2 105 000,,Withdrawn
L102254,Sandton,Apartment,,139.0,2025-11-09,2026-01-24,R 4 041 000,3998000,Sold
L104564,Groenkloof,Apartment,1.0,76.0,2025-04-28,2025-05-13,R 1 502 000,R 1 441 000,Sold
L100964,Sandton,House,6.0,370.0,2025-09-25,2025-10-11,12636000,R 12 179 000,Sold
L102163,Lynnwood,House,,245.0,2024-06-03,,6148000,,Withdrawn
L104362,Centurion,House,2.0,177.0,2025-06-29,,3571000,,Withdrawn
L104072,Lynnwood,House,6.0,394.0,2025-03-22,2025-04-29,R 8 915 000.00,R 8 301 000.00,Sold
L104546,Sandton,Apartment,2.0,80.0,2023-05-09,,"R2,210,000",,Withdrawn
L102252,Menlo Pk,Apartment,1.0,71.0,2025-11-05,2025-11-12,"R1,607,000","R1,582,000",Sold
L104050,Sandton,House,5.0,338.0,2026-04-14,2026-05-31,11532000,"R11,532,000",Sold
L105990,Waterkloof Ridge,Townhouse,2.0,207.0,2023-02-17,2023-03-10,R 5 303 000,R 5 303 000.00,Sold
L105693,  bryanston ,House,5.0,325.0,2023-09-12,2023-10-07,9608000,R 9 000 000,Sold
L104087,Irene,Apartment,1.0,67.0,2025-11-14,2025-11-26,"R1,282,000","R1,238,000",Sold
L101488,Bryanston,House,6.0,371.0,2025-11-07,2025-12-15,R 11 646 000,R 11 209 000.00,Sold
L101912,Sandton,House,4.0,276.0,2023-05-26,2023-07-02,6832000,"R6,659,000",Sold
L105987,Menlo  Park,House,,245.0,2024-02-26,2024-03-10,4935000,4796000,Sold
L101176,Lynnwood,House,,,2024-05-05,2024-07-08,R 3 258 000,3258000,Sold
L100179,CENTURION,House,5.0,358.0,2025-01-16,2025-03-09,7113000,R 6 732 000,Sold
L101509,Centurion,Apartment,2.0,79.0,2026-02-02,2026-03-10,R 1 422 000,"R1,285,000",Sold
L104938,Centurion,House,6.0,387.0,2025-11-18,2026-01-23,R 6 925 000,R 6 535 000,Sold
L103751,Faerie Glen,Townhouse,2.0,177.0,2023-12-03,2023-12-30,R 3 105 000,"R3,105,000",Sold
L102225,  brooklyn ,House,5.0,311.0,2023-03-05,2023-05-10,"R7,281,000",6942000,Sold
L105819,Lynnwood,House,3.0,234.0,2025-02-19,2025-04-16,R 5 801 000,"R5,140,000",Sold
L102245,Groenkloof,House,4.0,262.0,2024-04-13,2024-05-17,R 4 920 000.00,R 4 857 000,Sold
L103626,Bryanston,House,4.0,327.0,2024-03-15,2024-04-11,R 9 476 000.00,R 9 092 000,Sold
L102273,Bryanston,Apartment,2.0,86.0,2023-05-14,2023-05-24,R 1 902 000,R 1 802 000,Sold
L104314,Waterkloof,Apartment,1.0,53.0,2025-04-07,2025-05-12,R 1 523 000,R 1 523 000,Sold
L102941,Brooklyn,House,5.0,267.0,2025-03-01,2025-04-09,R 6 850 000,"R6,485,000",Sold
L102045,Waterkloof,House,3.0,265.0,2025-01-08,2025-01-22,6220000,R 5 868 000.00,Sold
L101225,Bryanston,House,3.0,265.0,2023-06-03,2023-06-30,8198000,8048000,Sold
L100090,GROENKLOOF,House,4.0,402.0,2023-04-13,2023-05-03,R 6 945 000.00,6643000,Sold
L103949,BROOKLYN,House,5.0,328.0,2023-07-26,2023-08-17,R 6 084 000,R 6 084 000.00,Sold
L105982,  bryanston ,House,4.0,208.0,2023-01-20,2023-02-28,R 5 916 000.00,R 5 828 000.00,Sold
L103754,  lynnwood ,Apartment,1.0,74.0,2026-03-12,2026-06-27,R 1 823 000.00,1810000,Sold
L101820,Sandton,Apartment,2.0,69.0,2024-01-14,2024-05-08,R 2 064 000,R 1 863 000,Sold
L103689,Menlo Park,House,4.0,292.0,2025-06-25,2025-08-02,R 6 322 000.00,R 6 247 000,Sold
L101835,Waterkloof Ridge,House,5.0,326.0,2025-10-15,2025-12-11,12343000,"R11,508,000",Sold
L100624,Sandton,House,4.0,242.0,2024-01-16,2024-02-14,"R6,923,000",R 6 749 000.00,Sold
L100069,Lynnwood,House,1.0,174.0,2024-01-22,2024-02-04,R 3 835 000,"R3,800,000",Sold
L101918,Irene,Townhouse,3.0,202.0,2025-06-26,,"R3,857,000",,Withdrawn
L100889,Centurion,Apartment,2.0,91.0,2024-08-06,,"R1,416,000",,Withdrawn
L102505,Waterkloof,House,3.0,207.0,2024-05-09,2024-06-24,R 5 800 000,R 5 800 000.00,Sold
L104634,Centurion,Apartment,2.0,118.0,2024-02-14,2024-03-06,"R1,844,000","R1,829,000",Sold
L103767,Menlo Park,Apartment,2.0,133.0,2024-03-03,2024-04-04,"R2,592,000",2523000,Sold
L102929,Centurion,House,3.0,212.0,2025-04-03,2025-05-15,"R3,938,000","R3,911,000",Sold
L103630,Waterkloof Ridge,Apartment,3.0,146.0,2025-08-23,2025-09-06,R 4 929 000.00,R 4 819 000,Sold
L103784,Faerie Glen,House,3.0,233.0,2024-05-25,2024-08-08,"R4,303,000",R 3 985 000.00,Sold
L103973,Groenkloof,House,3.0,252.0,2023-03-13,,R 5 341 000.00,,Withdrawn
L100877,Menlo Park,House,3.0,229.0,2024-10-23,2024-11-06,"R5,059,000",R 5 004 000,Sold
L101561,Irene,House,5.0,295.0,2023-05-02,2023-05-28,5644000,5289000,Sold
L102764,Waterkloof,House,3.0,217.0,2025-02-06,2025-03-16,R 5 698 000,"R5,649,000",Sold
L100764,Sandton,House,2.0,146.0,2023-02-11,2023-03-26,R 4 456 000,4320000,Sold
L100293,Waterkloof Ridge,Townhouse,2.0,127.0,2024-05-11,2024-06-07,3785000,"R3,425,000",Sold
L102407,Brooklyn,Apartment,1.0,82.0,2023-11-12,2023-12-12,1313000,R 1 313 000,Sold
L101149,Bryanston,Apartment,1.0,67.0,2025-01-08,2025-01-28,1744000,R 1 744 000.00,Sold
L100445,Centurion,House,5.0,329.0,2025-05-11,2025-06-30,R 6 145 000.00,R 5 952 000.00,Sold
L100468,Waterkloof Ridge,Townhouse,2.0,203.0,2024-01-16,2024-02-12,"R5,447,000","R5,207,000",Sold
L101755,Irene,Townhouse,2.0,120.0,2023-08-07,2023-08-23,R 2 196 000.00,"R1,998,000",Sold
L102488,Waterkloof Ridge,Apartment,2.0,102.0,2025-06-08,2025-08-27,R 2 671 000.00,"R2,671,000",Sold
L100432,Centurion,House,3.0,149.0,2025-07-19,2025-10-26,R 2 744 000,R 2 605 000.00,Sold
L104195,Faerie Glen Ext,Townhouse,,159.0,2023-11-13,2023-12-06,R 2 822 000.00,2663000,Sold
L103393,Waterkloof,House,2.0,164.0,2023-07-14,2023-08-09,4374000,"R4,374,000",Sold
L104076,Centurion,Apartment,1.0,55.0,2023-07-26,2023-08-31,R 962 000.00,R 929 000.00,Sold
L105089,Brooklyn,Apartment,2.0,110.0,2023-03-20,2023-05-08,1976000,R 1 976 000.00,Sold
L103541,FAERIE GLEN,Townhouse,1.0,138.0,2026-03-01,2026-03-22,R 2 516 000.00,R 2 516 000,Sold
L105025,Irene,Apartment,2.0,145.0,2025-02-23,2025-03-24,2942000,2876000,Sold
L100577,Irene,Apartment,2.0,79.0,2026-02-15,2026-02-26,1522000,"R1,426,000",Sold
L104961,Groenkloof,House,6.0,418.0,2025-08-14,2025-08-31,R 10 123 000.00,"R9,586,000",Sold
L100245,Bryanston,House,2.0,126.0,2023-08-31,2023-11-02,R 4 535 000.00,"R4,345,000",Sold
L104270,Sandton,Apartment,,71.0,2025-02-27,2025-04-03,"R2,349,000",R 2 349 000.00,Sold
L100367,Centurion,House,4.0,277.0,2025-02-05,2025-02-16,5741000,R 5 602 000,Sold
L104180,Centurion,Apartment,2.0,54.0,2024-01-16,2024-02-01,"R915,000",R 899 000,Sold
L104365,Waterkloof Ridge,House,5.0,268.0,2024-11-25,2024-12-10,7422000,R 7 210 000.00,Sold
L101253,  irene ,Apartment,1.0,64.0,2024-09-23,2024-09-27,"R1,247,000",R 1 219 000.00,Sold
L105607,Irene,House,6.0,448.0,2023-03-26,2023-04-30,9707000,"R9,104,000",Sold
L103217,Waterkloof,Townhouse,2.0,143.0,2024-04-25,2024-05-29,"R3,069,000",R 3 069 000.00,Sold
L104200,Groenkloof,Apartment,2.0,149.0,2026-03-20,2026-05-02,R 3 001 000,R 3 001 000.00,Sold
L104595,Sandton,House,2.0,149.0,2024-03-19,2024-05-25,R 4 595 000,4595000,Sold
L102794,Bryanston,Apartment,1.0,143.0,2024-08-13,2024-08-25,R 4 341 000,"R4,103,000",Sold
L105970,Menlo Park,Apartment,2.0,103.0,2025-05-26,2025-06-10,R 2 242 000.00,R 2 152 000,Sold
L102676,Lynnwood,Apartment,1.0,67.0,2023-01-28,2023-02-24,R 1 019 000.00,R 958 000,Sold
L102847,Waterkloof,Apartment,1.0,80.0,2024-10-01,2024-10-10,R 2 167 000.00,R 2 167 000,Sold
L105988,Sandton,Townhouse,3.0,148.0,2023-09-13,2023-10-11,R 4 627 000.00,R 4 334 000.00,Sold
L100151,Bryanston,Apartment,1.0,79.0,2026-04-23,2026-07-05,2201000,"R2,173,000",Sold
L101033,Sandton,House,2.0,157.0,2024-09-15,2024-12-29,R 4 480 000,R 4 462 000,Sold
L100915,Sandton,Townhouse,4.0,217.0,2024-05-03,,"R6,201,000",,Withdrawn
L104002,Bryanston,House,3.0,199.0,2026-03-16,2026-05-18,"R6,700,000",R 6 512 000,Sold
L101632,Centurion,Townhouse,2.0,174.0,2025-12-20,2026-03-09,"R3,014,000",R 2 843 000.00,Sold
L103838,Rooihuiskraal,Apartment,1.0,51.0,2023-01-02,2023-02-09,594000,573000,Sold
L101420,Centurion,House,3.0,187.0,2023-08-21,2023-09-27,3184000,R 3 151 000,Sold
L104355,Centurion,Apartment,1.0,48.0,2025-09-20,2025-10-25,R 987 000,965000,Sold
L101407,Waterkloof Ridge,Apartment,2.0,76.0,2025-03-25,2025-05-11,R 2 189 000.00,2172000,Sold
L100748,Rooihuiskraal,House,6.0,388.0,2025-02-27,2025-03-20,R 6 031 000,R 5 956 000,Sold
L102882,Faerie Glen,Apartment,2.0,82.0,2023-09-09,2023-10-10,R 1 512 000,1491000,Sold
L101057,Groenkloof,House,3.0,216.0,2025-03-07,2025-05-09,R 4 215 000,4158000,Sold
L101075,Menlo Pk,House,3.0,244.0,2024-10-20,2024-11-15,5833000,R 5 607 000.00,Sold
L104348,Faerie Glen,House,2.0,195.0,2026-03-23,2026-04-22,R 3 367 000,R 3 097 000.00,Sold
L102618,Bryanston,House,3.0,224.0,2024-11-19,2024-12-12,R 6 380 000.00,6063000,Sold
L103856,Rooihuiskraal,Apartment,2.0,91.0,2023-08-21,2023-09-20,"R1,175,000","R1,089,000",Sold
L101487,Lynnwood,House,3.0,218.0,2024-12-06,2024-12-24,R 4 376 000,4096000,Sold
L104417,Waterkloof,House,3.0,296.0,2023-03-01,2023-04-04,R 6 998 000.00,6912000,Sold
L102191,Irene,Apartment,1.0,92.0,2024-10-12,2025-01-06,1605000,1605000,Sold
L100471,Lynnwood,Apartment,1.0,40.0,2026-01-01,2026-01-26,951000,R 925 000.00,Sold
L100879,Irene,House,3.0,155.0,2024-05-17,2024-08-12,R 2 986 000.00,2827000,Sold
L103550,Bryanston,Townhouse,2.0,77.0,2025-07-02,2025-07-21,R 2 413 000,2378000,Sold
L105066,Irene,Townhouse,2.0,143.0,2023-09-01,2023-11-29,2812000,R 2 812 000,Sold
L104264,Centurion,House,3.0,243.0,2023-10-11,2023-11-01,R 3 678 000.00,R 3 647 000.00,Sold
L105779,Waterkloof,Townhouse,3.0,146.0,2024-07-09,2024-07-22,R 4 360 000,R 3 924 000,Sold
L102836,Centurion,Apartment,1.0,45.0,2026-01-07,2026-03-26,R 742 000,734000,Sold
L100896,Brooklyn,Townhouse,1.0,176.0,2024-10-03,2024-11-01,R 4 436 000,"R4,436,000",Sold
L101871,Lynnwood,House,5.0,235.0,2023-12-02,2023-12-10,4203000,R 3 924 000.00,Sold
L100251,Bryanston,House,6.0,586.0,2025-09-21,2025-10-21,16315000,R 16 315 000,Sold
L104323,Waterkloof,Apartment,2.0,126.0,2025-01-28,2025-04-30,"R3,000,000",2954000,Sold
L104266,Lynnwood,House,2.0,122.0,2024-10-23,2024-12-15,R 3 095 000,3095000,Sold
L103830,  lynnwood ,Apartment,1.0,85.0,2024-08-30,2024-09-29,R 1 563 000,R 1 542 000,Sold
L104275,Waterkloof,House,4.0,295.0,2026-03-29,2026-06-13,R 10 148 000,R 9 549 000.00,Sold
L104093,Groenkloof,Apartment,1.0,87.0,2026-04-21,2026-05-11,1722000,R 1 571 000.00,Sold
L103309,Waterkloof,Apartment,1.0,51.0,2024-02-10,2024-02-17,"R1,222,000",R 1 199 000.00,Sold
L100292,Sandton,Townhouse,3.0,252.0,2023-05-08,2023-06-12,8670000,8426000,Sold
L102432,Irene,Townhouse,3.0,174.0,2025-12-12,2026-01-20,R 3 589 000.00,R 3 385 000,Sold
L104814,Lynnwood,House,4.0,297.0,2025-09-28,2025-10-21,R 6 654 000,"R6,303,000",Sold
L101789,Waterkloof,House,3.0,244.0,2025-01-29,2025-02-10,6128000,"R6,000,000",Sold
L101097,Bryanston,House,2.0,206.0,2023-04-10,2023-05-14,"R5,511,000",5511000,Sold
L101643,Groenkloof,Apartment,,77.0,2023-12-04,2024-03-05,R 1 299 000,R 1 292 000.00,Sold
L102518,Faerie Glen Ext,Apartment,2.0,117.0,2025-03-28,2025-05-09,"R2,103,000",R 2 003 000,Sold
L105498,Waterkloof,House,5.0,339.0,2025-11-29,2025-12-14,"R10,667,000",10519000,Sold
L104817,Faerie Glen,Apartment,2.0,106.0,2024-04-05,2024-05-05,"R1,552,000",R 1 488 000.00,Sold
L101670,Brooklyn,Townhouse,3.0,213.0,2025-02-09,2025-03-09,"R4,984,000",R 4 766 000,Sold
L104125,Groenkloof,House,3.0,195.0,2025-07-04,2025-08-02,R 5 036 000.00,"R4,935,000",Sold
L104840,Bryanston,Apartment,2.0,111.0,2023-08-13,2023-09-17,R 2 880 000.00,"R2,727,000",Sold
L105649,Groenkloof,Apartment,1.0,60.0,2024-08-06,2024-08-31,1143000,"R1,115,000",Sold
L102952,Waterkloof Ridge,House,3.0,287.0,2023-03-06,,8673000,,Withdrawn
L103403,Sandton,House,3.0,224.0,2024-01-07,2024-03-07,R 8 113 000.00,"R8,110,000",Sold
L104791,Waterkloof,Apartment,1.0,146.0,2023-09-24,2023-10-19,3217000,"R3,073,000",Sold
L100613,Sandton,House,3.0,247.0,2024-01-24,,R 8 457 000.00,,Withdrawn
L104626,Bryanston,House,5.0,293.0,2023-09-07,2023-09-29,R 8 333 000,R 8 244 000,Sold
L102691,Menlo Park,House,3.0,193.0,2025-10-27,2025-11-19,R 5 285 000.00,R 5 245 000.00,Sold
L102862,Menlo Park,Apartment,,139.0,2025-10-01,2025-12-18,"R2,966,000",2808000,Sold
L104512,Bryanston,House,4.0,252.0,2025-09-08,2025-09-19,R 7 680 000,"R7,223,000",Sold
L105512,Lynnwood,Apartment,2.0,94.0,2023-03-14,2023-05-02,R 1 730 000,"R1,718,000",Sold
L100505,Rooihuiskraal,House,4.0,202.0,2025-07-12,2025-09-28,R 3 005 000.00,"R2,986,000",Sold
L102758,Centurion,House,3.0,213.0,2024-06-05,2024-06-17,4266000,R 4 168 000.00,Sold
L100272,Waterkloof,Apartment,2.0,67.0,2025-06-02,2025-06-25,R 1 499 000,1499000,Sold
L102226,Centurion,Apartment,1.0,66.0,2026-04-25,2026-05-10,R 1 313 000,R 1 291 000,Sold
L102215,Waterkloof,House,4.0,280.0,2024-02-19,2024-03-26,R 7 101 000,R 7 023 000.00,Sold
L101623,Waterkloof,House,2.0,181.0,2025-03-16,2025-04-24,R 5 518 000,R 5 304 000,Sold
L104504,Waterkloof Ridge,Apartment,2.0,130.0,2026-04-12,2026-04-26,"R4,497,000","R4,398,000",Sold
L105109,Bryanston,House,4.0,0.0,2025-01-15,2025-03-09,"R8,514,000",R 8 514 000.00,Sold
L100106,Lynnwood,Townhouse,3.0,187.0,2023-08-29,2023-10-05,"R4,473,000",4435000,Sold
L101174,Faerie Glen Ext,House,1.0,145.0,2024-05-24,2024-06-06,R 3 086 000,R 3 003 000,Sold
L104563,Bryanston,House,2.0,141.0,2023-08-07,2023-09-08,3765000,3562000,Sold
L100952,Brooklyn,House,4.0,243.0,2024-04-06,2024-04-18,R 5 075 000.00,R 4 952 000.00,Sold
L101194,Bryanston,Apartment,1.0,68.0,2025-11-07,2025-11-26,1646000,1553000,Sold
L103715,BRYANSTON,House,4.0,230.0,2024-01-20,2024-04-20,R 5 741 000.00,5696000,Sold
L105302,Centurion,Townhouse,3.0,185.0,2025-03-24,2025-05-12,"R3,618,000",R 3 549 000.00,Sold
L104728,Irene,Apartment,2.0,73.0,2024-06-12,2024-06-28,"R1,263,000",R 1 219 000.00,Sold
L102417,Faerie Glen,Apartment,1.0,66.0,2024-10-13,2025-01-01,R 1 330 000.00,"R1,300,000",Sold
L101024,CENTURION,House,5.0,426.0,2024-08-08,2024-09-14,R 8 552 000.00,R 8 506 000,Sold
L101867,Groenkloof,House,3.0,171.0,2025-06-20,2025-07-13,R 4 088 000,3981000,Sold
L104700,Sandton,Apartment,3.0,101.0,2023-11-22,2023-12-31,R 2 785 000,2657000,Sold
L100416,Waterkloof Ridge,House,5.0,303.0,2024-08-11,2024-11-19,8641000,R 8 265 000,Sold
L103933,Waterkloof,House,3.0,190.0,2024-05-27,2024-07-10,5325000,"R4,987,000",Sold
L105778,Centurion,House,4.0,283.0,2024-11-14,2025-02-03,5866000,5727000,Sold
L105846,Sandton,Apartment,2.0,142.0,2023-01-31,2023-03-08,"R4,069,000",R 4 069 000,Sold
L100564,Centurion,House,6.0,426.0,2025-03-22,2025-04-28,8336000,R 8 013 000,Sold
L100478,Centurion,House,5.0,340.0,2023-05-15,2023-07-04,"R6,772,000","R6,726,000",Sold
L105748,Sandton,House,2.0,118.0,2023-09-15,2023-10-09,R 3 553 000.00,R 3 389 000,Sold
L100142,Sandton,House,3.0,174.0,2025-05-21,,"R5,301,000",,Withdrawn
L101323,Rooihuiskraal,Townhouse,2.0,178.0,2024-01-31,2024-05-30,R 2 985 000.00,R 2 786 000.00,Sold
L101223,Centurion,House,5.0,369.0,2023-08-26,,R 7 461 000,,Withdrawn
L102268,Centurion,Apartment,1.0,75.0,2023-08-08,2023-09-17,R 1 272 000.00,"R1,188,000",Sold
L103008,Waterkloof,Apartment,1.0,97.0,2023-02-01,2023-02-19,R 2 352 000,"R2,192,000",Sold
L100605,Rooihuiskraal,House,3.0,223.0,2025-12-03,2026-02-11,"R3,700,000",3598000,Sold
L102860,Lynnwood,House,6.0,558.0,2024-08-04,2024-11-02,12752000,R 12 357 000,Sold
L104770,Centurion,House,3.0,,2024-03-09,2024-04-26,R 2 992 000.00,"R2,970,000",Sold
L103075,Sandton,House,6.0,356.0,2026-01-01,2026-02-10,R 11 521 000.00,R 11 472 000.00,Sold
L100497,Irene,House,6.0,413.0,2024-10-03,2024-11-19,R 7 222 000.00,R 7 134 000.00,Sold
L103519,Rooihuiskraal,House,4.0,221.0,2024-05-25,2024-06-18,R 3 787 000,R 3 658 000,Sold
L102209,Waterkloof Ridge,Townhouse,1.0,101.0,2024-03-17,2024-05-11,"R2,890,000",R 2 890 000,Sold
L104730,Menlo Park,House,,485.0,2024-09-07,2024-10-05,11156000,"R11,156,000",Sold
L102820,Brooklyn,House,,371.0,2026-01-30,2026-03-09,"R10,287,000",R 10 287 000.00,Sold
L100721,Lynnwood,House,5.0,332.0,2023-03-05,2023-04-01,R 6 065 000.00,6065000,Sold
L101183,Groenkloof,House,4.0,241.0,2025-11-24,2026-02-11,R 7 146 000,6788000,Sold
L101025,Brooklyn,House,4.0,264.0,2023-11-10,2023-12-12,5681000,R 5 575 000,Sold
L102378,Waterkloof Ridge,House,6.0,375.0,2025-06-08,2025-07-13,"R11,154,000",R 11 154 000,Sold
L102525,Groenkloof,Apartment,1.0,102.0,2023-10-01,2023-10-22,"R1,559,000",1485000,Sold
L102881,Waterkloof Ridge,Townhouse,3.0,192.0,2025-08-04,2025-10-06,"R6,120,000","R5,666,000",Sold
L103470,Lynnwood,Apartment,1.0,121.0,2023-04-20,2023-05-18,2245000,2211000,Sold
L104304,Waterkloof,Apartment,2.0,85.0,2023-12-26,2024-01-13,1668000,"R1,668,000",Sold
L102244,Menlo Park,Townhouse,2.0,147.0,2023-08-02,2023-08-10,"R2,471,000",R 2 471 000.00,Sold
L105467,Waterkloof Ridge,House,4.0,285.0,2025-06-19,2025-07-11,R 7 446 000.00,R 7 128 000,Sold
L101770,Irene,House,,189.0,2023-03-16,2023-05-30,3868000,R 3 868 000,Sold
L105469,Waterkloof Ridge,Apartment,2.0,80.0,2025-03-29,2025-05-30,"R2,092,000",R 2 009 000,Sold
L102742,Groenkloof,House,4.0,279.0,2025-12-02,2025-12-17,"R6,268,000",R 6 221 000.00,Sold
L103857,Lynnwood,Apartment,1.0,71.0,2025-05-07,2025-06-19,1627000,R 1 546 000.00,Sold
L101869,Bryanston,Apartment,1.0,101.0,2026-04-20,,R 3 528 000,,Withdrawn
L100336,Waterkloof Ridge,House,4.0,212.0,2025-02-01,2025-03-04,R 6 177 000,R 5 943 000.00,Sold
L105357,Lynnwood,Townhouse,2.0,127.0,2023-06-05,2023-07-07,2216000,"R2,088,000",Sold
L104855,Sandton,House,4.0,183.0,2023-06-01,,"R5,306,000",,Withdrawn
L104319,Lynnwood,House,3.0,215.0,2026-02-24,2026-04-16,R 4 162 000,R 3 933 000.00,Sold
L103914,Lynnwood,House,4.0,223.0,2023-10-02,,5513000,,Withdrawn
L102970,Lynnwood,Apartment,2.0,111.0,2025-01-07,,"R2,151,000",,Withdrawn
L102104,Irene,Apartment,1.0,84.0,2023-08-26,2023-09-28,"R1,252,000",R 1 142 000,Sold
L101480,Lynnwood,House,1.0,139.0,2025-09-10,2025-11-21,R 3 087 000,3077000,Sold
L105689,Bryanston,Apartment,2.0,72.0,2023-02-16,2023-05-05,"R1,708,000",R 1 667 000,Sold
L102707,Brooklyn,House,2.0,178.0,2025-06-13,2025-07-04,R 4 999 000.00,"R4,833,000",Sold
L100724,Waterkloof Ridge,House,4.0,361.0,2023-01-08,2023-03-12,R 8 800 000.00,"R8,408,000",Sold
L100765,Waterkloof,Apartment,1.0,102.0,2025-07-31,2025-08-16,"R2,360,000",R 2 229 000,Sold
L100286,Waterkloof,House,5.0,414.0,2023-03-07,2023-03-14,R 13 053 000,R 12 809 000,Sold
L105900,Bryanston,House,5.0,304.0,2023-08-08,2023-09-04,7120000,6838000,Sold
L100307,Centurion,Apartment,1.0,64.0,2024-09-29,2024-11-02,R 1 245 000,1184000,Sold
L104431,Sandton,Apartment,1.0,96.0,2024-01-26,2024-05-12,R 2 668 000,"R2,534,000",Sold
L104755,Faerie Glen,House,3.0,231.0,2025-01-18,2025-03-04,4167000,R 4 125 000.00,Sold
L104874,Faerie Glen,Townhouse,3.0,178.0,2025-06-30,2025-08-09,R 3 364 000,R 3 116 000.00,Sold
L105541,Faerie Glen,House,3.0,234.0,2023-12-03,2024-01-29,3513000,"R3,245,000",Sold
L101888,Bryanston,Apartment,2.0,126.0,2023-11-25,2023-12-31,R 3 245 000,R 3 245 000.00,Sold
L103250,Sandton,House,5.0,305.0,2023-12-28,2024-01-27,R 10 049 000.00,"R9,961,000",Sold
L105182,Waterkloof,Apartment,2.0,97.0,2024-06-15,2024-07-26,R 2 173 000.00,"R2,131,000",Sold
L101609,Lynnwood,Townhouse,3.0,115.0,2025-02-11,,R 2 059 000,,Withdrawn
L100071,Lynnwood,House,4.0,253.0,2025-11-20,2025-12-22,"R6,541,000","R6,476,000",Sold
L105125,Waterkloof,House,3.0,261.0,2026-04-27,2026-05-19,R 8 449 000.00,R 8 343 000.00,Sold
L100711,Centurion,Apartment,1.0,99.0,2024-06-04,2024-08-02,1593000,"R1,462,000",Sold
L103859,Waterkloof,House,3.0,255.0,2024-12-15,2025-01-18,"R7,321,000",6937000,Sold
L101020,Bryanston,Townhouse,2.0,150.0,2026-02-20,2026-03-13,3352000,R 3 181 000,Sold
L101893,Waterkloof,House,4.0,221.0,2023-11-21,2023-12-27,R 5 450 000.00,R 5 276 000,Sold
L103206,Waterkloof,Apartment,2.0,150.0,2023-09-02,,3731000,,Withdrawn
L105497,Brooklyn,Townhouse,3.0,195.0,2026-03-09,2026-03-26,5474000,R 5 451 000.00,Sold
L100737,Brooklyn,Apartment,1.0,76.0,2024-10-20,2024-12-01,R 1 621 000.00,"R1,611,000",Sold
L103102,Sandton,House,4.0,267.0,2024-01-21,2024-03-18,"R7,672,000",R 7 527 000.00,Sold
L105210,Lynnwood,Apartment,2.0,129.0,2025-06-21,2025-07-08,"R2,834,000",R 2 834 000.00,Sold
L101544,Lynnwood,Apartment,1.0,131.0,2023-10-16,2023-12-09,2579000,"R2,464,000",Sold
L105677,Irene,Townhouse,2.0,139.0,2024-10-02,2024-11-19,"R2,440,000",R 2 380 000.00,Sold
L101242,Menlo Park,Apartment,1.0,90.0,2025-08-05,2025-08-12,1590000,"R1,590,000",Sold
L101212,Irene,Apartment,1.0,59.0,2024-11-29,,912000,,Withdrawn
L101095,Lynnwood,House,4.0,326.0,2023-08-31,2023-10-31,6918000,"R6,918,000",Sold
L103532,Lynnwood,Townhouse,2.0,146.0,2023-01-24,2023-02-23,"R2,511,000",R 2 469 000,Sold
L102168,Menlo Park,House,3.0,222.0,2023-03-16,2023-04-05,"R4,336,000",R 4 203 000.00,Sold
L104920,Menlo Park,House,4.0,210.0,2025-11-10,2025-12-08,R 5 057 000.00,R 5 028 000.00,Sold
L102577,Bryanston,House,2.0,183.0,2024-11-20,2025-01-17,R 5 250 000,R 5 049 000,Sold
L104686,Brooklyn,Apartment,3.0,118.0,2023-06-26,2023-01-01,R 2 712 000.00,"R2,712,000",Sold
L100978,  faerie glen ,Apartment,,69.0,2025-10-22,2025-12-24,"R1,154,000",R 1 101 000,Sold
L101219,Waterkloof,House,5.0,363.0,2025-10-27,2025-11-18,R 10 594 000.00,R 10 213 000,Sold
L105205,  waterkloof ,House,5.0,322.0,2024-11-10,,R 9 206 000.00,,Withdrawn
L103659,Waterkloof,House,4.0,219.0,2023-01-11,2023-01-16,5300000,R 5 220 000.00,Sold
L101665,Bryanston,House,2.0,122.0,2023-03-02,2023-04-10,"R3,014,000",2996000,Sold
L105384,Brooklyn,House,3.0,203.0,2025-07-20,2025-08-03,"R5,576,000",5340000,Sold
L100344,Rooihuiskraal,House,4.0,356.0,2023-03-13,2023-04-19,"R4,129,000","R4,077,000",Sold
L102284,Groenkloof,House,6.0,391.0,2025-11-02,2025-11-26,"R7,174,000","R6,612,000",Sold
L100911,Bryanston,Apartment,1.0,70.0,2025-11-30,2026-02-03,R 2 549 000.00,R 2 371 000,Sold
L105867,Centurion,Apartment,2.0,107.0,2023-04-26,2023-05-06,R 1 759 000,R 1 752 000.00,Sold
L100047,Brooklyn,House,2.0,204.0,2023-01-26,2023-02-16,R 4 467 000.00,R 4 246 000.00,Sold
L102456,Irene,Townhouse,2.0,162.0,2023-02-21,2023-06-18,R 3 132 000,R 2 871 000.00,Sold
L105295,Irene,Apartment,2.0,127.0,2025-10-13,2025-11-05,R 2 473 000.00,R 2 411 000,Sold
L100443,Groenkloof,Apartment,1.0,110.0,2024-09-18,2024-11-22,R 2 431 000,R 2 399 000,Sold
L103358,CENTURION,Apartment,1.0,89.0,2025-10-02,2026-01-22,R 1 991 000.00,R 1 896 000,Sold
L104953,Sandton,Apartment,1.0,45.0,2024-07-01,2024-08-29,R 1 458 000.00,"R1,425,000",Sold
L104051,Centurion,House,4.0,233.0,2024-03-25,2024-05-02,R 4 017 000.00,"R4,017,000",Sold
L105711,Faerie Glen,House,4.0,288.0,2025-01-13,2025-03-01,R 6 368 000,"R6,153,000",Sold
L102251,Rooihuiskraal,House,4.0,334.0,2023-08-30,,R 4 369 000.00,,Withdrawn
L103135,Rooihuiskraal,Apartment,2.0,91.0,2023-06-24,2023-07-31,"R1,484,000",R 1 484 000,Sold
L102133,Sandton,Apartment,2.0,128.0,2025-08-07,2025-09-05,R 4 195 000,R 4 090 000,Sold
L102552,Centurion,Apartment,1.0,46.0,2025-01-10,2025-02-23,832000,"R810,000",Sold
L102364,Centurion,Apartment,3.0,115.0,2023-01-02,2023-02-19,"R2,302,000","R2,201,000",Sold
L101055,Centurion,House,,251.0,2023-01-14,2023-01-29,"R3,979,000",R 3 854 000,Sold
L100848,Waterkloof Ridge,House,2.0,119.0,2026-04-05,,R 4 121 000.00,,Withdrawn
L105857,Faerie Glen,House,3.0,252.0,2024-07-10,2024-08-28,"R4,682,000",R 4 629 000,Sold
L103469,Sandton,House,3.0,232.0,2025-10-09,2025-11-27,7679000,"R7,679,000",Sold
L103312,Faerie Glen,House,4.0,226.0,2024-12-18,2025-01-14,R 4 044 000,R 3 991 000,Sold
L105554,Centurion,Apartment,1.0,58.0,2024-03-15,2024-04-03,R 932 000.00,R 932 000,Sold
L105714,Waterkloof Ridge,Apartment,2.0,77.0,2023-06-03,2023-07-25,R 2 003 000,R 1 874 000.00,Sold
L105538,Menlo Park,Apartment,2.0,128.0,2025-07-22,2025-09-10,R 2 621 000,"R2,621,000",Sold
L104486,Rooihuiskraal,House,4.0,295.0,2026-02-16,2026-03-04,4163000,R 4 071 000,Sold
L101112,Irene,Apartment,1.0,70.0,2026-01-28,2026-03-15,R 1 568 000.00,R 1 565 000,Sold
L105059,Waterkloof,House,6.0,357.0,2023-07-06,2023-07-29,R 8 691 000,R 8 616 000,Sold
L100776,IRENE,House,5.0,290.0,2025-06-11,2025-09-15,R 5 869 000,5448000,Sold
L105785,Centurion,House,3.0,214.0,2023-07-28,2023-08-21,R 3 825 000.00,3619000,Sold
L100183,Menlo Park,Apartment,2.0,77.0,2023-10-17,2023-11-28,"R1,318,000",R 1 235 000,Sold
L102199,Centurion,House,6.0,467.0,2024-04-08,2024-04-24,10103000,"R10,068,000",Sold
L104900,Faerie Glen Ext,House,3.0,155.0,2025-08-20,2025-10-07,"R2,996,000","R2,868,000",Sold
L103044,Centurion,House,2.0,179.0,2023-01-30,2023-03-19,3630000,"R3,434,000",Sold
L102132,Sandton,Apartment,1.0,53.0,2023-01-06,2023-02-03,1288000,R 1 248 000.00,Sold
L100734,Waterkloof,House,4.0,,2025-08-09,,5678000,,Withdrawn
L103279,Waterkloof Ridge,Townhouse,3.0,230.0,2023-06-21,2023-06-27,R 7 373 000.00,R 7 242 000.00,Sold
L101168,Bryanston,House,2.0,,2024-05-01,2024-06-23,R 3 299 000.00,"R3,077,000",Sold
L101354,Bryanston,House,5.0,,2023-02-12,2023-03-27,R 7 615 000.00,"R7,286,000",Sold
L103944,Groenkloof,House,1.0,177.0,2024-01-15,2024-02-16,"R3,109,000",R 3 105 000.00,Sold
L102951,Rooihuiskraal,House,3.0,240.0,2024-12-21,2025-02-06,3371000,3371000,Sold
L100485,Lynnwood,Townhouse,2.0,113.0,2024-09-15,2024-10-01,R 2 472 000.00,"R2,472,000",Sold
L104405,Irene,House,1.0,170.0,2025-11-28,2026-01-02,R 3 264 000.00,3121000,Sold
L100452,Centurion,House,3.0,236.0,2024-08-01,2024-09-07,R 3 882 000.00,"R3,792,000",Sold
L105065,Faerie Glen,House,5.0,390.0,2024-12-09,,7244000,,Withdrawn
L101580,Bryanston,House,3.0,235.0,2023-10-23,2023-12-12,"R6,141,000",R 5 811 000.00,Sold
L104681,WATERKLOOF,Apartment,2.0,53.0,2024-12-30,2025-02-19,R 1 365 000,"R1,343,000",Sold
L100030,Centurion,House,3.0,254.0,2024-07-02,2024-09-06,"R4,131,000","R4,131,000",Sold
L100789,Irene,Apartment,1.0,57.0,2023-03-29,2023-04-17,R 933 000,"R901,000",Sold
L103311,Sandton,Apartment,2.0,149.0,2023-08-14,2023-10-26,R 3 353 000,R 3 324 000,Sold
L101344,Sandton,House,4.0,268.0,2024-02-25,2024-04-02,7181000,7026000,Sold
L105281,Brooklyn,Apartment,1.0,69.0,2025-02-19,,1565000,,Withdrawn
L101109,Groenkloof,House,4.0,290.0,2026-02-12,2026-03-19,7298000,R 6 904 000,Sold
L100100,Sandton,Apartment,1.0,44.0,2024-04-07,2024-06-13,1521000,R 1 477 000.00,Sold
L105303,Menlo Park,Apartment,1.0,85.0,2023-05-13,2023-06-25,R 1 486 000.00,"R1,432,000",Sold
L102451,Centurion,House,5.0,371.0,2024-03-06,2024-04-01,6683000,6491000,Sold
L103290,Menlo Park,House,4.0,222.0,2023-07-04,2023-07-29,3524000,3524000,Sold
L102589,Lynnwood,Apartment,2.0,140.0,2023-01-14,,"R2,522,000",,Withdrawn
L105180,Centurion,House,2.0,150.0,2025-03-30,2025-05-19,R 2 854 000,R 2 680 000,Sold
L104092,Bryanston,House,5.0,350.0,2023-01-02,2023-02-14,R 8 256 000.00,"R8,256,000",Sold
L103905,Centurion,Apartment,1.0,73.0,2025-12-30,2026-01-19,R 1 228 000.00,R 1 228 000.00,Sold
L102840,Rooihuiskraal,House,6.0,337.0,2024-12-30,2025-02-01,R 5 873 000,R 5 707 000.00,Sold
L100861,Centurion,Townhouse,3.0,215.0,2023-11-13,2023-12-05,"R3,872,000","R3,710,000",Sold
L103690,Waterkloof,House,5.0,382.0,2024-04-02,2024-04-27,"R10,576,000",R 10 147 000.00,Sold
L100903,Faerie Glen,House,5.0,324.0,2025-10-13,2025-11-20,R 5 556 000.00,5374000,Sold
L102127,Menlo Park,Apartment,1.0,64.0,2026-03-13,2026-04-24,"R1,511,000",R 1 511 000.00,Sold
L100109,Sandton,Apartment,2.0,135.0,2026-01-26,2026-02-10,4028000,3796000,Sold
L103409,Waterkloof Ridge,Apartment,2.0,47.0,2023-05-30,,R 1 241 000,,Withdrawn
L101483,Brooklyn,Apartment,,98.0,2023-07-27,2023-08-04,1764000,1671000,Sold
L105427,Bryanston,House,5.0,279.0,2023-08-13,,R 7 661 000.00,,Withdrawn
L105435,WATERKLOOF RIDGE,House,2.0,156.0,2025-06-19,2025-07-08,R 5 032 000.00,5032000,Sold
L102072,Brooklyn,House,6.0,303.0,2025-10-14,2025-10-22,R 7 421 000.00,7421000,Sold
L102357,Faerie Glen,House,3.0,278.0,2023-10-13,2023-10-29,4530000,4423000,Sold
L104394,Menlo Park,Apartment,2.0,96.0,2023-10-12,2023-10-17,1743000,1723000,Sold
L105981,Faerie  Glen,House,3.0,192.0,2026-01-11,2026-02-12,R 3 491 000,R 3 255 000.00,Sold
L101964,Centurion,House,2.0,195.0,2023-11-10,2024-02-08,3494000,3357000,Sold
L102689,Faerie Glen,Apartment,2.0,59.0,2023-07-10,2023-07-28,R 1 059 000.00,R 1 042 000,Sold
L102980,Irene,House,5.0,303.0,2026-01-03,2026-01-30,R 6 468 000.00,"R6,335,000",Sold
L102447,Lynnwood,Apartment,3.0,110.0,2023-09-18,2023-10-21,2010000,"R2,010,000",Sold
L102809,Groenkloof,Townhouse,2.0,161.0,2023-04-02,2023-07-07,R 3 275 000,R 3 239 000.00,Sold
L102819,Sandton,Townhouse,2.0,144.0,2023-08-29,2023-11-20,"R3,958,000",3958000,Sold
L105747,Sandton,House,2.0,158.0,2024-12-01,2025-02-13,4625000,"R4,255,000",Sold
L104040,Lynnwood,House,3.0,289.0,2025-07-21,2025-09-22,6670000,6263000,Sold
L101094,Irene,Apartment,1.0,65.0,2023-09-21,2023-10-12,"R1,101,000",1011000,Sold
L101121,Waterkloof Ridge,House,5.0,371.0,2023-11-23,2024-01-07,9819000,"R9,682,000",Sold
L103333,Brooklyn,Apartment,2.0,120.0,2024-12-04,2024-12-22,2401000,R 2 385 000,Sold
L101543,Groenkloof,Townhouse,2.0,148.0,2023-11-24,,2485000,,Withdrawn
L100809,Sandton,Apartment,1.0,63.0,2026-02-09,2026-02-25,"R2,118,000",2070000,Sold
L101374,Sandton,House,4.0,275.0,2023-01-20,2023-02-10,R 8 165 000,R 7 942 000,Sold
L101335,Bryanston,Townhouse,2.0,160.0,2025-04-26,2025-06-04,4761000,"R4,490,000",Sold
L105756,Waterkloof Ridge,Townhouse,2.0,205.0,2023-08-15,2023-10-15,5854000,5782000,Sold
L104601,Sandton,Apartment,1.0,136.0,2026-03-09,2026-04-30,4473000,"R4,302,000",Sold
L102673,Lynnwood,House,4.0,266.0,2023-05-18,2023-06-09,5913000,"R5,817,000",Sold
L104679,Bryanston,House,4.0,273.0,2024-06-03,2024-09-04,R 9 033 000,R 9 033 000,Sold
L105762,Centurion,House,5.0,415.0,2024-01-24,2024-04-03,"R8,556,000",R 8 474 000.00,Sold
L102099,Brooklyn,Townhouse,4.0,261.0,2023-03-30,2023-06-09,R 4 736 000.00,R 4 510 000,Sold
L104541,Waterkloof,House,3.0,204.0,2026-01-15,,"R5,367,000",,Withdrawn
L105133,Lynnwood,Townhouse,4.0,260.0,2025-03-19,2025-04-25,"R5,727,000",R 5 727 000,Sold
L100439,Centurion,Apartment,1.0,54.0,2025-04-19,2025-05-08,R 853 000.00,R 848 000.00,Sold
L103703,Centurion,House,2.0,131.0,2024-08-15,2024-10-06,R 2 463 000,R 2 417 000,Sold
L105209,Waterkloof,House,4.0,239.0,2025-12-14,2026-01-03,R 7 396 000,R 7 392 000,Sold
L103133,Waterkloof,Apartment,,70.0,2024-05-27,2024-06-13,R 1 725 000.00,R 1 700 000.00,Sold
L104619,  faerie glen ,Apartment,1.0,94.0,2024-03-27,2024-04-30,R 1 665 000.00,1581000,Sold
L104060,SANDTON,Townhouse,3.0,195.0,2023-04-29,2023-07-04,"R5,847,000",R 5 644 000.00,Sold
L104458,WATERKLOOF,House,1.0,117.0,2023-08-22,2023-09-19,R 3 321 000,R 3 296 000,Sold
L104669,Brooklyn,House,4.0,327.0,2023-03-19,2023-04-18,R 6 960 000,6960000,Sold
L103869,Lynnwood,Townhouse,3.0,185.0,2025-07-15,2025-09-14,R 4 345 000,4321000,Sold
L101745,Centurion,Apartment,2.0,104.0,2023-01-30,2023-02-27,R 1 580 000.00,"R1,554,000",Sold
L103509,Brooklyn,House,3.0,232.0,2023-12-16,2023-12-26,"R5,195,000","R4,885,000",Sold
L101204,Waterkloof,Apartment,2.0,146.0,2023-06-29,2023-07-30,R 3 530 000.00,R 3 530 000,Sold
L105737,Centurion,Apartment,1.0,89.0,2024-10-20,,R 1 456 000.00,,Withdrawn
L103196,  faerie glen ,Apartment,1.0,73.0,2024-06-17,2024-07-02,1134000,R 1 125 000,Sold
L105039,ROOIHUISKRAAL,Apartment,2.0,145.0,2025-01-22,2025-02-14,R 2 249 000.00,"R2,212,000",Sold
L105375,Centurion,House,4.0,282.0,2024-12-10,2025-01-29,R 6 752 000,R 6 364 000.00,Sold
L101520,Brooklyn,House,4.0,278.0,2024-06-23,,R 6 574 000,,Withdrawn
L101743,Sandton,Townhouse,3.0,140.0,2023-05-24,2023-06-23,4696000,R 4 571 000.00,Sold
L100544,Waterkloof Ridge,House,4.0,280.0,2026-01-24,2026-02-09,R 8 766 000,"R8,342,000",Sold
L100518,Waterkloof,House,4.0,206.0,2025-04-19,2025-05-05,5693000,"R5,693,000",Sold
L100829,Brooklyn,Apartment,1.0,58.0,2025-02-04,2025-02-25,R 967 000.00,"R909,000",Sold
L105692,Faerie Glen,House,5.0,318.0,2025-08-02,2025-08-16,R 6 716 000.00,"R6,582,000",Sold
L105012,Groenkloof,Apartment,2.0,127.0,2025-03-09,2025-04-03,R 2 651 000.00,2585000,Sold
L100438,Centurion,Apartment,2.0,134.0,2025-09-18,2025-11-05,"R2,385,000",2354000,Sold
L100627,Waterkloof,Apartment,1.0,85.0,2024-08-10,2024-09-16,R 1 845 000.00,1845000,Sold
L102107,Sandton,Apartment,2.0,87.0,2024-04-10,2024-05-18,R 2 610 000.00,2558000,Sold
L101671,Irene,House,3.0,207.0,2023-06-04,2023-07-16,3169000,"R3,078,000",Sold
L100925,Brooklyn,House,2.0,145.0,2023-06-02,2023-06-09,R 3 329 000.00,"R3,329,000",Sold
L105528,  sandton ,Apartment,1.0,69.0,2025-03-31,2025-04-20,2077000,R 2 035 000,Sold
L105489,Centurion,Apartment,2.0,115.0,2026-02-14,2026-03-08,R 1 790 000.00,"R1,737,000",Sold
L101052,Brooklyn,House,3.0,263.0,2023-04-01,2023-04-24,R 6 018 000.00,"R5,734,000",Sold
L103406,Faerie Glen,House,6.0,401.0,2024-12-30,2025-03-22,R 5 974 000,"R5,786,000",Sold
L102536,Rooihuiskraal,House,2.0,145.0,2023-06-20,,"R2,000,000",,Withdrawn
L101173,Rooihuiskraal,Apartment,1.0,148.0,2023-03-14,2023-04-05,"R1,884,000",R 1 845 000.00,Sold
L103388,Lynnwood,House,2.0,180.0,2026-04-03,2026-06-03,R 4 214 000,R 4 170 000.00,Sold
L102022,Waterkloof,Townhouse,1.0,123.0,2026-03-04,2026-03-27,R 3 536 000.00,"R3,408,000",Sold
L100944,Lynnwood,House,2.0,187.0,2025-05-07,2025-07-12,R 4 151 000,R 3 953 000.00,Sold
L105325,Waterkloof Ridge,House,5.0,273.0,2025-08-18,2025-09-05,R 9 323 000.00,R 9 009 000.00,Sold
L102542,Menlo Park,House,,215.0,2024-12-29,2025-02-21,R 4 940 000.00,4734000,Sold
L100012,Centurion,House,2.0,180.0,2024-09-30,2024-11-22,"R3,791,000",R 3 634 000,Sold
L101117,Rooihuiskraal,Apartment,1.0,65.0,2025-01-06,2025-01-21,R 953 000.00,943000,Sold
L104445,Lynnwood,House,3.0,208.0,2025-11-01,2025-11-20,R 4 097 000,R 4 097 000,Sold
L102662,Lynnwood,Townhouse,2.0,220.0,2025-12-06,2026-01-07,"R4,928,000",4896000,Sold
L104274,Groenkloof,House,4.0,261.0,2024-07-27,2024-08-24,R 6 267 000,5988000,Sold
L100642,Waterkloof,House,3.0,,2024-04-06,2024-05-30,R 5 440 000,"R5,177,000",Sold
L105148,Bryanston,House,3.0,239.0,2023-06-27,2023-07-17,7536000,R 7 500 000.00,Sold
L102526,Sandton,Apartment,1.0,77.0,2024-10-09,2024-11-07,R 2 500 000.00,"R2,495,000",Sold
L104354,BRYANSTON,House,5.0,382.0,2025-05-31,2025-07-10,R 13 637 000.00,13637000,Sold
L105562,Waterkloof Ridge,House,4.0,263.0,2025-10-23,2025-11-20,R 7 574 000.00,R 7 342 000,Sold
L101319,Bryanston,House,4.0,297.0,2023-09-27,,8331000,,Withdrawn
L104758,Waterkloof,Townhouse,2.0,114.0,2023-04-09,2023-04-19,R 2 676 000.00,2589000,Sold
L103558,Irene,House,3.0,183.0,2024-01-19,2024-02-04,3740000,"R3,677,000",Sold
L105593,Waterkloof,Apartment,1.0,57.0,2024-08-10,,"R1,387,000",,Withdrawn
L101554,Brooklyn,Apartment,1.0,53.0,2024-02-21,2024-03-07,"R1,233,000",R 1 197 000.00,Sold
L102093,Groenkloof,Townhouse,1.0,67.0,2025-01-28,,1261000,,Withdrawn
L104857,  centurion ,Apartment,,91.0,2024-04-29,2024-07-05,"R1,830,000",1722000,Sold
L104318,Bryanston,Townhouse,3.0,242.0,2026-04-04,2026-05-03,R 8 185 000.00,"R8,185,000",Sold
L100653,Brooklyn,House,3.0,231.0,2024-12-15,,R 5 071 000,,Withdrawn
L100429,Rooihuiskraal,House,4.0,207.0,2024-08-27,2024-09-21,R 3 133 000,2896000,Sold
L102458,Brooklyn,Apartment,2.0,119.0,2023-04-22,2023-05-23,2215000,R 2 195 000,Sold
L101728,Waterkloof,Apartment,2.0,100.0,2023-06-04,2023-09-06,2355000,"R2,292,000",Sold
L104157,Waterkloof,Apartment,1.0,64.0,2024-06-04,2024-06-29,R 1 533 000.00,R 1 523 000.00,Sold
L105121,Brooklyn,Apartment,,83.0,2024-09-19,2024-10-21,R 1 799 000,R 1 799 000,Sold
L103896,Menlo Park,Apartment,2.0,82.0,2025-12-09,2026-01-27,R 1 799 000.00,R 1 799 000.00,Sold
L101657,Bryanston,Apartment,1.0,74.0,2025-06-21,2025-08-19,R 2 184 000.00,"R2,020,000",Sold
L104320,Bryanston,Apartment,1.0,102.0,2023-06-29,,"R2,499,000",,Withdrawn
L100838,Lynnwood,Townhouse,2.0,163.0,2024-11-28,,3707000,,Withdrawn
L101087,Rooihuiskraal,House,2.0,135.0,2024-10-25,2024-11-30,"R1,801,000",1801000,Sold
L101886,  waterkloof ridge ,House,4.0,277.0,2023-04-06,,R 7 079 000.00,,Withdrawn
L102018,Irene,House,3.0,213.0,2025-01-14,2025-02-27,R 4 173 000,R 4 088 000.00,Sold
L105386,Waterkloof,House,3.0,182.0,2024-01-03,2024-01-31,R 4 929 000.00,R 4 633 000.00,Sold
L101451,Irene,House,5.0,342.0,2023-06-01,2023-06-11,R 5 033 000.00,"R4,942,000",Sold
L105157,  irene ,Apartment,,69.0,2023-05-06,2023-06-04,1074000,1050000,Sold
L100856,Centurion,House,,288.0,2023-12-28,2024-02-02,R 5 930 000,R 5 669 000,Sold
L103265,Brooklyn,Apartment,2.0,87.0,2026-02-19,2026-04-08,R 1 926 000.00,1926000,Sold
L102890,Waterkloof Ridge,Apartment,1.0,85.0,2023-09-03,2023-10-07,R 2 066 000.00,1888000,Sold
L105881,Brooklyn,Apartment,1.0,44.0,2024-11-18,2024-12-13,R 1 028 000.00,R 992 000,Sold
L105789,Lynnwood,House,5.0,363.0,2024-05-19,,R 8 141 000.00,,Withdrawn
L103942,Groenkloof,Apartment,1.0,97.0,2023-05-09,2023-06-10,1919000,"R1,919,000",Sold
L105274,Menlo Park,House,3.0,171.0,2024-12-23,2025-01-28,2732000,R 2 704 000,Sold
L102080,Lynnwood,House,4.0,309.0,2024-04-03,2024-06-05,R 5 161 000.00,R 4 844 000,Sold
L100693,Menlo Pk,Apartment,2.0,100.0,2023-07-05,,R 1 950 000.00,,Withdrawn
L102751,Centurion,House,,211.0,2026-01-07,2026-01-23,R 4 421 000.00,"R4,421,000",Sold
L104088,Waterkloof,House,2.0,196.0,2026-04-09,2026-05-25,R 6 518 000.00,R 6 518 000.00,Sold
L100188,Centurion,Apartment,1.0,72.0,2024-03-03,2024-04-10,1264000,R 1 229 000,Sold
L100287,MENLO PARK,Townhouse,1.0,98.0,2023-07-04,2023-07-28,R 1 935 000.00,R 1 935 000,Sold
L103547,Sandton,Apartment,2.0,73.0,2024-09-27,2024-12-10,R 2 124 000,R 2 070 000.00,Sold
L104649,Lynnwood,House,4.0,353.0,2024-07-12,2024-09-03,R 7 787 000.00,"R7,337,000",Sold
L102850,Menlo Park,House,6.0,392.0,2023-06-06,2023-06-19,"R8,164,000",R 7 949 000.00,Sold
L102937,Waterkloof,House,2.0,151.0,2023-06-28,2023-07-07,R 4 379 000,"R4,373,000",Sold
L103824,Centurion,House,4.0,267.0,2023-07-30,,"R5,127,000",,Withdrawn
L104322,Irene,House,3.0,233.0,2024-09-11,2024-10-17,R 4 863 000,4746000,Sold
L102153,Rooihuiskraal,Townhouse,3.0,172.0,2024-08-20,2024-09-16,R 2 687 000,R 2 517 000,Sold
L102899,Lynnwood,House,4.0,247.0,2023-03-17,2023-05-12,"R5,203,000",R 5 021 000.00,Sold
L102650,Sandton,House,2.0,152.0,2023-06-13,2023-07-08,R 4 853 000,"R4,853,000",Sold
L104949,Centurion,House,4.0,302.0,2024-05-04,2024-07-05,5022000,4953000,Sold
L102233,Sandton,Apartment,1.0,47.0,2024-10-22,2025-01-18,"R1,387,000",R 1 354 000,Sold
L103098,Brooklyn,Apartment,1.0,89.0,2023-11-10,2023-12-06,"R2,036,000",R 2 036 000.00,Sold
L100210,Centurion,House,3.0,240.0,2026-04-09,2026-05-09,R 4 902 000,4799000,Sold
L103319,Menlo Park,House,4.0,260.0,2023-05-28,2023-06-18,"R5,861,000",R 5 709 000.00,Sold
L102926,Centurion,Apartment,2.0,92.0,2025-04-22,2025-04-27,R 1 330 000.00,1318000,Sold
L104685,Menlo Park,House,2.0,165.0,2024-06-09,2024-08-02,"R4,053,000","R3,994,000",Sold
L104368,Waterkloof Ridge,House,5.0,321.0,2023-07-12,2023-10-15,"R9,727,000",R 9 133 000,Sold
L100073,Brooklyn,House,,240.0,2024-09-06,,R 5 743 000.00,,Withdrawn
L103551,Faerie Glen,House,4.0,262.0,2024-03-24,2024-04-30,4012000,4012000,Sold
L102548,Menlo Park,Apartment,2.0,95.0,2023-09-27,2023-11-23,R 1 591 000,R 1 591 000.00,Sold
L102705,Lynnwood,House,4.0,247.0,2025-06-08,2025-07-20,5222000,"R4,934,000",Sold
L102718,Waterkloof,House,3.0,194.0,2024-05-05,,R 5 430 000,,Withdrawn
L103929,  sandton ,House,4.0,266.0,2025-10-18,2025-11-29,R 9 630 000,9374000,Sold
L105425,Centurion,Apartment,1.0,,2026-01-19,2026-03-12,1383000,R 1 368 000.00,Sold
L103589,Brooklyn,House,5.0,256.0,2023-10-30,2023-12-12,5528000,R 5 528 000,Sold
L105702,Waterkloof,House,,154.0,2023-04-02,2023-04-18,3434000,R 3 421 000.00,Sold
L104690,Lynnwood,Apartment,,64.0,2026-01-16,2026-02-16,R 1 245 000,R 1 218 000.00,Sold
L101231,Irene,House,4.0,250.0,2025-08-23,2025-09-16,5062000,R 4 850 000.00,Sold
L103578,Centurion,House,4.0,261.0,2023-12-28,,"R4,350,000",,Withdrawn
L105380,Groenkloof,Apartment,1.0,78.0,2024-07-06,2024-09-09,R 1 663 000.00,"R1,596,000",Sold
L101578,Sandton,House,5.0,381.0,2023-02-10,2023-03-21,"R10,207,000","R10,030,000",Sold
L105983,Menlo Park,House,2.0,192.0,2023-06-28,,R 4 871 000.00,,Withdrawn
L101379,Lynnwood,House,3.0,203.0,2025-02-17,2025-03-24,4793000,R 4 614 000,Sold
L103707,Centurion,Townhouse,2.0,188.0,2024-03-15,2024-04-18,R 3 520 000.00,R 3 458 000.00,Sold
L100113,Irene,Townhouse,2.0,141.0,2024-03-11,2024-03-28,R 2 508 000,"R2,476,000",Sold
L105183,Centurion,Apartment,1.0,119.0,2026-04-08,2026-06-02,"R2,347,000",R 2 271 000.00,Sold
L102223,Groenkloof,Townhouse,1.0,91.0,2023-04-29,2023-05-06,1619000,R 1 608 000.00,Sold
L102042,Centurion,Apartment,1.0,99.0,2025-06-29,2025-07-20,"R1,729,000",1665000,Sold
L103320,WATERKLOOF,Apartment,1.0,93.0,2026-02-12,2026-03-30,R 2 585 000.00,R 2 508 000,Sold
L101433,Groenkloof,House,5.0,369.0,2024-09-25,2024-12-18,R 6 951 000.00,R 6 945 000.00,Sold
L103066,Lynnwood,House,,264.0,2026-04-13,2026-05-28,R 6 689 000.00,R 6 372 000.00,Sold
L103270,Sandton,House,6.0,442.0,2024-08-17,2024-09-04,R 16 752 000.00,15537000,Sold
L104490,Faerie Glen,House,4.0,288.0,2024-01-19,2024-02-22,R 6 072 000.00,R 6 007 000,Sold
L102029,Irene,Apartment,1.0,63.0,2023-10-09,2023-11-23,1166000,"R1,085,000",Sold
L105802,Rooihuiskraal,Apartment,1.0,56.0,2026-04-06,2026-05-09,"R864,000",R 787 000,Sold
L104393,Centurion,Apartment,1.0,86.0,2023-08-20,2023-08-29,1397000,R 1 344 000,Sold
L104419,Faerie Glen,Apartment,1.0,74.0,2023-09-29,2023-11-16,"R1,000,000","R970,000",Sold
L103204,Sandton,House,2.0,219.0,2026-03-21,2026-06-12,R 7 257 000.00,R 6 846 000,Sold
L105314,Menlo Park,House,4.0,289.0,2026-04-28,2026-05-28,R 7 245 000,"R7,186,000",Sold
L104921,Groenkloof,Apartment,1.0,66.0,2025-03-20,2025-05-12,"R1,190,000","R1,166,000",Sold
L100252,Lynnwood,House,3.0,251.0,2026-04-15,2026-05-21,7364000,R 7 065 000,Sold
L104006,Faerie Glen,House,4.0,281.0,2026-03-20,2026-04-04,4801000,"R4,592,000",Sold
L100350,Irene,Apartment,1.0,82.0,2026-01-19,2026-03-03,1973000,1941000,Sold
L102868,Sandton,House,3.0,242.0,2024-12-17,2025-02-05,8283000,R 7 609 000.00,Sold
L104245,  brooklyn ,Apartment,1.0,114.0,2024-05-01,2024-07-16,R 2 872 000.00,R 2 722 000,Sold
L100457,Lynnwood,Apartment,2.0,83.0,2025-11-30,2025-12-04,"R1,750,000",R 1 702 000,Sold
L103315,Waterkloof,Townhouse,6.0,370.0,2024-08-09,2024-08-24,10027000,R 9 330 000.00,Sold
L100479,LYNNWOOD,House,3.0,279.0,2025-07-18,,R 6 172 000.00,,Withdrawn
L101114,Sandton,Apartment,2.0,134.0,2024-01-24,2024-02-22,3715000,R 3 437 000.00,Sold
L100798,Centurion,Apartment,2.0,99.0,2025-05-24,2025-06-22,"R1,733,000","R1,649,000",Sold
L104301,Centurion,Apartment,3.0,119.0,2023-11-28,2023-12-19,R 2 215 000,R 2 171 000.00,Sold
L101916,Centurion,Townhouse,2.0,186.0,2025-09-26,2026-01-24,3867000,"R3,738,000",Sold
L102988,Groenkloof,House,1.0,123.0,2023-11-05,2023-12-08,2442000,2442000,Sold
L100026,Lynnwood,House,3.0,244.0,2024-11-17,2024-11-28,R 5 824 000,R 5 532 000,Sold
L103195,Menlo Park,House,4.0,243.0,2025-09-28,2025-11-04,R 5 388 000,5388000,Sold
L103992,Waterkloof,House,3.0,167.0,2025-01-07,2025-01-29,"R4,481,000",R 4 144 000.00,Sold
L103399,Centurion,Apartment,1.0,78.0,2023-03-16,2023-05-31,R 1 377 000.00,1338000,Sold
L101905,Lynnwood,House,3.0,172.0,2023-10-19,,R 3 312 000,,Withdrawn
L101287,Menlo Park,House,3.0,175.0,2023-12-09,2024-01-22,3631000,3547000,Sold
L101281,Lynnwood,House,5.0,303.0,2024-11-22,,R 7 523 000,,Withdrawn
L104272,Rooihuiskraal,Apartment,1.0,79.0,2024-07-10,2024-08-07,R 962 000.00,"R921,000",Sold
L105972,Faerie Glen,Townhouse,2.0,151.0,2025-05-16,2025-06-25,2575000,R 2 475 000,Sold
L105933,BROOKLYN,Apartment,1.0,50.0,2025-07-28,2025-08-27,R 1 449 000,"R1,449,000",Sold
L104675,Waterkloof Ridge,Apartment,2.0,115.0,2025-10-04,2026-01-10,3565000,R 3 513 000.00,Sold
L104121,Rooihuiskraal,House,4.0,332.0,2023-07-05,2023-08-10,R 5 751 000.00,R 5 609 000,Sold
L105251,Waterkloof,Apartment,2.0,96.0,2023-08-15,2023-08-18,R 2 256 000,R 2 250 000.00,Sold
L105397,Menlo Park,Apartment,1.0,93.0,2024-07-15,2024-07-21,R 1 781 000,R 1 729 000.00,Sold
L102110,Faerie Glen,House,5.0,336.0,2024-08-25,2024-09-19,R 7 280 000.00,R 6 867 000,Sold
L101954,Sandton,Apartment,3.0,103.0,2025-09-22,,3131000,,Withdrawn
L103655,Waterkloof,Apartment,2.0,129.0,2025-03-11,2025-04-11,"R3,401,000",R 3 266 000.00,Sold
L105032,Waterkloof,Townhouse,4.0,319.0,2023-12-20,2024-02-04,7716000,R 7 716 000.00,Sold
L100607,Waterkloof Ridge,House,4.0,292.0,2024-06-29,2024-07-29,"R9,926,000","R9,926,000",Sold
L105696,Waterkloof Ridge,Apartment,2.0,128.0,2026-02-08,2026-04-26,3671000,"R3,671,000",Sold
L104653,Waterkloof Ridge,House,2.0,107.0,2024-01-17,2024-02-11,"R2,915,000",R 2 732 000,Sold
L105716,Bryanston,House,4.0,245.0,2025-08-03,2025-08-14,"R7,822,000",R 7 542 000,Sold
L103691,Irene,House,4.0,236.0,2023-05-25,2023-06-09,4614000,"R4,410,000",Sold
L104862,Brooklyn,House,4.0,189.0,2025-05-22,2025-06-22,"R4,274,000",4185000,Sold
L104947,Rooihuiskraal,Apartment,1.0,75.0,2023-02-09,2023-04-25,"R878,000",R 841 000,Sold
L100393,Centurion,House,1.0,119.0,2023-06-27,2023-08-02,"R2,329,000",R 2 321 000,Sold
L103458,WATERKLOOF,Apartment,1.0,108.0,2023-04-12,2023-04-19,"R2,584,000",2584000,Sold
L100203,Waterkloof Ridge,House,3.0,137.0,2024-05-30,2024-06-14,R 4 298 000.00,R 4 005 000,Sold
L100339,Sandton,Apartment,2.0,94.0,2025-01-14,2025-01-23,"R3,132,000",R 3 019 000.00,Sold
L103749,Groenkloof,House,4.0,302.0,2024-09-29,2024-10-21,R 6 501 000,"R6,365,000",Sold
L100837,Sandton,Apartment,1.0,51.0,2025-02-13,2025-03-06,"R1,574,000",1574000,Sold
L104439,  brooklyn ,House,3.0,239.0,2023-01-17,2023-02-14,5598000,"R5,545,000",Sold
L100387,Sandton,House,3.0,195.0,2024-04-09,2024-05-11,R 7 013 000.00,R 6 860 000,Sold
L101513,Centurion,Apartment,2.0,111.0,2023-10-12,2023-11-13,R 1 617 000,R 1 602 000.00,Sold
L104633,Brooklyn,Apartment,1.0,79.0,2025-01-18,2025-02-25,R 1 429 000,1346000,Sold
L105010,Brooklyn,Apartment,2.0,134.0,2025-10-12,2025-10-31,3343000,3040000,Sold
L104644,Brooklyn,Apartment,1.0,84.0,2025-07-02,,R 2 394 000.00,,Withdrawn
L102633,Centurion,Apartment,2.0,107.0,2024-01-27,2024-02-08,R 1 608 000.00,R 1 608 000.00,Sold
L103956,Sandton,Apartment,1.0,126.0,2025-08-11,2025-09-07,3740000,3645000,Sold
L103563,Groenkloof,Apartment,1.0,127.0,2026-04-12,2026-05-17,2987000,R 2 933 000,Sold
L102144,Brooklyn,Apartment,1.0,73.0,2025-06-16,2025-08-11,R 1 690 000.00,R 1 649 000,Sold
L103107,Centurion,House,3.0,250.0,2026-03-21,2026-05-27,"R5,167,000","R5,167,000",Sold
L103095,Waterkloof,Apartment,1.0,94.0,2023-12-27,2024-01-28,R 2 149 000,2079000,Sold
L103916,Faerie Glen Ext,Apartment,1.0,55.0,2024-03-13,2024-04-14,941000,891000,Sold
L101803,Centurion,House,4.0,237.0,2025-05-30,2025-08-30,"R4,816,000",R 4 689 000.00,Sold
L102846,Brooklyn,Apartment,2.0,85.0,2023-07-13,2023-08-19,R 1 491 000,1491000,Sold
L104771,Lynnwood,House,5.0,339.0,2025-02-18,,R 7 936 000,,Withdrawn
L100677,Faerie  Glen,Townhouse,3.0,173.0,2025-06-01,2025-06-28,R 3 215 000,"R3,001,000",Sold
L101451,Irene,House,5.0,342.0,2023-06-01,2023-06-11,R 5 033 000.00,"R4,942,000",Sold
L105470,Centurion,House,,279.0,2023-11-25,2023-12-26,"R4,753,000",R 4 703 000.00,Sold
L101740,Brooklyn,House,6.0,384.0,2024-10-12,2024-10-18,R 8 579 000.00,R 8 579 000,Sold
L100061,Lynnwood,House,1.0,154.0,2023-08-25,,3155000,,Withdrawn
L101616,Waterkloof,House,6.0,,2024-10-10,2024-12-17,16764000,R 16 659 000,Sold
L101872,Sandton,House,3.0,181.0,2024-02-26,,4957000,,Withdrawn
L104217,Waterkloof,House,2.0,151.0,2024-04-12,2024-04-26,R 4 305 000.00,4032000,Sold
L104692,  centurion ,House,5.0,359.0,2025-01-30,2025-02-22,"R7,369,000",R 7 120 000,Sold
L101807,Lynnwood,House,4.0,,2026-03-05,2026-04-09,R 7 013 000.00,R 7 013 000.00,Sold
L100790,Groenkloof,House,5.0,405.0,2023-08-21,2023-09-09,"R7,574,000",R 7 561 000.00,Sold
L101536,Rooihuiskraal,House,4.0,272.0,2023-12-18,2024-04-16,R 3 928 000.00,R 3 928 000.00,Sold
L103334,Menlo Park,Apartment,1.0,90.0,2024-09-28,2024-12-12,R 2 269 000,R 2 261 000,Sold
L105540,Sandton,Apartment,2.0,134.0,2025-05-09,2025-05-14,"R4,545,000",4364000,Sold
L103238,Menlo Park,Apartment,2.0,98.0,2026-03-31,2026-04-28,"R2,382,000",R 2 258 000.00,Sold
L104899,Rooihuiskraal,House,1.0,81.0,2025-06-06,2025-06-25,1263000,"R1,189,000",Sold
L103317,Waterkloof Ridge,House,6.0,,2025-01-08,2025-02-10,R 14 398 000,R 14 398 000,Sold
L101359,Groenkloof,Apartment,2.0,77.0,2024-11-26,2024-12-23,R 1 391 000,1365000,Sold
L101650,Brooklyn,Apartment,1.0,62.0,2026-04-22,2026-05-10,R 1 454 000,1454000,Sold
L104480,Lynnwood,Townhouse,3.0,207.0,2024-02-29,2024-04-18,3923000,R 3 923 000.00,Sold
L104602,Sandton,Apartment,1.0,89.0,2025-07-02,2025-08-21,"R2,507,000","R2,417,000",Sold
L104128,Rooihuiskraal,House,1.0,169.0,2024-11-15,2025-02-02,"R2,222,000",R 2 170 000.00,Sold
L101611,ROOIHUISKRAAL,Apartment,1.0,168.0,2023-09-19,2023-10-30,R 2 096 000,R 2 072 000.00,Sold
L100733,Menlo Park,Apartment,1.0,81.0,2026-01-28,,R 1 754 000.00,,Withdrawn
L103836,Centurion,House,4.0,262.0,2024-10-29,2024-12-25,R 5 074 000,R 4 707 000.00,Sold
L104635,Waterkloof,House,4.0,301.0,2025-05-24,,"R9,295,000",,Withdrawn
L103049,Brooklyn,House,4.0,270.0,2023-11-14,2023-12-08,"R5,714,000",5701000,Sold
L105186,Waterkloof,Townhouse,2.0,146.0,2023-10-23,2023-11-09,R 3 247 000,"R3,247,000",Sold
L102004,Waterkloof Ridge,Apartment,2.0,96.0,2026-01-21,2026-02-08,R 2 955 000.00,"R2,915,000",Sold
L102375,Waterkloof Ridge,Apartment,1.0,105.0,2023-04-26,2023-05-12,R 3 134 000.00,R 3 134 000,Sold
L100527,Sandton,House,,169.0,2023-09-03,,"R6,315,000",,Withdrawn
L105635,Centurion,House,2.0,173.0,2026-02-19,2026-03-15,"R2,950,000",R 2 875 000.00,Sold
L102670,Irene,House,4.0,276.0,2024-07-30,2024-08-30,"R4,842,000",R 4 823 000,Sold
L101666,  bryanston ,Apartment,1.0,75.0,2023-12-16,2024-01-12,"R2,031,000","R2,023,000",Sold
L101468,Centurion,Apartment,1.0,82.0,2023-02-17,2023-04-18,R 1 277 000.00,"R1,128,000",Sold
L105433,Lynnwood,Apartment,1.0,63.0,2024-10-07,2024-12-10,R 1 259 000.00,R 1 219 000,Sold
L102619,Sandton,Apartment,1.0,121.0,2024-01-21,2024-01-31,R 3 211 000,3198000,Sold
L105661,Waterkloof,House,2.0,153.0,2024-05-30,2024-07-02,R 4 707 000,R 4 566 000.00,Sold
L103855,Groenkloof,House,4.0,212.0,2024-01-30,2024-04-16,"R3,873,000","R3,738,000",Sold
L101879,Irene,Townhouse,2.0,121.0,2024-02-27,2024-03-28,2100000,R 1 911 000,Sold
L100803,Irene,House,2.0,147.0,2025-08-20,2025-10-04,"R2,963,000",R 2 882 000,Sold
L100857,Bryanston,House,4.0,259.0,2026-04-27,2026-05-23,R 7 404 000.00,"R7,058,000",Sold
L103414,Brooklyn,Apartment,,81.0,2024-11-06,2024-12-13,"R1,630,000",R 1 624 000.00,Sold
L102517,Brooklyn,House,1.0,97.0,2023-02-26,2023-03-07,2086000,"R2,086,000",Sold
L102864,Lynnwood,House,3.0,286.0,2025-12-30,2026-01-24,R 6 471 000,R 6 231 000,Sold
L103154,Groenkloof,House,1.0,135.0,2023-03-01,2023-03-22,R 2 681 000,R 2 639 000.00,Sold
L104766,Centurion,House,3.0,215.0,2024-09-16,2024-11-14,4157000,R 4 083 000,Sold
L104075,Lynnwood,Apartment,1.0,86.0,2024-01-06,2024-03-11,R 1 766 000.00,R 1 698 000.00,Sold
L101720,Waterkloof,House,4.0,259.0,2023-09-07,2023-10-14,5132000,4865000,Sold
L100219,Lynnwood,House,4.0,269.0,2023-01-22,2023-02-17,"R5,150,000","R4,896,000",Sold
L101756,Waterkloof Ridge,House,1.0,128.0,2024-10-18,2024-11-17,R 3 954 000,R 3 613 000.00,Sold
L101288,Lynnwood,Apartment,1.0,94.0,2024-08-20,2024-09-17,R 1 897 000,R 1 887 000.00,Sold
L101115,Waterkloof,Townhouse,1.0,113.0,2024-01-02,2024-02-12,2265000,R 2 265 000,Sold
L100582,Waterkloof Ridge,Apartment,2.0,95.0,2023-04-18,2023-06-17,R 2 447 000.00,R 2 321 000,Sold
L103817,Brooklyn,House,5.0,220.0,2024-07-08,2024-09-11,5524000,R 5 514 000.00,Sold
L100043,Menlo Park,Townhouse,2.0,,2024-06-30,2024-07-25,R 3 767 000,R 3 730 000,Sold
L103975,Groenkloof,House,4.0,313.0,2026-04-28,2026-05-22,R 5 652 000,"R5,652,000",Sold
L101737,Groenkloof,House,5.0,,2023-07-05,2023-07-23,"R5,736,000",R 5 474 000.00,Sold
L103593,Waterkloof,Apartment,1.0,56.0,2023-02-28,2023-04-18,1426000,"R1,426,000",Sold
L102722,Menlo Park,Apartment,2.0,107.0,2025-11-05,2025-11-19,R 2 185 000.00,2059000,Sold
L105636,Brooklyn,Apartment,1.0,86.0,2023-11-17,2024-01-12,"R2,128,000",R 2 035 000,Sold
L103518,Faerie Glen,House,3.0,213.0,2023-03-07,2023-04-18,R 3 759 000.00,"R3,756,000",Sold
L102873,Brooklyn,Apartment,1.0,76.0,2024-02-06,,R 1 481 000,,Withdrawn
L104915,Bryanston,Townhouse,3.0,158.0,2023-11-21,2023-12-12,4335000,R 4 168 000.00,Sold
L102275,Waterkloof,House,2.0,196.0,2023-09-11,2023-09-29,R 4 407 000.00,"R4,407,000",Sold
L101780,Groenkloof,Apartment,1.0,74.0,2025-07-14,2025-08-08,1491000,1437000,Sold
L105349,Groenkloof,Townhouse,2.0,201.0,2026-03-03,2026-04-18,R 4 946 000.00,R 4 834 000,Sold
L101224,Groenkloof,Apartment,2.0,98.0,2026-03-17,2026-04-02,R 2 262 000,2262000,Sold
L105868,Waterkloof Ridge,House,3.0,160.0,2025-01-11,2025-01-28,R 4 887 000,R 4 630 000,Sold
L103480,Lynnwood,Townhouse,3.0,185.0,2026-04-16,2026-05-14,4180000,"R4,180,000",Sold
L101071,Irene,House,3.0,189.0,2026-03-04,2026-03-22,4003000,"R3,854,000",Sold
L100718,Centurion,Apartment,1.0,72.0,2024-01-03,2024-01-22,1064000,"R1,060,000",Sold
L105803,Irene,Apartment,1.0,80.0,2024-05-04,2024-06-10,R 1 518 000,1410000,Sold
L104436,Bryanston,House,5.0,363.0,2025-11-11,2025-11-27,R 10 840 000.00,10840000,Sold
L101505,Faerie Glen,Apartment,3.0,150.0,2024-11-28,2025-01-09,"R2,572,000",R 2 572 000,Sold
L105768,Menlo Park,House,2.0,132.0,2025-07-10,2025-08-31,R 2 674 000,"R2,617,000",Sold
L100670,  waterkloof ridge ,House,3.0,189.0,2023-11-15,2023-12-19,6298000,R 5 873 000.00,Sold
L104048,Menlo Park,Townhouse,2.0,184.0,2024-02-06,2024-04-01,"R3,786,000","R3,689,000",Sold
L105935,Faerie Glen,Apartment,2.0,81.0,2024-03-04,2024-04-22,R 1 214 000,1087000,Sold
L102131,Rooihuiskraal,Townhouse,3.0,191.0,2023-01-03,2023-02-28,R 2 260 000.00,"R2,219,000",Sold
L104888,Lynnwood,House,6.0,490.0,2023-09-24,,R 10 321 000,,Withdrawn
L103002,Brooklyn,House,4.0,274.0,2025-01-21,2025-03-13,"R6,511,000","R6,231,000",Sold
L100897,Groenkloof,House,3.0,,2025-09-11,2025-10-07,5127000,R 4 985 000.00,Sold
L101258,Faerie Glen,Apartment,,67.0,2023-06-22,2023-07-18,"R1,082,000",R 1 015 000,Sold
L101729,Lynnwood,House,4.0,271.0,2025-01-15,2025-02-13,R 5 921 000.00,R 5 844 000.00,Sold
L100095,Centurion,House,,432.0,2024-04-09,2024-05-16,9320000,"R9,032,000",Sold
L102337,Menlo Park,House,5.0,261.0,2024-07-21,2024-08-20,5026000,"R4,955,000",Sold
L102770,Groenkloof,House,2.0,114.0,2023-11-18,2023-11-22,"R1,669,000",R 1 610 000,Sold
L104954,Brooklyn,Townhouse,3.0,124.0,2024-07-27,2024-09-14,3005000,R 3 005 000.00,Sold
L100842,Faerie Glen,Apartment,2.0,132.0,2024-05-22,2024-06-28,"R2,132,000",2100000,Sold
L101951,Waterkloof,Apartment,1.0,61.0,2023-03-26,2023-04-08,R 1 515 000,1475000,Sold
L100093,Menlo Park,Apartment,3.0,175.0,2025-01-04,2025-03-05,R 3 312 000,3212000,Sold
L103684,Groenkloof,House,3.0,124.0,2023-02-27,2023-03-17,"R2,358,000",2238000,Sold
L105072,Lynnwood,Apartment,2.0,104.0,2024-01-28,2024-02-22,1592000,R 1 592 000,Sold
L103985,Waterkloof,Townhouse,2.0,91.0,2024-11-08,2024-11-29,2554000,R 2 425 000,Sold
L105752,Rooihuiskraal,Apartment,1.0,106.0,2023-11-29,2024-02-06,"R1,252,000","R1,170,000",Sold
L104254,Bryanston,Apartment,1.0,67.0,2023-02-21,2023-05-09,1478000,"R1,478,000",Sold
L104656,Bryanston,Apartment,2.0,89.0,2025-08-04,2025-08-13,2356000,2209000,Sold
L100322,Menlo Park,Apartment,1.0,83.0,2023-01-21,2023-02-24,1537000,R 1 495 000.00,Sold
L104706,Waterkloof,Townhouse,2.0,108.0,2025-12-07,2026-01-01,R 2 687 000,R 2 657 000.00,Sold
L102402,  rooihuiskraal ,Apartment,1.0,85.0,2023-06-28,2023-07-20,R 1 099 000,R 1 099 000.00,Sold
L103353,MENLO PARK,Apartment,1.0,107.0,2024-08-18,2024-11-15,"R2,512,000",R 2 373 000.00,Sold
L100334,Waterkloof Ridge,Apartment,2.0,99.0,2025-09-18,2025-10-26,2815000,R 2 774 000.00,Sold
L104559,Centurion,Apartment,1.0,,2024-06-04,2024-06-27,R 1 589 000,"R1,517,000",Sold
L100332,Centurion,House,2.0,135.0,2023-05-18,2023-06-21,"R2,887,000",2851000,Sold
L100833,Centurion,Townhouse,3.0,170.0,2026-01-12,2026-02-02,R 2 814 000,"R2,805,000",Sold
L102638,Bryanston,House,4.0,226.0,2025-01-15,2025-03-01,R 5 921 000.00,R 5 912 000,Sold
L103026,Brooklyn,Apartment,1.0,103.0,2024-02-02,2024-02-18,R 2 038 000,"R2,038,000",Sold
L102346,Bryanston,Apartment,1.0,90.0,2023-06-22,,R 2 055 000.00,,Withdrawn
L105766,Menlo Park,Apartment,2.0,66.0,2023-05-20,2023-06-11,1275000,R 1 275 000.00,Sold
L104508,Rooihuiskraal,House,3.0,236.0,2023-02-23,2023-04-18,R 3 139 000.00,"R2,843,000",Sold
L100731,Waterkloof,House,4.0,320.0,2025-12-25,2026-02-14,10547000,R 10 339 000,Sold
L105643,Menlo Park,Apartment,1.0,62.0,2024-12-10,,978000,,Withdrawn
L100291,Waterkloof,Townhouse,4.0,264.0,2023-03-10,2023-04-21,"R6,492,000",R 6 412 000,Sold
L100184,Rooihuiskraal,House,6.0,400.0,2025-01-05,2025-02-27,"R6,035,000",R 5 713 000.00,Sold
L104813,Sandton,Apartment,1.0,83.0,2024-01-15,2024-03-11,R 2 176 000,"R2,106,000",Sold
L104428,Brooklyn,House,5.0,326.0,2025-01-26,2025-02-16,R 7 732 000.00,R 7 545 000,Sold
L102388,Centurion,House,4.0,300.0,2025-03-19,2025-04-12,R 6 253 000,"R5,899,000",Sold
L100533,Centurion,House,5.0,312.0,2024-09-08,2024-10-10,R 5 318 000,R 5 283 000,Sold
L103501,Irene,Apartment,3.0,107.0,2025-01-24,2025-03-11,"R1,684,000",1626000,Sold
L104001,Menlo Park,Apartment,2.0,46.0,2024-12-02,2025-01-25,"R981,000",R 981 000,Sold
L105808,Waterkloof,House,,204.0,2025-12-27,2026-01-16,6480000,"R6,034,000",Sold
L104503,Lynnwood,Apartment,1.0,74.0,2023-10-13,2023-10-20,R 1 273 000.00,"R1,193,000",Sold
L100657,Brooklyn,Townhouse,2.0,122.0,2023-09-29,2023-10-09,2612000,"R2,419,000",Sold
L101255,Bryanston,House,2.0,172.0,2023-11-29,2023-12-17,R 5 265 000,5265000,Sold
L102603,Rooihuiskraal,Townhouse,5.0,337.0,2025-12-21,2025-12-31,R 5 368 000,5261000,Sold
L104872,Centurion,Apartment,1.0,92.0,2025-09-18,2025-10-02,R 1 627 000,"R1,549,000",Sold
L103499,Bryanston,House,2.0,108.0,2024-12-01,2024-12-19,R 2 560 000.00,R 2 546 000.00,Sold
L105715,Groenkloof,Apartment,1.0,98.0,2023-09-16,2023-10-31,1677000,R 1 632 000.00,Sold
L100898,Groenkloof,Apartment,1.0,64.0,2025-11-29,2025-12-25,1422000,R 1 361 000,Sold
L100428,Waterkloof,House,2.0,218.0,2024-05-07,2024-06-05,R 6 249 000.00,6048000,Sold
L104999,Irene,Townhouse,2.0,181.0,2026-01-10,2026-03-22,R 3 358 000.00,"R3,227,000",Sold
L105678,Rooihuiskraal,House,4.0,212.0,2023-06-18,2023-07-27,R 2 908 000,R 2 700 000.00,Sold
L105931,  brooklyn ,Apartment,1.0,61.0,2025-06-05,2025-07-11,R 1 502 000.00,R 1 433 000,Sold
L101436,Groenkloof,House,3.0,243.0,2024-01-10,2024-02-25,4769000,R 4 498 000.00,Sold
L105896,  waterkloof ridge ,House,2.0,174.0,2024-02-26,2024-05-09,R 4 913 000.00,"R4,888,000",Sold
L101222,Bryanston,House,6.0,390.0,2026-01-22,,12747000,,Withdrawn
L101765,Waterkloof,House,4.0,303.0,2024-01-23,2024-02-11,R 6 520 000.00,R 6 222 000,Sold
L102167,Lynnwood,Townhouse,4.0,252.0,2025-01-29,,"R6,042,000",,Withdrawn
L104336,Waterkloof,Apartment,1.0,67.0,2023-10-22,2023-11-26,1526000,R 1 460 000,Sold
L102344,Centurion,Apartment,2.0,146.0,2023-12-18,2024-02-07,R 2 242 000.00,2215000,Sold
L104031,Menlo Park,Apartment,2.0,122.0,2024-05-20,2024-07-14,"R2,822,000",2702000,Sold
L103505,Irene,Apartment,1.0,65.0,2025-12-18,2026-01-04,1399000,"R1,312,000",Sold
L103007,Waterkloof Ridge,House,4.0,222.0,2023-10-10,2023-10-16,R 5 437 000,5437000,Sold
L102960,Rooihuiskraal,House,3.0,224.0,2024-04-21,2024-06-30,"R4,106,000",3940000,Sold
L102323,Waterkloof,Townhouse,,228.0,2023-09-08,2023-09-24,"R6,319,000",5897000,Sold
L105100,Irene,Apartment,1.0,81.0,2025-09-02,2025-11-29,R 1 785 000.00,R 1 667 000.00,Sold
L103625,Irene,Apartment,2.0,100.0,2025-04-21,2025-05-25,1704000,1637000,Sold
L103832,Lynnwood,Apartment,2.0,125.0,2025-07-06,2025-07-23,R 2 953 000.00,"R2,941,000",Sold
L104214,Irene,Apartment,3.0,137.0,2024-09-15,2024-11-16,"R2,581,000","R2,507,000",Sold
L105523,Centurion,House,6.0,577.0,2024-10-12,2024-11-01,11434000,R 10 608 000,Sold
L102784,Groenkloof,Apartment,2.0,73.0,2024-10-03,2024-12-02,"R1,540,000",R 1 487 000.00,Sold
L105782,Lynnwood,Apartment,1.0,116.0,2024-07-07,,"R2,339,000",,Withdrawn
L104004,Faerie Glen,House,4.0,354.0,2024-01-14,2024-02-05,6298000,"R5,970,000",Sold
L102406,Faerie Glen,House,2.0,198.0,2025-06-12,2025-07-17,3916000,R 3 720 000.00,Sold
L101831,Sandton,Apartment,2.0,116.0,2026-02-09,2026-04-01,3883000,3883000,Sold
L101410,BRYANSTON,Apartment,1.0,62.0,2023-09-18,2023-10-18,R 1 495 000,R 1 419 000.00,Sold
L104966,Menlo Park,House,5.0,307.0,2025-05-01,,7201000,,Withdrawn
L103247,Rooihuiskraal,House,4.0,369.0,2026-04-20,2026-05-24,5029000,R 4 880 000,Sold
L102405,Brooklyn,Apartment,1.0,85.0,2024-10-10,2024-12-15,R 1 992 000,1986000,Sold
L103308,Irene,House,2.0,178.0,2025-08-04,2025-09-04,R 3 138 000,R 3 129 000.00,Sold
L102333,Waterkloof Ridge,Apartment,,151.0,2023-08-12,2023-08-29,"R3,824,000","R3,680,000",Sold
L100192,Waterkloof Ridge,House,4.0,228.0,2025-01-26,2025-03-11,R 6 528 000.00,"R6,235,000",Sold
L102399,Faerie Glen,Apartment,2.0,80.0,2024-05-12,2024-06-18,R 1 275 000,R 1 238 000.00,Sold
L101126,Faerie Glen,House,4.0,246.0,2023-08-01,2023-10-12,"R3,725,000",R 3 500 000,Sold
L105207,Sandton,Apartment,1.0,51.0,2026-01-30,2026-02-16,"R1,763,000","R1,752,000",Sold
L102118,Waterkloof Ridge,House,5.0,369.0,2023-03-26,,9014000,,Withdrawn
L105228,Groenkloof,Apartment,1.0,50.0,2024-06-15,2024-07-21,"R984,000","R943,000",Sold
L102795,Irene,Apartment,1.0,68.0,2024-04-20,2024-05-10,R 1 096 000.00,1063000,Sold
L100304,Bryanston,Apartment,1.0,90.0,2023-07-19,2023-08-08,"R2,333,000",R 2 150 000.00,Sold
L104824,Lynnwood,House,3.0,245.0,2023-01-10,2023-03-22,R 5 509 000,"R5,127,000",Sold
L101292,Faerie Glen Ext,Apartment,1.0,84.0,2025-02-08,2025-03-09,"R1,320,000",1234000,Sold
L100070,Groenkloof,Townhouse,2.0,,2025-09-17,2025-10-15,R 3 718 000,3718000,Sold
L103780,Waterkloof,House,5.0,313.0,2024-11-19,2025-01-17,"R7,625,000",R 7 274 000,Sold
L101305,Sandton,House,3.0,218.0,2023-05-06,2023-06-09,R 7 589 000,R 7 487 000.00,Sold
L102892,Irene,Apartment,2.0,91.0,2023-02-24,2023-03-14,R 1 415 000,R 1 359 000.00,Sold
L100323,Faerie Glen,House,5.0,440.0,2025-02-02,2025-02-27,R 8 939 000.00,8573000,Sold
L101873,Sandton,House,2.0,264.0,2024-01-28,2024-02-29,"R9,875,000","R9,514,000",Sold
L105765,LYNNWOOD,House,4.0,268.0,2023-04-14,2023-06-14,R 4 959 000,R 4 959 000.00,Sold
L101340,Waterkloof Ridge,House,4.0,232.0,2025-08-18,2025-10-07,R 7 113 000,R 6 776 000,Sold
L100831,Faerie Glen,Apartment,2.0,144.0,2026-03-19,,2725000,,Withdrawn
L104975,LYNNWOOD,House,2.0,203.0,2025-09-18,2025-12-05,R 5 049 000.00,"R4,790,000",Sold
L101456,Brooklyn,Apartment,2.0,46.0,2024-04-09,2024-05-07,R 1 136 000,1124000,Sold
L104983,Groenkloof,House,4.0,319.0,2025-05-06,,7051000,,Withdrawn
L103424,Groenkloof,Apartment,1.0,79.0,2024-03-06,2024-04-03,R 1 712 000,"R1,712,000",Sold
L100238,Waterkloof,Apartment,1.0,73.0,2024-12-15,2025-01-01,1726000,R 1 618 000.00,Sold
L100092,Lynnwood,Apartment,2.0,95.0,2024-06-11,2024-07-15,R 2 007 000.00,R 1 959 000.00,Sold
L102292,Irene,House,3.0,0.0,2024-06-27,2024-08-28,"R5,005,000",R 4 960 000,Sold
L102668,Irene,Apartment,1.0,,2023-06-20,2023-06-23,"R2,113,000","R2,113,000",Sold
L102592,Centurion,Apartment,1.0,56.0,2025-08-29,2025-09-24,"R1,038,000",R 1 038 000,Sold
L102264,  irene ,Apartment,1.0,80.0,2023-06-04,2023-07-13,"R1,415,000","R1,415,000",Sold
L105200,Brooklyn,Apartment,1.0,102.0,2026-01-31,2026-02-25,2230000,R 2 156 000.00,Sold
L104137,Bryanston,Apartment,1.0,62.0,2025-02-23,2025-03-28,R 1 787 000,R 1 678 000,Sold
L105625,Irene,House,2.0,102.0,2025-11-24,2026-02-28,R 2 225 000,R 2 169 000,Sold
L101001,  lynnwood ,Townhouse,2.0,135.0,2025-06-13,2025-06-25,3465000,R 3 052 000,Sold
L105776,Centurion,House,4.0,171.0,2024-08-16,2024-09-11,3708000,"R3,708,000",Sold
L104786,Menlo Park,Apartment,1.0,82.0,2024-12-22,2025-01-25,R 1 814 000,"R1,814,000",Sold
L103321,Lynnwood,House,5.0,240.0,2025-01-11,2025-04-12,4954000,"R4,918,000",Sold
L102077,Groenkloof,House,4.0,285.0,2023-04-27,2023-05-20,6196000,5535000,Sold
L101504,Bryanston,House,3.0,206.0,2024-12-05,2025-02-12,R 5 635 000.00,R 5 611 000,Sold
L100957,Faerie Glen,Apartment,2.0,97.0,2026-03-19,2026-03-26,R 1 731 000.00,"R1,731,000",Sold
L104258,SANDTON,House,5.0,423.0,2024-05-07,2024-05-29,11821000,10872000,Sold
L104640,Groenkloof,Apartment,1.0,92.0,2023-08-15,2023-11-09,R 1 891 000,R 1 753 000.00,Sold
L101883,CENTURION,Apartment,1.0,103.0,2024-06-25,2024-08-09,R 1 536 000,R 1 535 000.00,Sold
L101532,Faerie Glen,House,4.0,328.0,2023-05-16,2023-07-05,"R4,819,000",R 4 670 000,Sold
L101860,Irene,Apartment,1.0,55.0,2024-09-16,2024-12-01,R 1 094 000.00,R 1 094 000,Sold
L104506,  lynnwood ,Apartment,2.0,131.0,2024-11-08,2024-12-01,R 2 590 000.00,R 2 495 000.00,Sold
L103316,CENTURION,Townhouse,3.0,273.0,2026-03-16,2026-04-08,R 4 577 000,R 4 437 000.00,Sold
L100411,Centurion,Apartment,2.0,83.0,2025-02-08,,1750000,,Withdrawn
L101405,Brooklyn,House,4.0,239.0,2025-04-27,2025-05-21,"R5,548,000","R5,427,000",Sold
L102420,Waterkloof Ridge,House,6.0,552.0,2023-03-16,2023-04-17,"R13,334,000","R12,497,000",Sold
L105870,Centurion,House,,378.0,2024-10-02,2024-12-04,"R8,011,000",7949000,Sold
L104449,Waterkloof,House,3.0,162.0,2024-05-29,2024-06-26,3755000,3703000,Sold
L102732,Faerie Glen,House,3.0,148.0,2025-12-25,2026-03-03,"R2,775,000",2585000,Sold
L103543,Brooklyn,House,3.0,173.0,2024-04-25,2024-05-03,"R3,993,000",R 3 953 000,Sold
L103169,Irene,House,3.0,198.0,2024-09-26,2024-10-06,R 3 844 000,3844000,Sold
L101702,Menlo Park,Apartment,2.0,78.0,2023-07-30,2023-09-08,1434000,"R1,404,000",Sold
L102173,Groenkloof,House,4.0,232.0,2024-03-09,2024-05-02,R 4 664 000.00,"R4,619,000",Sold
L101034,Lynnwood,House,5.0,374.0,2023-07-09,2023-07-14,"R7,409,000",R 7 409 000.00,Sold
L102833,Bryanston,Apartment,1.0,96.0,2025-12-06,2026-01-31,R 2 846 000.00,2846000,Sold
L103700,Bryanston,House,4.0,280.0,2025-10-07,2025-11-27,R 8 304 000,R 8 266 000,Sold
L102114,Waterkloof,House,5.0,282.0,2023-09-01,2023-10-04,"R6,845,000",R 6 845 000,Sold
L100931,Menlo Park,Apartment,1.0,102.0,2025-08-04,2025-09-12,R 2 297 000,"R2,220,000",Sold
L105577,CENTURION,House,2.0,199.0,2024-08-28,,3663000,,Withdrawn
L104416,Faerie Glen,House,3.0,259.0,2023-05-16,2023-06-18,R 4 305 000,R 4 146 000.00,Sold
L103149,GROENKLOOF,House,4.0,224.0,2024-10-19,2024-12-03,5172000,R 5 042 000.00,Sold
L100633,Menlo Park,Apartment,2.0,150.0,2025-10-22,2025-11-22,R 3 001 000,R 3 001 000.00,Sold
L103211,Centurion,House,6.0,410.0,2025-03-06,2025-03-09,R 8 092 000.00,R 7 997 000.00,Sold
L100498,Menlo Park,House,3.0,227.0,2025-03-02,2025-03-25,5277000,"R5,277,000",Sold
L100937,Waterkloof Ridge,Apartment,1.0,52.0,2023-10-28,2023-11-18,"R1,159,000","R1,136,000",Sold
L100415,Brooklyn,House,3.0,206.0,2024-02-02,2024-02-23,R 4 966 000.00,4966000,Sold
L104710,Rooihuiskraal,Apartment,1.0,113.0,2025-01-06,2025-02-25,1548000,1478000,Sold
L103410,Centurion,House,1.0,179.0,2023-01-21,2023-01-28,R 3 301 000,R 3 283 000,Sold
L102440,Sandton,Apartment,2.0,67.0,2025-03-06,2025-04-28,"R1,845,000",1822000,Sold
L102799,Rooihuiskraal,House,6.0,513.0,2023-09-15,2023-10-15,R 7 548 000.00,7288000,Sold
L103116,Groenkloof,House,2.0,210.0,2025-01-02,2025-01-22,4969000,4892000,Sold
L100757,Sandton,Townhouse,2.0,153.0,2025-08-05,2025-10-06,"R5,657,000",R 5 459 000,Sold
L103187,Bryanston,Apartment,3.0,78.0,2023-06-01,2023-08-13,R 1 622 000.00,1620000,Sold
L101902,Bryanston,Townhouse,3.0,226.0,2024-04-25,2024-06-14,R 6 591 000.00,6437000,Sold
L101041,Centurion,House,5.0,,2024-05-01,2024-08-03,R 5 473 000.00,5259000,Sold
L103954,Waterkloof,Apartment,1.0,89.0,2024-07-10,2024-07-29,R 2 182 000,"R2,068,000",Sold
L103076,Menlo Park,Apartment,1.0,108.0,2023-10-08,2023-10-23,1978000,R 1 942 000.00,Sold
L103226,Centurion,Townhouse,3.0,196.0,2023-12-22,2023-12-29,R 3 681 000.00,R 3 678 000,Sold
L104882,Irene,Apartment,1.0,58.0,2026-01-02,2026-02-05,R 1 089 000,R 1 017 000.00,Sold
L100596,Centurion,House,4.0,268.0,2024-05-14,2024-06-12,"R4,203,000",R 4 090 000,Sold
L104801,Groenkloof,House,4.0,223.0,2023-06-02,2023-06-29,4452000,"R4,216,000",Sold
L102291,Centurion,Townhouse,2.0,136.0,2023-02-01,2023-03-10,"R2,067,000",R 2 067 000.00,Sold
L102083,Groenkloof,Apartment,1.0,68.0,2024-07-22,2024-08-03,"R1,345,000",R 1 316 000.00,Sold
L101068,Waterkloof,House,4.0,222.0,2025-04-02,2025-06-09,"R7,022,000",R 6 707 000,Sold
L101647,Rooihuiskraal,House,5.0,324.0,2025-02-19,2025-04-30,R 4 540 000,4168000,Sold
L102287,Rooihuiskraal,Townhouse,3.0,173.0,2025-06-30,2025-08-14,"R2,845,000",R 2 713 000,Sold
L103289,Lynnwood,House,4.0,273.0,2023-10-07,2023-11-16,R 6 192 000,6030000,Sold
L105480,Waterkloof,Apartment,1.0,42.0,2024-06-07,2024-07-07,993000,R 993 000,Sold
L105786,Bryanston,Apartment,1.0,65.0,2024-04-14,2024-05-07,R 1 491 000,R 1 491 000.00,Sold
L100652,Centurion,Apartment,1.0,76.0,2023-08-17,2023-11-03,"R1,315,000",R 1 265 000.00,Sold
L104851,Centurion,House,3.0,205.0,2024-06-21,2024-08-03,R 3 965 000,R 3 699 000.00,Sold
L101700,Sandton,House,2.0,184.0,2025-04-25,2025-08-04,R 6 991 000.00,"R6,991,000",Sold
L105103,Irene,Apartment,3.0,76.0,2023-03-07,2023-04-07,1268000,"R1,247,000",Sold
L104901,Brooklyn,House,5.0,288.0,2025-08-22,,6268000,,Withdrawn
L104369,Lynnwood,Townhouse,5.0,259.0,2026-01-23,2026-02-25,R 5 368 000,"R5,064,000",Sold
L102077,Groenkloof,House,4.0,285.0,2023-04-27,2023-05-20,6196000,5535000,Sold
L102981,Brooklyn,Apartment,1.0,80.0,2023-08-17,2023-09-29,1561000,1522000,Sold
L102197,Faerie Glen,House,5.0,396.0,2025-08-07,2025-09-05,7956000,7652000,Sold
L101983,Brooklyn,Townhouse,4.0,248.0,2024-05-30,2024-06-13,4944000,R 4 944 000.00,Sold
L102781,Waterkloof Ridge,House,2.0,159.0,2025-08-21,2025-09-06,R 5 269 000.00,4947000,Sold
L100075,Brooklyn,House,5.0,385.0,2024-10-08,2024-12-16,8263000,"R7,674,000",Sold
L105742,Rooihuiskraal,Townhouse,2.0,141.0,2024-12-04,2025-01-28,R 2 043 000,R 1 913 000.00,Sold
L105927,Bryanston,Apartment,2.0,84.0,2026-04-01,2026-05-13,2097000,R 2 097 000,Sold
L103045,Sandton,House,3.0,232.0,2024-10-19,2024-11-24,"R8,230,000",R 8 230 000,Sold
L105150,Centurion,House,3.0,242.0,2023-06-20,2023-07-21,"R4,130,000",3835000,Sold
L105641,Rooihuiskraal,House,2.0,163.0,2023-02-24,2023-04-20,"R2,710,000",R 2 649 000,Sold
L102339,Waterkloof,Apartment,2.0,121.0,2023-10-05,2023-11-09,R 2 812 000.00,R 2 812 000.00,Sold
L101992,Menlo Park,House,3.0,120.0,2025-11-05,2025-11-25,R 2 350 000.00,"R2,305,000",Sold
L103220,  brooklyn ,Townhouse,,148.0,2025-12-15,2026-01-19,"R3,240,000",3191000,Sold
L102586,Menlo Park,House,4.0,223.0,2023-11-21,2023-12-31,R 4 960 000,R 4 472 000.00,Sold
L100108,  waterkloof ridge ,House,3.0,168.0,2026-02-13,2026-03-26,R 5 471 000.00,R 5 250 000,Sold
L101010,Centurion,House,3.0,164.0,2024-02-26,2024-03-19,R 2 937 000.00,R 2 911 000.00,Sold
L101029,Lynnwood,Townhouse,1.0,178.0,2024-09-10,2024-11-09,R 3 861 000,3781000,Sold
L105114,Waterkloof Ridge,Apartment,2.0,125.0,2024-06-05,2024-07-01,R 3 178 000.00,R 3 092 000.00,Sold
L100828,Bryanston,Apartment,2.0,81.0,2023-02-21,2023-04-20,R 2 281 000.00,R 2 281 000.00,Sold
L102815,Faerie Glen Ext,House,3.0,188.0,2025-01-07,,"R3,734,000",,Withdrawn
L103285,Centurion,House,,206.0,2024-05-08,2024-06-11,4472000,R 4 422 000,Sold
L100096,Menlo Park,House,3.0,182.0,2025-01-12,2025-02-12,"R3,558,000",R 3 505 000.00,Sold
L104722,Brooklyn,House,6.0,390.0,2026-02-08,2026-03-01,"R9,542,000","R9,500,000",Sold
L104684,Sandton,Apartment,2.0,101.0,2024-12-17,2025-02-10,2856000,R 2 856 000,Sold
L103552,Menlo Park,Apartment,1.0,50.0,2023-10-31,,"R963,000",,Withdrawn
L101385,Waterkloof,Apartment,1.0,68.0,2026-02-08,2026-03-10,1673000,1673000,Sold
L101200,Irene,House,4.0,221.0,2024-01-16,2024-02-27,"R4,229,000",R 4 152 000,Sold
L100621,Faerie Glen,House,4.0,207.0,2026-01-15,2026-02-14,"R3,872,000",R 3 752 000,Sold
L105559,  waterkloof ridge ,Apartment,1.0,114.0,2023-01-07,2023-02-21,R 2 878 000,"R2,854,000",Sold
L101412,Bryanston,House,4.0,271.0,2023-03-25,2023-04-27,R 8 072 000.00,8072000,Sold
L100566,ROOIHUISKRAAL,Apartment,1.0,71.0,2024-11-20,2025-01-13,R 895 000,R 854 000,Sold
L100543,Sandton,House,6.0,393.0,2023-08-03,2023-09-18,11552000,10764000,Sold
L101334,Sandton,House,3.0,223.0,2024-12-22,2025-01-13,8599000,R 8 292 000,Sold
L105947,Centurion,House,3.0,207.0,2025-10-19,2025-11-13,"R5,190,000",5025000,Sold
L104201,Rooihuiskraal,Apartment,1.0,127.0,2023-04-23,2023-06-26,R 1 821 000,"R1,684,000",Sold
L100051,Waterkloof,House,2.0,156.0,2025-01-15,2025-02-04,3900000,R 3 900 000.00,Sold
L105143,Sandton,House,6.0,520.0,2024-01-28,2024-05-27,R 16 281 000,R 16 281 000,Sold
L103826,Brooklyn,Townhouse,3.0,220.0,2024-03-21,2024-05-06,R 4 317 000,R 4 003 000,Sold
L102609,Menlo Park,House,5.0,323.0,2025-01-23,2025-03-21,R 7 638 000.00,7111000,Sold
L103660,Groenkloof,House,4.0,325.0,2026-03-21,2026-04-24,8309000,R 7 815 000,Sold
L101558,Centurion,Apartment,1.0,43.0,2025-01-30,,"R825,000",,Withdrawn
L100745,Faerie Glen,House,5.0,366.0,2023-07-07,2023-07-18,"R6,285,000",R 5 934 000,Sold
L104391,Rooihuiskraal,Townhouse,2.0,121.0,2025-08-02,,R 1 892 000,,Withdrawn
L102934,Centurion,Apartment,1.0,79.0,2023-05-27,2023-06-27,"R1,355,000","R1,263,000",Sold
L101467,Brooklyn,House,4.0,286.0,2025-11-11,2025-11-25,"R7,048,000",R 7 048 000.00,Sold
L105784,Brooklyn,Apartment,1.0,87.0,2025-02-24,2025-04-14,1980000,R 1 932 000.00,Sold
L100195,Groenkloof,House,6.0,419.0,2023-05-21,2023-08-07,R 7 031 000,"R7,031,000",Sold
L103966,Faerie Glen,House,5.0,253.0,2024-01-16,2024-03-10,R 4 232 000.00,"R4,232,000",Sold
L105158,Lynnwood,House,3.0,169.0,2026-04-18,,"R3,652,000",,Withdrawn
L104614,Menlo Park,Apartment,1.0,110.0,2023-09-24,2023-11-09,R 2 252 000.00,"R2,180,000",Sold
L100802,Bryanston,House,1.0,168.0,2023-03-05,2023-04-14,R 4 742 000.00,R 4 418 000.00,Sold
L101618,Sandton,Apartment,1.0,79.0,2025-10-07,2025-10-19,"R2,629,000",R 2 589 000.00,Sold
L103395,Sandton,Apartment,1.0,77.0,2024-02-26,2024-06-25,R 2 661 000,R 2 570 000.00,Sold
L104259,Brooklyn,Townhouse,2.0,100.0,2023-12-19,2024-03-13,R 2 106 000,2035000,Sold
L100620,Rooihuiskraal,Apartment,1.0,81.0,2024-03-12,2024-05-26,R 1 160 000,1126000,Sold
L105792,Waterkloof Ridge,Apartment,2.0,93.0,2023-09-03,,R 2 152 000,,Withdrawn
L104228,Faerie Glen,House,3.0,178.0,2023-05-17,2023-07-20,R 3 246 000.00,R 3 150 000.00,Sold
L105705,Lynnwood,House,2.0,120.0,2025-04-12,2025-08-06,2565000,R 2 480 000,Sold
L104192,Faerie Glen,House,4.0,253.0,2023-12-19,,3898000,,Withdrawn
L104078,Groenkloof,Apartment,1.0,116.0,2024-03-28,2024-05-11,R 2 327 000.00,"R2,236,000",Sold
L104577,Waterkloof,House,4.0,245.0,2024-02-17,2024-05-23,"R7,265,000",R 7 265 000.00,Sold
L100644,Irene,Apartment,2.0,78.0,2023-01-20,2023-03-02,"R1,315,000",R 1 306 000.00,Sold
L105403,Waterkloof Ridge,House,4.0,355.0,2025-03-08,,R 10 799 000.00,,Withdrawn
L104575,Groenkloof,Apartment,1.0,117.0,2023-05-02,2023-06-09,R 2 086 000.00,"R2,086,000",Sold
L102523,Irene,House,5.0,318.0,2023-07-20,2023-08-26,R 5 878 000,5676000,Sold
L101061,Irene,House,3.0,240.0,2023-08-08,,"R4,532,000",,Withdrawn
L104237,Bryanston,House,5.0,282.0,2025-04-10,2025-05-06,R 8 090 000.00,7642000,Sold
L104159,  groenkloof ,Apartment,1.0,98.0,2024-12-04,2024-12-21,"R2,229,000",R 2 229 000,Sold
L100120,Irene,House,4.0,266.0,2023-03-10,2023-05-21,R 4 354 000,R 4 027 000,Sold
L101777,Lynnwood,Apartment,1.0,73.0,2025-12-20,2026-01-13,"R1,331,000","R1,331,000",Sold
L103337,Bryanston,House,1.0,153.0,2025-01-29,2025-03-17,R 4 964 000.00,R 4 964 000.00,Sold
L102554,Brooklyn,Apartment,1.0,118.0,2025-09-18,2025-10-12,"R2,692,000",2692000,Sold
L104209,Groenkloof,House,3.0,237.0,2025-11-14,2026-01-12,"R5,510,000",R 5 313 000,Sold
L105805,Centurion,Apartment,1.0,102.0,2023-04-21,2023-05-27,1660000,1573000,Sold
L103181,Brooklyn,House,4.0,206.0,2023-02-21,2023-04-05,"R3,785,000",3662000,Sold
L101230,Groenkloof,House,5.0,352.0,2026-03-12,2026-03-22,8713000,"R8,668,000",Sold
L100469,Faerie Glen,Apartment,1.0,105.0,2026-01-19,2026-03-15,"R1,782,000",1733000,Sold
L103606,Waterkloof Ridge,House,3.0,184.0,2023-02-01,,5068000,,Withdrawn
L105297,Brooklyn,Apartment,1.0,94.0,2025-12-21,2026-01-05,R 2 454 000.00,"R2,398,000",Sold
L104828,Rooihuiskraal,Apartment,1.0,73.0,2026-04-17,2026-04-30,1243000,"R1,229,000",Sold
L103439,  irene ,House,6.0,542.0,2023-04-18,2023-05-13,11652000,10809000,Sold
L100134,Irene,House,3.0,165.0,2025-03-21,,R 3 152 000.00,,Withdrawn
L103622,Lynnwood,Townhouse,2.0,161.0,2025-05-06,,R 3 341 000.00,,Withdrawn
L104838,WATERKLOOF RIDGE,House,1.0,147.0,2024-08-20,2024-10-06,"R4,737,000",R 4 630 000.00,Sold
L104842,Brooklyn,House,3.0,155.0,2025-06-07,,3802000,,Withdrawn
L105522,Lynnwood,Apartment,1.0,82.0,2025-12-10,2026-02-10,"R1,812,000","R1,733,000",Sold
L104279,Centurion,Townhouse,3.0,112.0,2025-08-20,2025-09-30,2419000,2275000,Sold
L101721,Brooklyn,Apartment,1.0,84.0,2024-11-17,2024-12-20,R 1 605 000.00,R 1 598 000.00,Sold
L103877,Sandton,Apartment,1.0,62.0,2025-04-21,2025-05-27,R 2 037 000,"R2,037,000",Sold
L100511,Bryanston,House,4.0,252.0,2026-01-04,2026-02-07,7514000,R 7 223 000.00,Sold
L101170,Lynnwood,House,3.0,172.0,2023-04-19,2023-05-25,3153000,3153000,Sold
L100062,  irene ,House,4.0,291.0,2024-05-20,2024-07-11,"R5,865,000",R 5 742 000,Sold
L101553,Menlo  Park,House,5.0,251.0,2024-02-06,2024-03-27,"R5,897,000","R5,716,000",Sold
L104811,Centurion,Apartment,1.0,56.0,2025-12-07,2025-12-26,R 1 240 000,R 1 240 000.00,Sold
L105316,Waterkloof,House,4.0,285.0,2023-11-18,,R 7 751 000.00,,Withdrawn
L103132,Waterkloof Ridge,House,3.0,169.0,2024-03-12,2024-03-18,"R4,162,000",4160000,Sold
L101874,Sandton,House,4.0,257.0,2024-03-03,2024-03-23,R 8 797 000,R 8 797 000,Sold
L102313,Groenkloof,House,4.0,283.0,2024-05-19,2024-06-15,5157000,R 5 015 000,Sold
L103207,  waterkloof ,House,3.0,208.0,2023-09-28,2023-11-05,R 5 255 000,R 5 065 000,Sold
L102181,Sandton,Apartment,2.0,123.0,2024-03-02,2024-04-01,R 3 215 000,3215000,Sold
L100679,Menlo Park,House,3.0,148.0,2025-01-23,2025-03-26,R 3 154 000,R 2 853 000,Sold
L103831,Irene,House,2.0,172.0,2025-02-02,2025-03-23,3482000,R 3 358 000.00,Sold
L101211,Bryanston,Apartment,2.0,88.0,2025-07-06,2025-07-26,2546000,R 2 516 000,Sold
L100122,Waterkloof,Apartment,1.0,55.0,2023-02-24,2023-03-05,"R1,375,000",1307000,Sold
L103322,Centurion,House,4.0,253.0,2023-03-11,2023-05-20,"R4,423,000",R 4 407 000.00,Sold
L101593,Lynnwood,Apartment,2.0,80.0,2025-11-28,2026-02-07,R 1 679 000,1653000,Sold
L104165,Brooklyn,Townhouse,,141.0,2024-02-18,2024-04-02,R 2 995 000.00,R 2 946 000.00,Sold
L103614,Irene,House,4.0,254.0,2024-07-15,2024-09-09,4593000,"R4,355,000",Sold
L105506,Groenkloof,House,2.0,,2025-03-07,2025-06-17,"R4,175,000",3975000,Sold
L101210,Rooihuiskraal,House,4.0,302.0,2026-02-03,2026-04-20,R 4 350 000,R 4 307 000.00,Sold
L100567,Waterkloof,House,5.0,337.0,2023-12-02,2024-01-04,8580000,8580000,Sold
L102446,  waterkloof ,House,,144.0,2023-10-07,2023-10-22,R 4 061 000.00,R 4 061 000.00,Sold
L100548,Rooihuiskraal,Apartment,2.0,138.0,2024-03-04,2024-04-15,"R1,930,000","R1,832,000",Sold
L101717,Irene,Apartment,,76.0,2025-08-12,2025-09-22,R 1 553 000.00,R 1 481 000,Sold
L100864,Waterkloof Ridge,House,5.0,333.0,2023-05-02,2023-06-14,"R9,322,000",R 9 322 000.00,Sold
L104624,WATERKLOOF RIDGE,House,3.0,172.0,2023-10-21,2023-11-06,"R4,909,000",R 4 827 000.00,Sold
L101392,  waterkloof ridge ,House,4.0,242.0,2023-10-05,2023-11-25,R 6 615 000,R 6 493 000.00,Sold
L105354,Sandton,House,4.0,185.0,2024-07-27,2024-08-15,"R6,443,000","R6,443,000",Sold
L104073,Groenkloof,Apartment,2.0,129.0,2026-01-13,2026-01-30,R 3 180 000.00,R 3 003 000.00,Sold
L104881,Irene,Apartment,1.0,78.0,2023-09-17,2023-11-16,1259000,R 1 167 000,Sold
L102142,Rooihuiskraal,House,4.0,263.0,2025-12-16,2025-12-27,"R4,142,000",R 3 828 000.00,Sold
L104865,Waterkloof Ridge,House,3.0,182.0,2025-09-05,2025-11-13,6161000,"R5,948,000",Sold
L100720,Faerie Glen,House,2.0,160.0,2023-09-15,2023-10-14,R 2 662 000,R 2 565 000.00,Sold
L104765,Brooklyn,House,2.0,179.0,2025-05-09,2025-05-20,R 4 478 000,"R4,419,000",Sold
L102995,Lynnwood,Townhouse,4.0,296.0,2024-06-01,2024-07-03,R 5 204 000,5026000,Sold
L100690,Brooklyn,House,3.0,241.0,2024-10-12,2024-11-06,4772000,R 4 772 000,Sold
L102509,Centurion,Apartment,1.0,81.0,2025-05-05,2025-09-02,R 1 440 000.00,"R1,405,000",Sold
L101773,Bryanston,Townhouse,2.0,218.0,2024-01-27,2024-03-05,4609000,R 4 412 000,Sold
L100602,Sandton,House,4.0,260.0,2025-01-27,2025-03-13,"R9,283,000",R 8 886 000,Sold
L105626,Centurion,House,,214.0,2024-12-14,2025-02-02,3417000,R 3 319 000.00,Sold
L102834,Centurion,House,,243.0,2026-02-22,2026-04-09,R 5 642 000.00,R 5 373 000,Sold
L102306,Faerie Glen Ext,Apartment,2.0,97.0,2023-10-07,2023-11-08,R 1 285 000.00,R 1 269 000.00,Sold
L102410,Centurion,Apartment,2.0,,2024-02-11,2024-03-11,R 1 523 000.00,R 1 468 000.00,Sold
L104498,Bryanston,Apartment,2.0,133.0,2023-02-19,2023-05-28,3293000,3140000,Sold
L100503,Faerie Glen,Apartment,1.0,110.0,2023-06-03,2023-08-18,R 1 770 000,1705000,Sold
L104586,Faerie Glen,Apartment,1.0,88.0,2023-12-01,2023-12-19,1151000,"R1,116,000",Sold
L100318,BROOKLYN,House,1.0,160.0,2023-05-30,2023-07-23,3473000,"R3,288,000",Sold
L103471,Lynnwood,House,6.0,428.0,2025-09-08,2025-10-15,11375000,R 11 098 000,Sold
L101973,Menlo Park,House,4.0,273.0,2026-01-12,2026-02-10,"R6,668,000",6302000,Sold
L100274,Centurion,House,6.0,342.0,2024-05-21,2024-07-12,R 5 895 000,R 5 895 000.00,Sold
L105252,Brooklyn,House,,231.0,2025-02-23,2025-03-07,"R6,162,000","R6,162,000",Sold
L103492,Bryanston,Townhouse,2.0,129.0,2023-09-15,2023-09-29,R 3 184 000.00,2994000,Sold
L101361,Menlo Park,Apartment,1.0,57.0,2026-04-04,2026-05-13,R 1 148 000,1147000,Sold
L104173,Brooklyn,House,2.0,219.0,2023-01-10,2023-01-23,R 4 463 000,4264000,Sold
L101526,Menlo Park,Apartment,1.0,,2025-09-27,2025-10-24,1918000,R 1 804 000.00,Sold
L102463,Irene,Apartment,1.0,85.0,2024-11-01,2024-11-19,R 1 510 000.00,R 1 450 000,Sold
L103154,Groenkloof,House,1.0,135.0,2023-03-01,2023-03-22,R 2 681 000,R 2 639 000.00,Sold
L103128,Centurion,House,3.0,245.0,2023-12-19,2024-02-03,3633000,3505000,Sold
L102387,Waterkloof,Apartment,1.0,42.0,2024-03-06,2024-03-26,"R1,036,000","R1,036,000",Sold
L102380,Bryanston,House,4.0,238.0,2025-08-23,2025-09-25,6202000,"R5,665,000",Sold
L105943,BRYANSTON,House,4.0,214.0,2025-05-14,2025-06-25,7001000,6920000,Sold
L103127,Waterkloof Ridge,Apartment,2.0,50.0,2024-04-02,,1352000,,Withdrawn
L105921,Waterkloof,Apartment,1.0,54.0,2023-10-13,,"R1,178,000",,Withdrawn
L105914,Brooklyn,Townhouse,,141.0,2025-07-08,2025-08-13,"R2,918,000",R 2 886 000,Sold
L100945,BROOKLYN,Apartment,2.0,76.0,2023-09-20,2023-10-09,R 1 589 000,R 1 589 000.00,Sold
L104803,Lynnwood,House,4.0,274.0,2023-12-07,2024-02-24,R 5 091 000,4821000,Sold
L105893,Bryanston,Apartment,1.0,55.0,2023-01-17,2023-03-20,1311000,R 1 233 000,Sold
L100295,Sandton,Apartment,2.0,68.0,2025-07-27,2025-08-29,2383000,R 2 213 000.00,Sold
L102288,Groenkloof,House,4.0,242.0,2025-10-24,2026-01-07,5549000,R 5 258 000,Sold
L102272,Rooihuiskraal,Townhouse,2.0,203.0,2023-03-01,2023-03-31,R 2 716 000.00,R 2 498 000.00,Sold
L100298,Rooihuiskraal,House,5.0,335.0,2023-09-03,2023-12-14,4085000,R 4 035 000,Sold
L100068,Waterkloof,House,2.0,258.0,2024-02-16,2024-03-04,R 6 222 000,R 6 222 000.00,Sold
L104472,Centurion,Apartment,1.0,60.0,2024-10-20,2024-11-09,R 1 041 000,R 979 000.00,Sold
L100736,Groenkloof,House,4.0,295.0,2023-09-12,2023-11-01,R 5 348 000,R 5 348 000,Sold
L101598,Bryanston,House,5.0,276.0,2023-11-13,2023-12-28,8014000,R 7 817 000.00,Sold
L102462,Waterkloof Rdg,Apartment,1.0,74.0,2025-05-30,2025-06-28,R 2 350 000,R 2 202 000.00,Sold
L103106,Menlo Park,House,2.0,164.0,2024-01-02,2024-03-24,3553000,R 3 470 000.00,Sold
L103790,Brooklyn,House,2.0,174.0,2023-12-17,2024-02-08,"R3,928,000",R 3 928 000.00,Sold
L101503,  lynnwood ,House,3.0,228.0,2023-06-08,2023-07-19,5951000,"R5,478,000",Sold
L102157,Brooklyn,House,4.0,302.0,2025-05-28,2025-07-20,R 7 793 000.00,R 7 793 000.00,Sold
L100150,Bryanston,Apartment,1.0,137.0,2026-03-25,2026-04-11,3915000,"R3,639,000",Sold
L100756,Menlo  Park,Apartment,1.0,72.0,2024-01-02,2024-01-30,1596000,1570000,Sold
L105013,Centurion,House,3.0,231.0,2025-07-28,2025-08-05,"R5,854,000",5854000,Sold
L103641,Waterkloof,House,2.0,152.0,2026-04-25,2026-06-29,R 4 562 000.00,"R4,478,000",Sold
L101703,Centurion,Apartment,2.0,82.0,2026-03-26,2026-06-02,R 1 729 000.00,"R1,729,000",Sold
L105572,Faerie Glen,House,4.0,269.0,2024-07-29,2024-10-17,R 5 481 000,R 5 434 000,Sold
L103089,Sandton,House,3.0,264.0,2023-04-28,2023-05-14,7149000,"R6,928,000",Sold
L100169,Sandton,Apartment,1.0,90.0,2025-12-12,2026-01-16,2841000,R 2 737 000.00,Sold
L103165,Centurion,House,3.0,164.0,2025-03-12,2025-05-11,R 3 272 000,"R3,042,000",Sold
L100376,Sandton,House,3.0,247.0,2023-06-21,2023-10-19,R 7 064 000.00,6956000,Sold
L102119,Brooklyn,Apartment,2.0,172.0,2024-11-01,2024-11-27,R 4 005 000.00,R 3 906 000.00,Sold
L104102,Faerie Glen,Townhouse,2.0,135.0,2024-04-05,2024-05-10,2763000,R 2 614 000,Sold
L100859,Faerie Glen,House,4.0,214.0,2024-06-28,2024-09-24,R 3 267 000.00,3139000,Sold
L105769,Centurion,House,4.0,284.0,2025-08-07,2025-09-16,"R5,692,000",5335000,Sold
L104902,Groenkloof,House,5.0,365.0,2023-02-05,2023-03-09,R 8 017 000,"R7,461,000",Sold
L105772,Brooklyn,House,1.0,124.0,2023-01-26,2023-02-12,R 2 226 000.00,R 2 054 000.00,Sold
L100378,Menlo Park,House,5.0,287.0,2023-12-03,2023-12-18,"R6,513,000",R 5 946 000,Sold
L102828,Bryanston,House,4.0,238.0,2025-02-16,2025-03-13,7461000,R 7 461 000.00,Sold
L103700,Bryanston,House,4.0,280.0,2025-10-07,2025-11-27,R 8 304 000,R 8 266 000,Sold
L101294,Menlo Park,Apartment,2.0,70.0,2025-03-22,2025-04-03,"R1,546,000",1522000,Sold
L105475,Waterkloof Ridge,House,5.0,301.0,2024-09-05,2024-09-23,R 7 245 000.00,R 6 971 000,Sold
L104853,Waterkloof Ridge,Apartment,1.0,97.0,2023-05-13,2023-06-12,2205000,"R2,182,000",Sold
L101432,Waterkloof,Apartment,2.0,120.0,2023-02-05,2023-02-20,2356000,"R2,340,000",Sold
L102812,Centurion,Apartment,1.0,73.0,2024-12-20,2025-01-12,"R1,132,000",1132000,Sold
L104271,  lynnwood ,Apartment,2.0,183.0,2024-08-07,2024-08-25,"R4,086,000","R3,989,000",Sold
L105961,Groenkloof,House,,206.0,2023-02-01,2023-03-22,"R4,008,000","R3,947,000",Sold
L101779,Lynnwood,Apartment,1.0,69.0,2024-07-04,2024-08-06,"R1,361,000",R 1 280 000.00,Sold
L104224,Groenkloof,Apartment,1.0,5400.0,2024-09-04,2024-09-19,1018000,"R986,000",Sold
L103360,Menlo Park,House,4.0,251.0,2023-05-15,2023-08-10,R 4 848 000,R 4 644 000.00,Sold
L104667,Menlo Park,House,4.0,327.0,2023-02-11,,5286000,,Withdrawn
L101818,Faerie Glen,Townhouse,3.0,166.0,2024-11-05,2025-01-24,"R3,113,000",2959000,Sold
L104144,Lynnwood,House,1.0,122.0,2025-07-04,2025-08-02,"R3,411,000",R 3 396 000,Sold
L100841,Rooihuiskraal,Townhouse,,167.0,2023-12-25,2024-04-21,R 2 517 000.00,2457000,Sold
L102678,Centurion,Apartment,,68.0,2023-09-12,2024-01-03,R 1 071 000,1044000,Sold
L101189,Centurion,Apartment,2.0,101.0,2025-02-07,2025-03-23,"R1,757,000",1686000,Sold
L100175,Waterkloof,Townhouse,2.0,194.0,2023-07-05,2023-08-13,"R3,960,000","R3,665,000",Sold
L102135,Faerie Glen,House,3.0,204.0,2025-10-02,2025-11-23,R 4 176 000,3888000,Sold
L102922,Groenkloof,House,5.0,307.0,2023-06-23,2023-07-31,R 5 523 000.00,R 5 363 000.00,Sold
L100927,Bryanston,Townhouse,1.0,125.0,2023-04-07,2023-05-22,2955000,R 2 863 000.00,Sold
L105166,Menlo Park,House,5.0,281.0,2024-06-21,2024-07-27,R 6 906 000,R 6 906 000,Sold
L100045,ROOIHUISKRAAL,House,3.0,261.0,2024-01-28,2024-03-15,4151000,R 4 106 000.00,Sold
L101260,Waterkloof,Townhouse,2.0,167.0,2025-05-10,2025-07-27,R 3 619 000.00,R 3 528 000.00,Sold
L101096,Groenkloof,House,3.0,232.0,2024-05-05,2024-05-26,"R6,713,000","R6,529,000",Sold
L101443,Waterkloof,House,6.0,380.0,2023-04-26,,R 9 504 000.00,,Withdrawn
L105385,  rooihuiskraal ,House,3.0,275.0,2025-06-01,,R 4 798 000,,Withdrawn
L102210,Sandton,House,5.0,405.0,2024-09-02,2024-10-23,13410000,R 12 485 000.00,Sold
L103258,Irene,House,,279.0,2024-10-09,2024-11-23,"R5,950,000",R 5 731 000.00,Sold
L101187,Sandton,House,2.0,199.0,2024-03-20,2024-04-14,R 5 717 000.00,"R5,555,000",Sold
L105190,Irene,House,2.0,165.0,2023-04-07,2023-05-04,R 2 905 000.00,R 2 849 000,Sold
L102767,Centurion,Townhouse,4.0,217.0,2023-01-30,2023-02-14,R 3 623 000,R 3 564 000,Sold
L101030,Irene,House,4.0,307.0,2024-08-10,2024-10-16,6263000,"R6,106,000",Sold
L102350,Waterkloof,Townhouse,2.0,107.0,2023-02-21,2023-04-02,"R2,478,000",2396000,Sold
L100300,Rooihuiskraal,House,1.0,96.0,2024-10-26,2024-11-24,"R1,359,000",R 1 324 000,Sold
L105083,Waterkloof,Apartment,2.0,74.0,2026-04-02,2026-05-25,2301000,R 2 301 000.00,Sold
L101472,Waterkloof Ridge,House,3.0,268.0,2025-03-14,2025-04-08,"R7,077,000","R6,980,000",Sold
L100283,Brooklyn,House,3.0,272.0,2025-02-18,2025-02-27,R 5 815 000.00,"R5,717,000",Sold
L102596,  waterkloof ,Apartment,1.0,67.0,2025-09-24,2025-10-31,"R1,511,000",R 1 445 000.00,Sold
L102582,WATERKLOOF,House,5.0,372.0,2024-12-18,2025-01-03,R 9 585 000,R 9 061 000.00,Sold
L104844,Lynnwood,House,5.0,318.0,2025-04-23,,R 9 163 000.00,,Withdrawn
L103479,Irene,Apartment,1.0,110.0,2025-02-09,2025-04-12,1879000,R 1 733 000.00,Sold
L101813,Brooklyn,House,2.0,130.0,2025-07-18,2025-08-03,R 3 369 000.00,R 3 365 000,Sold
L104041,Rooihuiskraal,House,4.0,252.0,2025-05-02,2025-05-13,R 4 505 000,4298000,Sold
L102728,Lynnwood,House,3.0,177.0,2024-09-30,2024-11-01,R 3 389 000,3182000,Sold
L104221,Waterkloof,Apartment,2.0,83.0,2026-03-23,2026-04-08,2228000,"R2,097,000",Sold
L103820,Rooihuiskraal,Apartment,1.0,89.0,2024-04-08,,R 1 323 000,,Withdrawn
L102232,Waterkloof Ridge,Townhouse,4.0,204.0,2024-12-17,2025-03-06,"R6,410,000",R 6 410 000.00,Sold
L103050,Bryanston,House,,272.0,2025-10-10,2025-11-07,R 8 908 000.00,"R8,899,000",Sold
L101338,Bryanston,House,,327.0,2024-02-23,2024-04-01,R 10 282 000,R 10 282 000.00,Sold
L102370,Lynnwood,House,4.0,273.0,2023-02-01,2023-03-05,4941000,4906000,Sold
L105827,Brooklyn,House,2.0,182.0,2024-05-04,2024-05-30,"R3,786,000","R3,709,000",Sold
L103958,Waterkloof Ridge,House,2.0,193.0,2024-01-15,2024-02-12,5186000,R 4 866 000,Sold
L105261,Irene,Apartment,1.0,63.0,2023-09-16,2023-11-21,R 1 131 000,R 1 116 000,Sold
L102091,Bryanston,House,4.0,340.0,2025-08-04,2025-10-14,"R11,469,000",R 11 403 000,Sold
L104608,  waterkloof ridge ,Townhouse,1.0,140.0,2024-03-26,2024-05-15,3184000,R 2 934 000.00,Sold
L103159,Menlo Park,House,3.0,189.0,2023-12-07,2023-12-29,"R3,693,000","R3,693,000",Sold
L105570,Waterkloof Ridge,Apartment,2.0,97.0,2023-04-24,2023-05-21,"R2,326,000",R 2 118 000,Sold
L100257,Waterkloof Ridge,House,3.0,268.0,2023-04-12,2023-04-30,R 8 398 000,"R8,139,000",Sold
L100507,Bryanston,House,2.0,231.0,2023-01-30,2023-02-17,R 6 686 000,R 6 686 000,Sold
L102377,Irene,Apartment,1.0,40.0,2023-04-03,2023-06-23,"R614,000",R 587 000,Sold
L100099,Sandton,House,3.0,222.0,2025-05-04,2025-05-17,"R8,078,000",R 7 475 000.00,Sold
L100794,Waterkloof,Apartment,2.0,94.0,2024-10-23,2024-11-04,"R2,535,000",R 2 356 000.00,Sold
L100744,Faerie Glen,House,3.0,,2025-05-31,2025-06-29,R 4 747 000,R 4 535 000.00,Sold
L102195,Bryanston,House,3.0,214.0,2023-08-01,2023-11-29,R 5 713 000,5378000,Sold
L105659,Centurion,Townhouse,2.0,130.0,2025-12-21,2026-02-25,R 2 424 000.00,R 2 424 000,Sold
L101375,Waterkloof,House,4.0,243.0,2023-12-27,2024-01-17,R 6 670 000,R 6 432 000,Sold
L104019,Centurion,Apartment,1.0,60.0,2025-02-09,,R 935 000,,Withdrawn
L103971,Waterkloof Ridge,House,3.0,188.0,2024-04-03,,"R4,329,000",,Withdrawn
L103682,Lynnwood,Townhouse,2.0,151.0,2025-12-30,2026-01-31,R 3 439 000,R 3 306 000.00,Sold
L105944,Waterkloof,House,3.0,239.0,2024-12-25,2025-01-18,"R5,889,000","R5,747,000",Sold
L104305,Waterkloof Ridge,Apartment,2.0,114.0,2026-01-10,2026-02-12,"R3,236,000",3039000,Sold
L101157,Waterkloof,Townhouse,2.0,,2023-12-05,2024-02-03,R 2 843 000,"R2,741,000",Sold
L101858,Brooklyn,Apartment,1.0,,2025-01-11,2025-02-13,"R1,902,000",1778000,Sold
L104448,Faerie Glen,House,5.0,,2023-02-15,2023-03-09,R 7 472 000,"R7,472,000",Sold
L102584,Waterkloof,Apartment,1.0,47.0,2024-02-11,2024-03-05,R 1 079 000,R 1 035 000.00,Sold
L105002,Rooihuiskraal,Apartment,2.0,103.0,2024-09-22,2024-11-15,"R1,299,000",R 1 272 000,Sold
L101437,Faerie Glen,House,3.0,205.0,2024-04-28,2024-06-06,3498000,3354000,Sold
L105941,Irene,House,3.0,215.0,2025-06-20,2025-09-29,3747000,R 3 421 000.00,Sold
L100366,Rooihuiskraal,House,,264.0,2023-01-08,2023-02-17,4006000,R 3 743 000,Sold
L102389,Waterkloof,Apartment,2.0,119.0,2024-03-31,2024-04-27,"R2,441,000",2423000,Sold
L105634,Waterkloof Ridge,House,,298.0,2023-05-17,2023-06-06,R 8 445 000.00,8445000,Sold
L100402,Rooihuiskraal,House,2.0,149.0,2023-11-11,2023-12-07,R 2 199 000,R 2 156 000,Sold
L104731,Sandton,House,4.0,280.0,2025-08-01,2025-09-06,R 9 535 000,"R8,543,000",Sold
L103733,Irene,House,2.0,205.0,2025-01-12,2025-02-28,"R3,948,000",3860000,Sold
L100949,Menlo Park,Townhouse,2.0,129.0,2024-12-26,2025-02-23,"R2,961,000",2936000,Sold
L102893,Irene,House,5.0,330.0,2026-02-26,2026-04-21,R 7 349 000.00,R 6 887 000.00,Sold
L104101,Centurion,Apartment,1.0,80.0,2024-01-04,2024-02-09,1245000,1245000,Sold
L100019,Centurion,Townhouse,2.0,88.0,2024-07-09,2024-08-01,R 1 356 000.00,R 1 296 000,Sold
L100229,Waterkloof Ridge,House,4.0,194.0,2025-02-06,2025-03-19,"R7,568,000",R 7 099 000.00,Sold
L104267,  bryanston ,House,3.0,183.0,2024-11-23,2025-03-10,"R5,456,000",R 5 311 000.00,Sold
L100668,Brooklyn,House,2.0,159.0,2023-05-04,2023-06-16,R 3 806 000.00,R 3 635 000,Sold
L100218,Sandton,House,4.0,341.0,2023-01-05,2023-02-23,R 11 105 000,10855000,Sold
L105557,Menlo Park,Townhouse,2.0,154.0,2026-01-20,2026-02-08,R 4 033 000,R 3 864 000,Sold
L104140,Lynnwood,House,6.0,361.0,2024-07-14,2024-08-20,R 9 078 000,9078000,Sold
L101962,Irene,Apartment,,61.0,2023-06-01,2023-07-19,R 878 000,"R863,000",Sold
L105963,Menlo  Park,House,5.0,335.0,2025-05-27,2025-06-23,"R7,792,000",R 7 737 000,Sold
L102615,Faerie Glen,Apartment,2.0,92.0,2023-08-01,2023-08-14,"R1,839,000",R 1 735 000.00,Sold
L104470,Sandton,House,5.0,279.0,2024-07-24,2024-08-11,"R8,854,000","R8,355,000",Sold
L100585,Centurion,House,2.0,180.0,2023-09-26,2023-10-20,2928000,"R2,779,000",Sold
L104003,Brooklyn,House,3.0,200.0,2025-05-14,2025-06-07,R 4 541 000,R 4 525 000,Sold
L103039,Centurion,House,4.0,249.0,2024-11-28,2024-12-11,R 4 931 000,R 4 547 000,Sold
L102687,Centurion,House,5.0,283.0,2023-03-13,2023-04-21,R 5 407 000,5220000,Sold
L104066,Brooklyn,House,5.0,255.0,2025-12-10,,R 6 543 000,,Withdrawn
L103982,Irene,Townhouse,4.0,236.0,2024-02-08,2024-04-02,"R4,779,000","R4,779,000",Sold
L100777,Groenkloof,House,6.0,400.0,2025-07-01,2025-07-19,7831000,"R7,473,000",Sold
L105047,Bryanston,House,4.0,355.0,2025-08-31,2025-10-20,R 10 762 000,"R10,340,000",Sold
L105542,Irene,House,4.0,270.0,2026-02-06,2026-04-07,5800000,5776000,Sold
L103328,Faerie Glen,House,2.0,195.0,2026-04-13,2026-06-22,R 4 313 000,R 4 142 000.00,Sold
L101491,  bryanston ,Townhouse,2.0,154.0,2023-04-06,2023-05-06,R 3 508 000,3440000,Sold
L105310,Lynnwood,House,3.0,268.0,2023-02-21,,R 4 188 000,,Withdrawn
L103846,Centurion,Apartment,1.0,89.0,2025-03-25,2025-03-30,R 1 605 000,R 1 605 000,Sold
L102164,Bryanston,House,6.0,384.0,2026-03-01,2026-05-08,R 12 367 000,11798000,Sold
L104570,Brooklyn,Apartment,1.0,88.0,2026-03-25,,2123000,,Withdrawn
L103034,Sandton,House,2.0,183.0,2024-12-17,2025-02-06,"R6,485,000",R 6 146 000,Sold
L100517,Centurion,Apartment,1.0,92.0,2024-01-15,2024-05-14,R 1 365 000.00,R 1 346 000,Sold
L102843,Brooklyn,Apartment,2.0,104.0,2025-08-18,2025-10-10,"R2,665,000",2568000,Sold
L105362,Waterkloof Rdg,Townhouse,3.0,205.0,2024-01-05,2024-02-09,R 5 385 000,R 5 222 000,Sold
L103835,Lynnwood,House,4.0,236.0,2024-11-14,2024-12-19,R 6 048 000,R 6 048 000.00,Sold
L102763,Menlo Park,Apartment,1.0,76.0,2024-07-01,2024-07-23,1706000,R 1 638 000.00,Sold
L100568,Menlo Park,Apartment,1.0,85.0,2025-01-06,2025-02-03,R 1 868 000.00,R 1 846 000,Sold
L100360,Sandton,House,3.0,191.0,2023-10-05,,R 6 130 000.00,,Withdrawn
L102414,Faerie Glen,House,6.0,577.0,2024-11-12,,9503000,,Withdrawn
L100759,Lynnwood,House,2.0,211.0,2023-11-06,2024-01-19,4226000,R 4 173 000,Sold
L102669,Lynnwood,Townhouse,2.0,,2024-08-13,2024-09-19,R 3 109 000.00,"R2,867,000",Sold
L103922,Menlo  Park,Apartment,1.0,57.0,2024-12-23,2025-02-08,"R1,204,000","R1,194,000",Sold
L103844,Sandton,House,5.0,,2024-06-24,2024-07-18,R 10 736 000,R 10 736 000.00,Sold
L100214,Centurion,House,4.0,307.0,2023-02-10,,R 4 342 000,,Withdrawn
L102851,Lynnwood,House,5.0,415.0,2024-02-21,,8935000,,Withdrawn
L104172,Sandton,Townhouse,1.0,173.0,2025-06-29,2025-08-18,"R5,902,000",5841000,Sold
L102098,Waterkloof Ridge,House,4.0,354.0,2024-02-25,2024-03-22,R 9 839 000,R 9 839 000.00,Sold
L104776,LYNNWOOD,Townhouse,1.0,162.0,2026-03-31,2026-05-09,3765000,R 3 765 000.00,Sold
L100725,Waterkloof,House,4.0,183.0,2023-07-28,2023-08-26,R 4 491 000.00,R 4 170 000.00,Sold
L102602,Lynnwood,House,3.0,222.0,2024-07-22,2024-07-30,5055000,"R4,925,000",Sold
L100049,Waterkloof Ridge,House,6.0,361.0,2025-03-08,2025-06-05,R 11 519 000.00,"R11,519,000",Sold
L104782,Sandton,House,4.0,273.0,2025-03-31,2025-05-05,R 8 646 000,8393000,Sold
L100887,Waterkloof Ridge,House,5.0,402.0,2023-10-02,2023-11-06,R 14 159 000.00,R 14 159 000.00,Sold
L104205,Rooihuiskraal,Apartment,2.0,120.0,2026-01-06,2026-02-12,R 1 889 000.00,R 1 848 000,Sold
L100516,Menlo Pk,Apartment,1.0,111.0,2025-08-15,2025-09-14,R 2 634 000,R 2 634 000.00,Sold
L103096,Waterkloof,House,4.0,234.0,2023-05-17,2023-05-29,R 5 481 000.00,5209000,Sold
L100139,WATERKLOOF,House,4.0,288.0,2025-02-27,2025-04-21,"R8,739,000","R8,739,000",Sold
L102585,Lynnwood,House,6.0,384.0,2025-03-06,2025-04-09,"R10,399,000","R9,661,000",Sold
L103757,Brooklyn,House,5.0,343.0,2025-08-06,2025-09-02,R 8 202 000.00,"R7,650,000",Sold
L102600,Lynnwood,House,6.0,350.0,2025-09-02,2025-10-10,R 7 932 000,"R7,440,000",Sold
L100463,Brooklyn,House,5.0,313.0,2026-01-30,2026-04-19,8636000,R 8 636 000,Sold
L105457,Centurion,House,4.0,310.0,2026-02-27,2026-05-02,"R6,087,000","R5,931,000",Sold
L103218,Brooklyn,Apartment,1.0,49.0,2024-12-30,2025-02-09,"R987,000",987000,Sold
L100594,Waterkloof,Townhouse,1.0,145.0,2026-01-31,2026-02-27,4692000,R 4 591 000.00,Sold
L100450,Waterkloof,House,4.0,248.0,2024-09-06,2024-10-05,7787000,7787000,Sold
L102801,Faerie Glen,House,3.0,216.0,2023-10-01,2023-11-23,"R3,331,000","R3,200,000",Sold
L103967,Groenkloof,Apartment,1.0,90.0,2025-05-02,2025-05-21,"R1,846,000",1846000,Sold
L100312,Brooklyn,Townhouse,1.0,121.0,2023-12-25,2024-01-13,2916000,"R2,761,000",Sold
L102299,Centurion,House,3.0,278.0,2023-10-29,2023-11-17,R 5 249 000.00,R 5 123 000,Sold
L103586,Lynnwood,House,4.0,320.0,2023-12-08,2023-12-19,6501000,"R6,146,000",Sold
L100451,Bryanston,House,,331.0,2023-09-28,,R 9 459 000.00,,Withdrawn
L104936,Menlo  Park,Apartment,1.0,70.0,2025-01-25,2025-03-11,R 1 408 000,R 1 397 000,Sold
L100890,Menlo Park,Apartment,1.0,80.0,2025-09-25,2025-11-07,1620000,R 1 587 000,Sold
L104839,Groenkloof,Apartment,1.0,40.0,2023-09-11,2023-11-10,719000,698000,Sold
L103574,Menlo Park,House,4.0,339.0,2024-12-02,2025-01-26,R 7 244 000.00,7130000,Sold
L102312,Menlo Park,House,6.0,412.0,2024-07-24,2024-08-27,"R9,873,000",R 9 036 000,Sold
L105724,Rooihuiskraal,House,5.0,289.0,2023-07-28,2023-10-31,3946000,R 3 674 000,Sold
L100999,Brooklyn,Apartment,1.0,156.0,2023-09-22,2023-11-16,R 2 908 000,"R2,800,000",Sold
L104427,Waterkloof Ridge,Apartment,1.0,134.0,2023-11-22,,"R2,956,000",,Withdrawn
L101476,Lynnwood,House,4.0,276.0,2024-05-16,2024-07-09,R 7 533 000,R 7 303 000.00,Sold
L105503,Irene,Apartment,2.0,78.0,2023-11-30,2023-12-22,R 1 638 000.00,"R1,544,000",Sold
L105098,Bryanston,House,4.0,272.0,2024-06-09,2024-07-08,7884000,R 7 459 000.00,Sold
L105154,Waterkloof,House,2.0,175.0,2025-11-08,2025-11-22,"R5,093,000",R 4 955 000,Sold
L105155,Waterkloof,House,2.0,202.0,2023-04-01,2023-05-31,4809000,R 4 809 000.00,Sold
L103816,Lynnwood,House,3.0,261.0,2026-04-26,2026-07-15,"R5,460,000",R 4 975 000.00,Sold
L102917,  bryanston ,House,3.0,168.0,2024-12-10,2025-01-08,R 4 599 000.00,4599000,Sold
L105440,Waterkloof Ridge,House,,151.0,2024-11-03,2024-11-16,R 3 604 000,3389000,Sold
L101293,Menlo Park,House,2.0,164.0,2023-06-14,2023-07-18,4078000,R 4 048 000,Sold
L105388,Lynnwood,House,5.0,290.0,2025-11-15,2025-12-13,"R6,557,000",R 6 056 000,Sold
L105113,Sandton,House,6.0,388.0,2023-02-08,2023-03-04,"R11,779,000",R 11 638 000.00,Sold
L101907,Waterkloof,Apartment,2.0,149.0,2024-10-11,2024-11-10,R 3 530 000.00,"R3,463,000",Sold
L103908,Faerie  Glen,House,1.0,158.0,2025-10-06,2025-11-17,R 3 507 000,R 3 430 000.00,Sold
L104233,Rooihuiskraal,House,4.0,213.0,2025-11-09,2026-01-19,R 3 919 000,R 3 758 000,Sold
L100368,Menlo Park,Apartment,1.0,98.0,2024-11-11,2025-01-08,R 1 855 000,1855000,Sold
L101937,Irene,House,5.0,278.0,2023-03-10,2023-06-26,5294000,R 5 294 000,Sold
L101151,Bryanston,Apartment,1.0,54.0,2024-05-03,2024-06-07,1390000,R 1 255 000,Sold
L105120,Irene,Townhouse,2.0,143.0,2024-09-13,2024-10-23,R 2 860 000.00,R 2 795 000.00,Sold
L103094,Lynnwood,House,3.0,205.0,2026-04-14,2026-05-29,R 6 132 000,R 6 132 000,Sold
L103707,Centurion,Townhouse,2.0,188.0,2024-03-15,2024-04-18,R 3 520 000.00,R 3 458 000.00,Sold
L100191,Brooklyn,House,5.0,,2024-04-19,2024-05-10,"R8,477,000",8210000,Sold
L100174,Groenkloof,House,5.0,336.0,2025-05-03,2023-01-01,R 7 013 000,R 6 928 000.00,Sold
L103942,Groenkloof,Apartment,1.0,97.0,2023-05-09,2023-06-10,1919000,"R1,919,000",Sold
L104262,Brooklyn,House,5.0,342.0,2023-05-17,2023-06-03,R 8 922 000.00,R 8 900 000.00,Sold
L105804,Faerie Glen,Apartment,1.0,85.0,2023-10-11,2024-02-02,R 1 135 000.00,R 1 067 000,Sold
L105235,Irene,Apartment,1.0,64.0,2025-05-14,2025-06-06,R 1 438 000.00,1426000,Sold
L105319,MENLO PARK,House,2.0,120.0,2023-11-02,2023-11-30,R 2 401 000.00,R 2 374 000.00,Sold
L105955,Centurion,Apartment,1.0,107.0,2024-11-18,2024-12-05,R 2 040 000,2040000,Sold
L104739,Centurion,House,5.0,316.0,2026-01-05,2026-02-04,R 5 572 000.00,R 5 572 000,Sold
L103260,Waterkloof,Townhouse,2.0,181.0,2026-04-05,2026-06-01,R 3 826 000.00,3707000,Sold
L101164,Waterkloof Ridge,Townhouse,4.0,246.0,2023-04-25,2023-08-02,"R8,281,000","R8,281,000",Sold
L103313,Irene,Apartment,2.0,154.0,2026-03-05,2026-04-18,2992000,2801000,Sold
L104907,  waterkloof ridge ,House,4.0,209.0,2024-11-25,2024-12-30,R 5 643 000.00,R 5 322 000.00,Sold
L104552,WATERKLOOF,Townhouse,2.0,178.0,2025-10-29,2025-12-08,R 4 720 000,R 4 649 000,Sold
L101661,Centurion,Townhouse,2.0,158.0,2024-03-30,2024-04-24,2993000,R 2 937 000.00,Sold
L100508,Faerie Glen,Apartment,1.0,70.0,2023-09-21,2023-10-22,R 950 000,"R860,000",Sold
L100166,Bryanston,Apartment,3.0,83.0,2023-01-06,,R 2 184 000.00,,Withdrawn
L103413,Waterkloof,Townhouse,3.0,185.0,2023-03-16,2023-04-20,R 4 976 000.00,"R4,850,000",Sold
L105975,Brooklyn,House,3.0,217.0,2024-02-23,,R 4 190 000.00,,Withdrawn
L104471,Brooklyn,Apartment,1.0,79.0,2024-06-25,2024-07-22,1591000,1577000,Sold
L104410,Menlo Park,House,3.0,251.0,2023-08-26,,"R5,986,000",,Withdrawn
L100103,Sandton,Apartment,2.0,96.0,2023-06-20,2023-08-04,R 2 606 000.00,"R2,539,000",Sold
L105877,Groenkloof,House,2.0,98.0,2025-08-05,,R 2 117 000.00,,Withdrawn
L105400,Centurion,Apartment,1.0,66.0,2025-04-07,2025-05-24,1205000,R 1 149 000.00,Sold
L103213,Irene,House,3.0,238.0,2023-01-14,2023-04-05,R 5 338 000,"R5,338,000",Sold
L101752,Bryanston,Townhouse,3.0,188.0,2025-10-17,,R 6 598 000,,Withdrawn
L105459,Waterkloof,House,5.0,306.0,2024-08-20,2024-09-20,R 8 010 000,R 7 785 000.00,Sold
L102818,Lynnwood,Apartment,1.0,77.0,2024-04-20,2024-06-01,"R1,314,000",1288000,Sold
L101658,Lynnwood,House,3.0,175.0,2024-09-17,2024-10-19,3867000,R 3 867 000,Sold
L100152,Waterkloof Ridge,House,5.0,283.0,2024-12-22,2025-02-22,R 9 176 000,9176000,Sold
L103161,Sandton,Apartment,1.0,98.0,2024-03-26,,"R3,085,000",,Withdrawn
L101583,Brooklyn,Apartment,,97.0,2023-06-29,2023-07-29,2135000,2042000,Sold
L103339,Faerie Glen,House,4.0,323.0,2025-05-14,2025-05-27,R 6 428 000,6159000,Sold
L102663,Brooklyn,Townhouse,2.0,151.0,2024-07-02,2024-07-15,3705000,R 3 559 000.00,Sold
L105399,Waterkloof,Townhouse,2.0,113.0,2024-10-22,2025-01-23,"R2,837,000",2813000,Sold
L105820,Centurion,Apartment,1.0,92.0,2025-03-30,2025-05-19,R 1 532 000.00,R 1 497 000,Sold
L102754,Bryanston,House,4.0,269.0,2026-04-25,2026-07-26,R 10 739 000.00,"R10,732,000",Sold
L105344,Brooklyn,Apartment,1.0,77.0,2024-04-26,2024-06-13,R 1 690 000.00,1636000,Sold
L101822,Faerie Glen,House,2.0,137.0,2023-09-06,2023-09-22,2447000,2256000,Sold
L104714,  irene ,Apartment,2.0,110.0,2024-09-27,2024-12-09,2044000,1977000,Sold
L103326,Lynnwood,House,4.0,273.0,2023-08-26,2023-09-16,"R6,089,000",6089000,Sold
L100309,Waterkloof Ridge,Apartment,2.0,72.0,2025-05-07,2025-06-04,R 2 399 000,"R2,347,000",Sold
L103612,Irene,Apartment,2.0,71.0,2023-10-02,2023-10-18,1200000,1185000,Sold
L102694,Bryanston,Apartment,1.0,96.0,2023-12-29,2024-03-04,2233000,2179000,Sold
L105703,Rooihuiskraal,House,4.0,269.0,2025-06-22,2025-07-25,4412000,R 4 173 000.00,Sold
L100495,Faerie Glen,House,5.0,390.0,2025-04-27,2025-05-28,R 7 333 000.00,"R6,960,000",Sold
L100205,Brooklyn,Apartment,1.0,79.0,2024-05-21,2024-08-16,1578000,1578000,Sold
L101434,Groenkloof,House,5.0,382.0,2025-11-30,2026-01-29,R 8 616 000.00,R 8 463 000,Sold
L101135,Menlo Park,Apartment,1.0,66.0,2024-03-03,2024-04-25,"R1,211,000",1211000,Sold
L100868,Waterkloof Ridge,Apartment,1.0,83.0,2026-03-25,2026-07-22,2516000,2439000,Sold
L100305,Lynnwood,House,3.0,164.0,2025-09-23,2025-10-30,R 3 918 000,3862000,Sold
L101849,Rooihuiskraal,Apartment,2.0,119.0,2026-02-26,,1515000,,Withdrawn
L102328,Irene,Apartment,1.0,56.0,2023-04-07,,R 808 000,,Withdrawn
L101988,Sandton,Apartment,1.0,84.0,2023-07-23,2023-09-03,"R2,287,000","R2,114,000",Sold
L102857,Lynnwood,Townhouse,2.0,,2023-08-05,2023-08-27,R 3 509 000.00,R 3 395 000.00,Sold
L101534,Waterkloof,House,2.0,,2025-02-08,2025-03-06,4275000,4104000,Sold
L100843,Lynnwood,House,6.0,476.0,2023-12-28,2024-02-05,10302000,R 10 107 000,Sold
L101987,Centurion,Townhouse,2.0,107.0,2023-08-20,2023-09-04,1695000,R 1 673 000.00,Sold
L105438,Sandton,Apartment,2.0,73.0,2025-07-17,2025-10-06,R 2 256 000.00,2256000,Sold
L103994,Brooklyn,House,2.0,182.0,2025-08-03,2025-08-07,"R4,317,000",R 4 145 000.00,Sold
L102640,CENTURION,House,3.0,171.0,2023-04-03,2023-05-07,3502000,R 3 435 000,Sold
L103411,Waterkloof Ridge,House,4.0,260.0,2025-07-28,2025-10-01,R 8 181 000.00,"R7,916,000",Sold
L101538,Bryanston,House,5.0,345.0,2024-04-29,2024-05-24,9613000,R 9 486 000,Sold
L100211,IRENE,Apartment,1.0,85.0,2025-02-22,2025-05-24,"R1,855,000",R 1 690 000.00,Sold
L101957,Waterkloof,House,4.0,264.0,2023-07-01,2023-07-20,6830000,R 6 618 000.00,Sold
L103870,Menlo Park,House,4.0,253.0,2024-06-17,2024-07-20,R 5 208 000.00,"R5,079,000",Sold
L102418,Waterkloof,House,2.0,91.0,2025-05-10,2025-06-03,R 2 658 000.00,"R2,658,000",Sold
L105617,Bryanston,House,3.0,225.0,2024-12-01,2024-12-15,"R5,964,000",R 5 719 000,Sold
L101349,Waterkloof Ridge,House,2.0,134.0,2024-01-09,2024-02-08,3420000,R 3 275 000.00,Sold
L102228,Waterkloof,Townhouse,3.0,159.0,2024-09-05,2024-10-25,R 3 818 000,R 3 683 000,Sold
L104674,Centurion,Townhouse,3.0,179.0,2024-10-17,2024-11-06,"R3,161,000","R2,970,000",Sold
L100680,Waterkloof,Apartment,1.0,45.0,2025-11-11,2026-02-23,1089000,R 1 075 000,Sold
L100180,Bryanston,House,3.0,197.0,2023-05-26,2023-07-01,R 4 099 000.00,4009000,Sold
L103907,Bryanston,Apartment,2.0,76.0,2025-10-09,2025-11-19,R 2 425 000.00,"R2,235,000",Sold
L102318,Faerie Glen,House,5.0,291.0,2025-05-04,2025-06-04,"R5,877,000",R 5 841 000.00,Sold
L103422,Centurion,Apartment,1.0,102.0,2025-10-15,2025-12-26,R 1 534 000.00,R 1 441 000,Sold
L100278,Bryanston,Apartment,1.0,93.0,2025-04-18,2025-06-03,3280000,R 3 250 000.00,Sold
L100289,Waterkloof Ridge,Townhouse,2.0,184.0,2024-04-16,2024-06-24,"R5,303,000",5140000,Sold
L104585,Rooihuiskraal,Apartment,1.0,62.0,2024-12-28,2025-02-05,R 832 000,"R815,000",Sold
L100993,Groenkloof,House,6.0,406.0,2024-07-07,2024-07-21,8270000,R 8 075 000.00,Sold
L104876,Brooklyn,House,5.0,,2026-01-01,2026-02-19,"R6,928,000",R 6 786 000.00,Sold
L105045,Sandton,Apartment,2.0,91.0,2023-08-24,2023-09-22,R 2 322 000.00,2250000,Sold
L104306,Faerie Glen,House,3.0,183.0,2026-01-19,2026-03-10,R 3 516 000,3220000,Sold
L104898,Bryanston,House,3.0,230.0,2023-01-05,2023-02-04,7132000,R 7 027 000.00,Sold
L100270,Waterkloof,House,5.0,335.0,2023-08-03,2023-10-17,7998000,R 7 730 000.00,Sold
L102240,Brooklyn,House,4.0,292.0,2025-06-11,2025-06-17,R 7 960 000,"R7,960,000",Sold
L105656,Sandton,House,4.0,289.0,2024-04-01,2024-05-10,"R9,792,000",9595000,Sold
L102330,Irene,House,3.0,147.0,2023-04-19,,R 2 497 000,,Withdrawn
L104746,Lynnwood,House,3.0,235.0,2025-02-10,2025-02-22,R 5 111 000.00,"R4,744,000",Sold
L100111,Groenkloof,House,3.0,258.0,2024-11-08,2024-12-14,5475000,5475000,Sold
L101391,Bryanston,House,4.0,349.0,2025-09-07,2025-09-21,R 10 537 000,"R10,222,000",Sold
L100220,Brooklyn,House,4.0,227.0,2025-08-16,2025-09-11,R 5 216 000,R 5 142 000,Sold
L104540,Waterkloof,Townhouse,3.0,176.0,2025-04-05,2025-05-28,5334000,R 5 124 000,Sold
L100083,Groenkloof,House,5.0,324.0,2025-09-03,2025-11-18,"R9,319,000",R 9 198 000,Sold
L103571,Waterkloof  Ridge,Apartment,1.0,85.0,2025-05-04,2025-06-25,R 2 497 000,"R2,478,000",Sold
L103534,Centurion,Townhouse,2.0,132.0,2023-05-09,2023-07-27,R 2 176 000.00,R 2 120 000,Sold
L100461,Waterkloof Ridge,Apartment,1.0,100.0,2024-08-30,,"R2,966,000",,Withdrawn
L105372,Waterkloof,House,2.0,153.0,2025-10-14,2025-11-26,3872000,3693000,Sold
L100551,Groenkloof,House,,152.0,2024-06-25,2024-07-16,3647000,R 3 550 000,Sold
L102303,FAERIE GLEN,House,2.0,186.0,2025-08-01,2025-10-08,R 3 641 000.00,3641000,Sold
L105137,Waterkloof,Townhouse,2.0,202.0,2023-11-24,,R 4 214 000,,Withdrawn
L103807,Irene,House,2.0,156.0,2024-09-10,2024-11-15,"R3,194,000",R 3 024 000.00,Sold
L104338,Faerie Glen,House,4.0,236.0,2025-07-28,2025-08-03,R 4 127 000.00,R 4 081 000.00,Sold
L102146,Waterkloof Ridge,House,2.0,176.0,2026-02-21,2026-04-01,R 4 848 000.00,4475000,Sold
L102991,Bryanston,House,3.0,,2024-06-09,2024-07-24,R 4 211 000.00,R 4 211 000,Sold
L105706,Sandton,House,2.0,204.0,2025-09-09,2025-11-06,R 7 406 000,R 7 327 000.00,Sold
L100650,Lynnwood,Apartment,3.0,122.0,2026-04-26,2026-05-12,"R2,577,000",R 2 486 000,Sold
L100708,Lynnwood,Apartment,1.0,92.0,2024-04-16,2024-05-30,"R2,128,000","R2,000,000",Sold
L103927,Bryanston,House,4.0,308.0,2024-08-10,2024-08-19,R 9 171 000,R 9 096 000,Sold
L105405,Centurion,House,4.0,237.0,2024-12-16,2025-01-04,R 4 860 000.00,"R4,839,000",Sold
L103276,Faerie Glen,Apartment,2.0,139.0,2024-01-02,2024-02-01,R 2 027 000,R 1 880 000,Sold
L101424,Menlo Park,Apartment,2.0,89.0,2025-11-27,2025-12-26,2109000,R 2 016 000,Sold
L101216,Menlo Park,Apartment,1.0,92.0,2023-07-09,2023-09-01,"R1,930,000","R1,930,000",Sold
L104663,Waterkloof,Apartment,1.0,,2025-01-21,2025-02-22,1296000,"R1,296,000",Sold
L101924,Brooklyn,Apartment,1.0,92.0,2023-10-14,2023-11-30,1917000,R 1 915 000,Sold
L104293,Irene,House,4.0,301.0,2024-03-20,2024-03-30,5107000,5048000,Sold
L102792,Centurion,House,4.0,305.0,2023-02-06,2023-03-22,"R4,829,000",4767000,Sold
L100314,Menlo Park,Apartment,2.0,72.0,2023-02-18,2023-03-20,R 1 434 000,"R1,344,000",Sold
L105670,IRENE,House,6.0,530.0,2024-12-20,2025-02-03,R 8 545 000.00,R 7 939 000.00,Sold
L101427,Waterkloof,House,4.0,287.0,2024-09-15,2024-10-22,6698000,6107000,Sold
L104707,Lynnwood,Apartment,2.0,104.0,2023-04-25,2023-06-18,1797000,R 1 637 000,Sold
L103053,Rooihuiskraal,Apartment,,70.0,2025-06-13,2025-08-22,R 1 211 000,1211000,Sold
L102942,Bryanston,House,6.0,374.0,2025-10-05,,"R10,546,000",,Withdrawn
L104017,  lynnwood ,Apartment,1.0,70.0,2026-03-12,2026-05-06,R 1 563 000.00,1519000,Sold
L103340,Menlo Park,House,6.0,339.0,2024-10-26,2024-11-27,"R9,105,000",9105000,Sold
L105799,  lynnwood ,House,3.0,255.0,2025-01-01,2025-01-20,"R5,493,000",R 5 459 000.00,Sold
L105351,Rooihuiskraal,House,6.0,411.0,2023-04-18,2023-06-04,R 4 795 000.00,R 4 204 000,Sold
L101837,Lynnwood,Apartment,1.0,117.0,2023-12-11,2024-01-30,2175000,R 2 166 000,Sold
L103753,Rooihuiskraal,House,,440.0,2023-07-28,2023-08-17,R 5 572 000,5285000,Sold
L100684,Centurion,House,6.0,370.0,2024-10-25,2024-11-19,"R7,532,000",R 7 532 000,Sold
L104475,Centurion,House,2.0,212.0,2024-12-12,2025-01-26,R 4 365 000,"R4,365,000",Sold
L105265,Waterkloof,House,4.0,256.0,2025-10-15,,R 8 787 000,,Withdrawn
L102829,Centurion,Townhouse,4.0,261.0,2023-10-13,,R 4 905 000,,Withdrawn
L104537,Bryanston,Apartment,1.0,73.0,2025-02-05,2025-03-24,2016000,R 2 016 000.00,Sold
L100326,Rooihuiskraal,Apartment,1.0,57.0,2025-08-24,2025-09-11,825000,779000,Sold
L105110,Groenkloof,House,2.0,213.0,2025-04-16,2025-05-05,5047000,4713000,Sold
L105917,Rooihuiskraal,Apartment,2.0,76.0,2025-12-01,,1127000,,Withdrawn
L102698,Lynnwood,House,5.0,304.0,2026-01-22,2026-02-14,6806000,R 6 568 000,Sold
L105285,Waterkloof Ridge,House,,178.0,2025-03-03,2025-04-05,R 4 977 000,"R4,929,000",Sold
L105603,Sandton,Townhouse,3.0,223.0,2025-04-02,2025-05-15,"R7,044,000","R6,578,000",Sold
L104152,Lynnwood,House,3.0,188.0,2026-04-22,2026-06-21,R 4 405 000,R 4 405 000,Sold
L102439,Rooihuiskraal,House,4.0,343.0,2024-09-19,2024-12-14,5318000,R 5 171 000.00,Sold
L103936,Menlo Park,House,3.0,261.0,2023-03-27,,R 5 024 000.00,,Withdrawn
L100348,Irene,House,6.0,457.0,2023-08-14,2023-10-13,R 8 284 000,R 8 181 000,Sold
L101626,Menlo Park,Townhouse,2.0,151.0,2025-11-19,2025-12-18,R 3 450 000.00,R 3 370 000,Sold
L105317,Sandton,House,3.0,224.0,2024-02-29,2024-03-27,R 6 230 000,R 6 113 000,Sold
L100871,Waterkloof,Apartment,1.0,77.0,2024-09-04,2024-12-12,1925000,"R1,925,000",Sold
L103080,Brooklyn,House,6.0,427.0,2023-04-27,,R 10 913 000.00,,Withdrawn
L105796,Faerie Glen,House,2.0,203.0,2025-12-04,,R 3 700 000.00,,Withdrawn
L102436,Irene,House,4.0,207.0,2024-03-14,2024-04-12,R 4 057 000,"R3,770,000",Sold
L102218,Sandton,House,5.0,395.0,2025-03-18,2025-04-02,R 13 782 000,R 13 635 000,Sold
L104790,Faerie Glen,Townhouse,1.0,102.0,2026-03-23,2026-06-14,R 2 167 000,2167000,Sold
L102121,Waterkloof,Apartment,1.0,,2024-01-05,2024-02-06,"R1,551,000",R 1 466 000.00,Sold
L102499,FAERIE GLEN,House,6.0,511.0,2023-06-18,2023-09-27,9660000,R 9 321 000.00,Sold
L100085,Waterkloof Rdg,Apartment,1.0,79.0,2026-01-26,2026-02-15,R 2 190 000.00,"R2,038,000",Sold
L105242,Brooklyn,House,3.0,179.0,2025-11-17,2025-11-30,"R3,619,000","R3,404,000",Sold
L101877,Menlo Park,Apartment,1.0,92.0,2025-07-16,,2070000,,Withdrawn
L104822,Centurion,House,4.0,320.0,2023-06-21,,R 4 741 000.00,,Withdrawn
L105229,Brooklyn,Apartment,2.0,132.0,2025-09-20,2025-09-30,2957000,2826000,Sold
L104108,Sandton,Apartment,1.0,54.0,2023-06-03,2023-06-30,R 1 774 000.00,"R1,774,000",Sold
L100494,Rooihuiskraal,Apartment,1.0,61.0,2024-10-05,2024-10-24,"R968,000",R 968 000.00,Sold
L103822,  faerie glen ,House,4.0,278.0,2024-04-29,2024-06-07,R 4 350 000,"R4,243,000",Sold
L103231,Waterkloof Ridge,Apartment,1.0,88.0,2023-06-07,2023-07-31,R 2 355 000.00,R 2 308 000.00,Sold
L104299,Centurion,Townhouse,3.0,180.0,2025-09-02,2025-10-16,R 3 171 000,R 2 982 000,Sold
L101270,Sandton,Apartment,2.0,123.0,2024-11-28,2025-03-28,R 4 100 000.00,R 4 092 000,Sold
L105171,Irene,Apartment,1.0,63.0,2024-01-09,2024-03-10,R 1 042 000.00,R 1 020 000,Sold
L102741,Bryanston,Apartment,2.0,56.0,2023-02-03,2023-02-20,"R1,506,000",1506000,Sold
L100625,Lynnwood,Townhouse,,183.0,2023-08-17,,R 3 495 000.00,,Withdrawn
L100618,Waterkloof Ridge,House,5.0,368.0,2025-02-10,2025-02-20,11188000,R 10 913 000,Sold
L105227,Waterkloof,Apartment,2.0,155.0,2023-12-17,2024-01-17,"R3,198,000",R 3 018 000.00,Sold
L105919,Brooklyn,House,6.0,397.0,2023-12-11,2024-01-19,"R7,833,000",R 7 604 000.00,Sold
L105883,Sandton,Townhouse,2.0,176.0,2026-01-18,,"R6,894,000",,Withdrawn
L102656,Lynnwood,House,2.0,172.0,2026-04-11,2026-06-04,R 4 301 000.00,R 4 301 000.00,Sold
L103214,Waterkloof Ridge,House,4.0,179.0,2025-03-27,2025-04-10,4780000,4742000,Sold
L103575,MENLO PARK,Apartment,2.0,92.0,2023-10-14,2023-12-08,2137000,R 2 070 000.00,Sold
L101413,Sandton,Apartment,3.0,138.0,2023-10-14,2023-10-25,"R4,237,000",R 4 127 000,Sold
L102201,Sandton,Townhouse,1.0,102.0,2023-02-12,2023-03-17,3111000,"R2,809,000",Sold
L105551,Waterkloof,Apartment,2.0,115.0,2023-04-15,2023-04-23,R 2 800 000,R 2 726 000.00,Sold
L104560,Sandton,House,3.0,141.0,2026-03-02,2026-04-05,"R5,500,000",R 5 412 000,Sold
L100869,GROENKLOOF,Apartment,2.0,65.0,2025-05-18,2025-06-02,1112000,1047000,Sold
L102006,Faerie Glen,House,4.0,,2024-01-11,2024-02-29,2737000,R 2 573 000,Sold
L105111,Irene,House,4.0,338.0,2025-03-29,2025-04-22,"R6,265,000",R 5 906 000,Sold
L100356,Rooihuiskraal,House,4.0,278.0,2025-08-04,2025-09-04,R 4 757 000,4567000,Sold
L101162,Bryanston,Apartment,1.0,49.0,2023-10-25,,1352000,,Withdrawn
L104641,Waterkloof,Apartment,1.0,69.0,2024-12-03,2024-12-18,1975000,1866000,Sold
L103148,Bryanston,House,4.0,265.0,2024-04-22,2024-06-21,R 7 547 000,R 7 173 000,Sold
L100084,Waterkloof,House,4.0,257.0,2024-11-02,,R 6 641 000,,Withdrawn
L101890,Brooklyn,House,3.0,216.0,2024-11-26,2024-12-14,"R5,918,000",R 5 759 000.00,Sold
L100579,Menlo Park,Townhouse,3.0,137.0,2024-02-17,2024-02-29,2771000,2771000,Sold
L103303,Sandton,Apartment,1.0,110.0,2023-11-19,2023-12-31,R 3 373 000,"R3,249,000",Sold
L101691,Sandton,House,6.0,427.0,2024-10-12,2024-11-26,12812000,"R12,755,000",Sold
L100862,Rooihuiskraal,House,6.0,340.0,2023-03-12,2023-04-18,R 6 745 000.00,R 6 587 000,Sold
L104129,Sandton,House,4.0,253.0,2024-06-14,2024-07-17,R 9 241 000.00,8755000,Sold
L103437,Menlo Park,Apartment,1.0,105.0,2025-01-15,2025-02-11,"R2,201,000",R 2 119 000,Sold
L104303,  menlo park ,House,5.0,319.0,2024-06-26,2024-07-07,6499000,R 6 039 000.00,Sold
L104732,Menlo Park,Apartment,2.0,83.0,2023-01-14,2023-02-19,1442000,"R1,374,000",Sold
L101116,Waterkloof Ridge,House,5.0,280.0,2025-04-27,2025-05-05,R 6 930 000.00,R 6 865 000.00,Sold
L101541,Brooklyn,House,2.0,131.0,2024-10-30,2024-11-23,R 2 896 000.00,R 2 829 000.00,Sold
L102859,LYNNWOOD,House,4.0,231.0,2026-03-23,2026-04-23,"R5,605,000",R 5 530 000.00,Sold
L104702,Menlo Park,House,1.0,134.0,2023-04-23,2023-05-23,"R3,010,000",R 2 921 000,Sold
L105723,Bryanston,House,4.0,353.0,2025-04-16,2025-05-27,R 9 459 000.00,R 9 021 000.00,Sold
L102716,Faerie Glen,House,5.0,361.0,2024-06-18,2024-09-02,R 6 303 000.00,R 5 860 000.00,Sold
L102450,Centurion,Townhouse,2.0,129.0,2023-03-07,2023-03-17,"R2,427,000","R2,394,000",Sold
L105401,Groenkloof,Apartment,1.0,79.0,2026-03-26,2026-04-19,R 2 062 000,R 1 954 000.00,Sold
L102807,Centurion,Apartment,2.0,102.0,2025-04-02,2025-05-01,2122000,R 2 042 000,Sold
L105417,Sandton,House,5.0,381.0,2024-10-06,,R 12 021 000.00,,Withdrawn
L105112,Rooihuiskraal,House,2.0,138.0,2025-06-19,2025-07-31,R 1 913 000,1821000,Sold
L102498,  bryanston ,Apartment,2.0,133.0,2024-11-03,,R 3 840 000.00,,Withdrawn
L105834,Faerie Glen,House,6.0,560.0,2023-07-07,2023-09-09,R 10 374 000,R 10 187 000.00,Sold
L105090,Lynnwood,Apartment,3.0,81.0,2026-04-24,2026-08-22,1776000,R 1 776 000.00,Sold
L105844,Lynnwood,House,5.0,389.0,2023-07-29,2023-10-02,"R8,354,000",R 8 354 000.00,Sold
L105866,Bryanston,House,3.0,264.0,2024-05-29,2024-09-26,R 9 622 000,"R9,340,000",Sold
L102052,Lynnwood,Townhouse,3.0,225.0,2024-09-16,2024-09-25,6030000,R 5 917 000,Sold
L101776,Centurion,House,4.0,307.0,2026-04-16,2026-06-04,6839000,R 6 456 000.00,Sold
L103398,Centurion,Apartment,2.0,81.0,2023-04-28,2023-06-23,R 1 086 000.00,"R999,000",Sold
L104382,Brooklyn,House,4.0,229.0,2023-07-04,2023-07-20,5064000,5011000,Sold
L101592,Sandton,Apartment,1.0,75.0,2025-06-04,2025-07-25,R 2 363 000,R 2 207 000.00,Sold
L101723,Irene,House,5.0,306.0,2025-12-05,2026-01-08,R 7 384 000,"R7,185,000",Sold
L105383,Groenkloof,House,6.0,833.0,2023-04-14,2023-04-17,14937000,14426000,Sold
L104148,Lynnwood,House,6.0,342.0,2025-08-07,2025-08-13,R 8 551 000.00,R 8 305 000.00,Sold
L100490,Centurion,House,4.0,206.0,2024-03-08,2024-05-14,R 3 912 000.00,R 3 818 000,Sold
L105139,Bryanston,House,3.0,156.0,2026-04-11,,R 4 296 000,,Withdrawn
L101006,Sandton,Apartment,3.0,160.0,2024-05-08,2024-06-01,R 5 136 000,R 5 064 000.00,Sold
L103745,Centurion,Apartment,1.0,101.0,2025-12-22,2026-02-01,2072000,1967000,Sold
L103604,Sandton,House,1.0,118.0,2024-03-04,2024-03-29,"R3,746,000","R3,724,000",Sold
L102314,Menlo Park,House,3.0,153.0,2024-07-04,2024-08-30,R 3 674 000,3371000,Sold
L101417,Faerie Glen,Apartment,1.0,46.0,2024-02-24,2024-05-13,"R942,000",R 915 000,Sold
L100025,Groenkloof,Apartment,2.0,152.0,2025-12-21,2026-01-26,R 3 492 000.00,3279000,Sold
L101113,Sandton,House,3.0,143.0,2023-04-11,,3967000,,Withdrawn
L104664,Irene,House,3.0,292.0,2025-11-10,2026-01-07,R 5 755 000,R 5 473 000,Sold
L101552,Brooklyn,House,4.0,246.0,2025-12-06,2025-12-28,R 6 445 000.00,R 6 445 000,Sold
L105220,Waterkloof  Ridge,House,5.0,346.0,2025-08-15,2025-09-14,"R9,710,000",R 9 572 000.00,Sold
L105793,Waterkloof Ridge,House,4.0,270.0,2023-03-16,2023-04-01,R 6 019 000,R 5 818 000,Sold
L100433,Bryanston,Townhouse,2.0,212.0,2024-06-04,2024-06-10,6999000,R 6 761 000.00,Sold
L103809,Rooihuiskraal,Apartment,1.0,114.0,2023-03-07,,R 1 547 000.00,,Withdrawn
L104390,Groenkloof,Apartment,1.0,78.0,2023-11-01,,"R1,441,000",,Withdrawn
L104638,Groenkloof,House,4.0,284.0,2025-01-29,2025-02-14,R 7 956 000.00,"R7,585,000",Sold
L104216,Centurion,Apartment,1.0,64.0,2023-07-29,,1112000,,Withdrawn
L105869,Groenkloof,House,3.0,233.0,2026-01-01,2026-02-22,R 4 668 000.00,R 4 629 000.00,Sold
L103412,Faerie Glen,House,3.0,237.0,2024-03-25,2024-04-29,4172000,R 3 880 000,Sold
L104539,Menlo Park,Townhouse,3.0,162.0,2024-10-16,2024-11-07,3303000,R 3 295 000.00,Sold
L104154,Irene,House,4.0,306.0,2024-10-05,2024-11-16,R 7 194 000.00,6620000,Sold
L105880,Menlo Park,Apartment,1.0,71.0,2023-01-05,2023-01-22,"R1,359,000",1359000,Sold
L101102,Rooihuiskraal,Apartment,1.0,78.0,2023-04-10,2023-04-27,1051000,R 1 051 000.00,Sold
L105571,Waterkloof,Townhouse,2.0,111.0,2024-05-19,2024-07-21,R 2 426 000,R 2 399 000.00,Sold
L104534,Faerie Glen,House,1.0,66.0,2023-10-14,2023-10-28,1131000,R 1 084 000.00,Sold
L104905,IRENE,House,6.0,471.0,2023-04-08,2023-04-14,R 8 529 000,"R8,262,000",Sold
L100194,Groenkloof,House,3.0,159.0,2025-03-08,2025-04-10,3869000,3630000,Sold
L100615,Centurion,House,2.0,243.0,2025-10-10,2025-11-06,R 4 672 000.00,R 4 408 000.00,Sold
L100643,Brooklyn,House,2.0,214.0,2024-05-18,2024-06-06,R 4 539 000.00,R 4 415 000,Sold
L105888,Bryanston,Apartment,2.0,74.0,2023-11-03,2023-12-23,1938000,"R1,767,000",Sold
L103347,Irene,Apartment,1.0,55.0,2023-08-26,,"R927,000",,Withdrawn
L105167,Centurion,Townhouse,3.0,197.0,2025-03-08,2025-03-22,R 3 310 000.00,R 3 310 000,Sold
L100330,Centurion,House,3.0,208.0,2024-08-15,2024-11-09,R 3 418 000,"R3,312,000",Sold
L104251,Waterkloof Ridge,Townhouse,2.0,153.0,2026-02-16,2026-03-03,R 4 838 000.00,"R4,638,000",Sold
L103887,Bryanston,Apartment,3.0,105.0,2023-09-09,2023-09-29,R 2 434 000.00,"R2,290,000",Sold
L103235,Waterkloof Ridge,House,3.0,209.0,2026-04-22,2026-05-20,"R7,326,000",R 7 179 000,Sold
L103435,Irene,Apartment,1.0,95.0,2023-11-03,2024-01-13,R 1 574 000.00,1451000,Sold
L100483,Menlo Park,Apartment,1.0,103.0,2023-09-28,2023-10-13,R 2 208 000.00,R 2 117 000.00,Sold
L100719,Sandton,House,2.0,114.0,2026-04-22,2026-07-17,4602000,R 4 542 000.00,Sold
L102570,Waterkloof,Apartment,1.0,94.0,2025-03-17,2025-04-03,R 2 297 000.00,R 2 297 000.00,Sold
L102059,Waterkloof,Townhouse,1.0,88.0,2024-02-29,2023-01-01,R 2 052 000.00,R 2 035 000.00,Sold
L105856,Irene,House,5.0,309.0,2024-10-09,2024-11-13,R 6 047 000.00,R 5 508 000,Sold
L100032,MENLO PARK,House,3.0,170.0,2024-01-21,2023-01-01,R 3 341 000.00,3274000,Sold
L100664,Menlo Park,House,4.0,291.0,2024-03-04,2024-04-04,"R6,267,000",R 6 148 000.00,Sold
L105044,Brooklyn,Apartment,1.0,85.0,2024-11-29,2024-12-11,R 1 573 000.00,R 1 541 000.00,Sold
L103624,Centurion,Apartment,1.0,111.0,2026-02-03,,R 1 985 000.00,,Withdrawn
L101444,Groenkloof,House,3.0,189.0,2025-04-22,2025-07-15,R 4 155 000,R 3 981 000,Sold
L102842,Lynnwood,House,2.0,166.0,2025-08-29,2025-09-10,R 3 966 000.00,R 3 767 000.00,Sold
L102481,Brooklyn,House,,195.0,2023-06-09,2023-06-26,4906000,R 4 779 000,Sold
L105968,Irene,House,5.0,326.0,2025-09-07,2025-11-17,R 6 450 000.00,R 6 165 000,Sold
L101705,Sandton,House,2.0,187.0,2023-06-27,2023-08-15,R 5 359 000,R 5 152 000.00,Sold
L103718,Sandton,Apartment,1.0,94.0,2023-09-06,2024-01-03,2704000,2704000,Sold
L102858,Centurion,House,4.0,236.0,2024-04-19,2024-06-08,R 4 796 000,4436000,Sold
L103686,Menlo Park,Apartment,2.0,104.0,2023-01-01,2023-01-19,R 1 999 000.00,"R1,975,000",Sold
L102277,Groenkloof,Apartment,1.0,54.0,2023-12-29,2024-01-13,R 1 152 000,R 1 096 000,Sold
L101401,Waterkloof,House,2.0,135.0,2024-10-13,2024-10-24,R 3 230 000,"R3,149,000",Sold
L105014,Groenkloof,Townhouse,1.0,95.0,2024-07-04,2024-08-12,R 1 995 000.00,1995000,Sold
L100170,Brooklyn,Townhouse,,172.0,2023-07-23,2023-08-20,R 3 642 000,R 3 535 000,Sold
L100540,Sandton,Townhouse,1.0,116.0,2025-06-04,,R 4 476 000.00,,Withdrawn
L103269,Waterkloof Ridge,Apartment,1.0,,2025-07-02,2025-08-01,"R1,301,000","R1,218,000",Sold
L104578,Faerie Glen,House,5.0,208.0,2023-09-05,2023-10-31,2934000,R 2 758 000.00,Sold
L105123,Faerie Glen,House,3.0,178.0,2026-02-03,2026-04-10,3284000,R 3 063 000.00,Sold
L102885,Brooklyn,House,,271.0,2024-04-28,2024-05-04,R 6 488 000.00,R 6 004 000.00,Sold
L100674,Irene,Apartment,1.0,78.0,2025-12-01,,1596000,,Withdrawn
L103033,Brooklyn,Townhouse,1.0,,2024-02-18,2024-03-30,R 2 618 000.00,2618000,Sold
L102666,Bryanston,House,4.0,285.0,2023-12-27,2024-01-13,R 7 831 000,"R7,127,000",Sold
L101815,Faerie Glen,House,3.0,210.0,2025-05-02,,"R4,162,000",,Withdrawn
L104833,Centurion,Apartment,1.0,116.0,2025-11-08,2025-11-28,R 1 979 000.00,1853000,Sold
L102100,Centurion,House,5.0,370.0,2023-03-16,2023-03-25,6357000,R 6 095 000,Sold
L103248,Bryanston,Apartment,2.0,122.0,2026-03-15,2026-03-18,"R3,429,000","R3,313,000",Sold
L105149,Brooklyn,Apartment,1.0,54.0,2024-08-12,2024-10-19,R 1 351 000,"R1,336,000",Sold
L102101,Waterkloof Ridge,House,6.0,443.0,2023-07-01,2023-08-06,"R11,951,000",R 11 699 000.00,Sold
L105674,Faerie Glen,House,4.0,170.0,2023-11-24,2023-12-23,"R2,651,000","R2,491,000",Sold
L102915,Groenkloof,House,5.0,9.0,2025-08-25,2025-09-20,R 8 178 000,"R7,993,000",Sold
L101548,Menlo Park,House,4.0,212.0,2023-11-21,2023-12-11,R 4 256 000,"R4,172,000",Sold
L103182,Faerie Glen,House,2.0,179.0,2024-12-18,2024-12-25,R 3 749 000.00,"R3,420,000",Sold
L103125,Groenkloof,Townhouse,4.0,152.0,2025-08-22,2025-10-19,R 3 668 000,"R3,549,000",Sold
L100355,Faerie Glen,House,3.0,197.0,2025-12-15,2026-02-26,4180000,4028000,Sold
L103162,Waterkloof Ridge,Apartment,2.0,90.0,2024-02-11,2024-02-27,R 2 171 000,R 2 052 000,Sold
L104941,Waterkloof,Townhouse,2.0,177.0,2024-02-01,2024-03-27,"R4,155,000",R 4 155 000,Sold
L103523,Menlo Park,House,2.0,141.0,2024-09-23,,2938000,,Withdrawn
L105413,Groenkloof,Apartment,3.0,129.0,2024-02-09,2024-03-20,"R2,288,000",R 2 215 000,Sold
L104353,Waterkloof,Apartment,2.0,107.0,2024-10-28,2024-11-16,R 2 816 000,2816000,Sold
L102373,Brooklyn,House,5.0,342.0,2023-08-13,2023-08-31,R 7 601 000,"R7,426,000",Sold
L101051,Waterkloof Ridge,House,3.0,174.0,2023-07-05,,R 4 826 000,,Withdrawn
L102321,Waterkloof,House,2.0,180.0,2023-01-28,2023-02-26,R 4 712 000,4712000,Sold
L103708,Lynnwood,Apartment,,89.0,2024-09-28,2024-11-22,R 1 817 000,R 1 771 000,Sold
L104462,Menlo Park,House,6.0,479.0,2025-01-03,2025-01-26,10180000,10123000,Sold
L101751,Groenkloof,House,5.0,306.0,2024-04-26,2024-05-16,6447000,"R6,215,000",Sold
L104210,Centurion,House,4.0,,2023-07-26,2023-08-12,4779000,R 4 648 000,Sold
L101772,Centurion,House,5.0,313.0,2023-02-23,2023-06-13,R 5 537 000.00,R 5 322 000,Sold
L101196,Brooklyn,House,4.0,322.0,2024-11-13,2024-12-12,R 7 959 000,R 7 897 000.00,Sold
L101878,Faerie Glen,Townhouse,2.0,138.0,2025-10-02,2025-12-24,2626000,R 2 567 000.00,Sold
L102016,Brooklyn,Apartment,1.0,59.0,2024-01-05,2024-02-03,R 1 179 000,R 1 179 000.00,Sold
L102005,Bryanston,Apartment,1.0,104.0,2025-08-13,2025-10-27,2558000,R 2 429 000.00,Sold
L104959,  centurion ,Townhouse,3.0,184.0,2024-07-24,2024-08-31,R 4 004 000,R 3 768 000,Sold
L101482,Irene,Apartment,2.0,124.0,2025-12-01,2026-02-22,"R2,114,000",R 2 008 000.00,Sold
L100328,Centurion,House,3.0,182.0,2023-10-07,2023-11-06,R 2 932 000,R 2 834 000,Sold
L100648,Centurion,Townhouse,1.0,114.0,2025-10-30,2025-12-04,2431000,"R2,336,000",Sold
L102543,Brooklyn,Townhouse,1.0,127.0,2025-01-26,2025-05-14,R 2 995 000.00,R 2 995 000,Sold
L101123,Groenkloof,Apartment,2.0,166.0,2024-02-17,2024-03-05,R 3 604 000.00,R 3 599 000.00,Sold
L102887,Sandton,Apartment,1.0,66.0,2025-10-11,2025-11-23,2032000,1919000,Sold
L105937,Lynnwood,Townhouse,3.0,179.0,2025-08-28,2025-11-17,3579000,3471000,Sold
L104053,Lynnwood,House,5.0,448.0,2024-09-25,2024-11-21,R 11 244 000.00,R 11 038 000.00,Sold
L104407,Menlo Park,Apartment,1.0,56.0,2025-06-02,2025-06-22,1245000,1219000,Sold
L102908,Sandton,House,2.0,196.0,2024-01-26,2024-03-10,6484000,R 6 398 000.00,Sold
L105118,Waterkloof,House,5.0,377.0,2025-03-19,2025-04-07,"R12,405,000",R 11 824 000.00,Sold
L101259,Sandton,House,4.0,241.0,2025-06-14,2025-08-04,R 7 895 000.00,R 7 523 000.00,Sold
L104651,Rooihuiskraal,House,4.0,281.0,2025-02-11,2025-02-28,"R4,785,000",R 4 528 000,Sold
L104071,Centurion,Townhouse,3.0,152.0,2025-04-14,2025-06-07,2256000,R 2 170 000.00,Sold
L104401,Centurion,House,6.0,,2024-10-16,2024-12-10,"R11,651,000",R 11 557 000.00,Sold
L101519,Groenkloof,House,6.0,,2024-05-07,2024-06-09,R 8 628 000,"R8,257,000",Sold
L101378,Centurion,House,4.0,245.0,2025-06-25,2025-07-11,R 5 325 000,R 5 325 000,Sold
L104461,Lynnwood,Apartment,1.0,161.0,2026-01-23,2026-02-10,3416000,R 3 327 000,Sold
L101023,Faerie Glen,House,4.0,298.0,2023-09-07,2023-10-17,"R5,268,000",R 5 141 000,Sold
L105194,Bryanston,Apartment,1.0,79.0,2025-12-03,2026-01-26,R 2 215 000,R 2 096 000,Sold
L104763,Faerie Glen,Apartment,1.0,83.0,2024-05-29,2024-08-22,R 1 239 000.00,1131000,Sold
L105364,Bryanston,Apartment,1.0,71.0,2024-11-24,2025-01-27,2403000,"R2,339,000",Sold
L100912,Sandton,Apartment,2.0,84.0,2023-07-12,2023-09-26,2398000,R 2 298 000.00,Sold
L105479,Sandton,Apartment,,55.0,2025-08-14,2025-09-30,"R1,699,000",R 1 622 000,Sold
L101675,Sandton,House,6.0,452.0,2023-12-17,2024-02-18,"R15,841,000",R 15 841 000,Sold
L101746,Centurion,House,2.0,137.0,2026-04-09,2026-06-29,"R3,862,000","R3,734,000",Sold
L105192,Waterkloof Ridge,Apartment,1.0,79.0,2025-02-02,2025-04-16,R 2 225 000,"R2,202,000",Sold
L101736,  bryanston ,Apartment,1.0,77.0,2024-06-03,2024-07-04,R 2 258 000.00,R 2 258 000.00,Sold
L101629,Lynnwood,Apartment,1.0,51.0,2023-09-09,2023-09-27,950000,"R901,000",Sold
L103955,Irene,House,6.0,390.0,2026-02-20,2026-03-03,9286000,"R8,956,000",Sold
L100430,Sandton,House,6.0,442.0,2023-07-18,,R 14 637 000,,Withdrawn
L101808,Lynnwood,Townhouse,2.0,193.0,2025-08-10,2025-10-16,3927000,"R3,599,000",Sold
L103667,Waterkloof Ridge,Townhouse,2.0,192.0,2025-10-17,2025-12-10,R 5 760 000,5743000,Sold
L102484,Bryanston,Apartment,2.0,81.0,2026-03-21,2026-04-14,2473000,"R2,396,000",Sold
L103536,Brooklyn,Apartment,1.0,58.0,2025-11-26,2025-12-25,R 1 197 000.00,"R1,174,000",Sold
L104074,Waterkloof,House,3.0,256.0,2025-08-11,2025-09-05,"R5,687,000","R5,680,000",Sold
L104897,Faerie Glen Ext,Apartment,,83.0,2025-01-25,2025-02-07,"R1,503,000",R 1 349 000,Sold
L102222,Lynnwood,House,6.0,379.0,2024-02-28,2024-04-08,R 9 273 000.00,R 9 209 000,Sold
L103377,Sandton,House,4.0,253.0,2024-04-22,2024-06-06,R 8 586 000,"R7,627,000",Sold
L103649,Bryanston,House,4.0,192.0,2023-04-26,2023-06-09,"R4,971,000",R 4 840 000,Sold
L105455,Faerie Glen,House,4.0,290.0,2023-05-17,2023-06-17,R 5 509 000.00,R 5 234 000.00,Sold
L103789,Centurion,Townhouse,3.0,185.0,2023-07-27,2023-10-08,3336000,R 3 297 000.00,Sold
L105329,Menlo Park,Townhouse,2.0,134.0,2023-01-19,2023-02-12,"R2,221,000",2114000,Sold
L105428,Sandton,House,5.0,356.0,2023-08-01,2023-09-01,R 12 971 000,"R12,406,000",Sold
L105916,Rooihuiskraal,Apartment,,61.0,2024-08-02,2024-09-20,"R829,000",R 763 000.00,Sold
L101995,ROOIHUISKRAAL,House,2.0,236.0,2024-03-06,2024-04-25,"R3,772,000",R 3 646 000,Sold
L105924,Irene,House,4.0,222.0,2025-12-07,2026-01-20,R 4 487 000,"R4,295,000",Sold
L102224,  bryanston ,House,4.0,280.0,2026-04-27,2026-06-04,R 9 990 000,"R9,990,000",Sold
L101106,Waterkloof Ridge,Apartment,1.0,122.0,2024-11-28,2024-12-10,"R3,059,000",3022000,Sold
L105037,Groenkloof,House,,230.0,2023-04-18,,4755000,,Withdrawn
L100818,Irene,House,2.0,196.0,2025-01-18,2025-03-13,"R4,618,000","R4,414,000",Sold
L104163,Lynnwood,House,4.0,,2023-05-12,2023-07-01,R 6 914 000.00,R 6 652 000.00,Sold
L104438,Brooklyn,Townhouse,2.0,182.0,2026-04-05,2026-05-02,R 4 535 000,"R4,535,000",Sold
L101697,  rooihuiskraal ,Apartment,2.0,78.0,2023-02-21,2023-03-26,1024000,R 1 011 000,Sold
L102644,Brooklyn,House,6.0,433.0,2023-03-28,2023-04-21,8997000,R 8 827 000,Sold
L100136,Sandton,Townhouse,3.0,218.0,2023-02-22,,R 6 539 000.00,,Withdrawn
L104038,Menlo  Park,House,3.0,186.0,2023-11-10,2024-01-04,R 3 551 000.00,"R3,468,000",Sold
L104315,Irene,Apartment,2.0,109.0,2025-10-31,2026-01-06,1851000,R 1 791 000.00,Sold
L105420,Menlo Park,Apartment,1.0,81.0,2026-04-18,2026-05-06,R 1 812 000.00,R 1 659 000.00,Sold
L101180,Rooihuiskraal,House,2.0,127.0,2023-01-18,2023-02-06,"R1,853,000",R 1 852 000,Sold
L104981,Brooklyn,House,4.0,371.0,2025-07-19,2025-08-12,R 8 281 000,"R8,120,000",Sold
L100888,Groenkloof,Apartment,2.0,89.0,2023-05-26,2023-08-14,1669000,R 1 652 000,Sold
L102764,Waterkloof,House,3.0,217.0,2025-02-06,2025-03-16,R 5 698 000,"R5,649,000",Sold
L102437,Centurion,Apartment,2.0,149.0,2025-01-13,2025-03-08,2316000,"R2,285,000",Sold
L102677,Bryanston,Apartment,1.0,86.0,2025-05-02,2025-07-02,"R2,132,000",R 2 121 000.00,Sold
L105416,Waterkloof,Apartment,1.0,63.0,2024-05-23,2024-06-20,R 1 552 000.00,R 1 552 000,Sold
L100817,Faerie  Glen,House,4.0,279.0,2025-02-27,2025-05-30,R 4 956 000.00,"R4,691,000",Sold
L101111,Lynnwood,Apartment,2.0,109.0,2024-05-12,2024-05-24,2853000,R 2 826 000,Sold
L104793,  sandton ,Townhouse,4.0,267.0,2025-03-09,2025-04-09,R 7 301 000,R 7 250 000.00,Sold
L102341,Waterkloof,Apartment,3.0,156.0,2026-04-20,2026-05-11,R 4 691 000.00,4691000,Sold
L104509,Menlo Park,Apartment,2.0,102.0,2026-01-08,2026-02-01,R 2 420 000,R 2 368 000.00,Sold
L104829,Sandton,House,2.0,196.0,2023-04-13,2023-08-04,R 5 624 000,"R5,529,000",Sold
L101264,Irene,Apartment,2.0,103.0,2025-08-15,2025-09-24,2103000,1976000,Sold
L100990,Irene,House,5.0,326.0,2023-05-26,2023-09-23,"R5,670,000",5477000,Sold
L103362,Irene,Apartment,3.0,137.0,2023-09-13,2023-09-28,"R2,306,000",R 2 236 000,Sold
L101739,Rooihuiskraal,House,2.0,180.0,2023-07-28,2023-09-18,2540000,"R2,371,000",Sold
L102579,Sandton,House,4.0,279.0,2026-04-29,2026-08-27,R 11 204 000,"R11,204,000",Sold
L100353,  irene ,House,3.0,296.0,2024-06-17,2024-09-23,"R6,915,000","R6,720,000",Sold
L104288,Sandton,House,2.0,113.0,2024-05-05,2024-06-04,R 3 439 000,"R3,335,000",Sold
L102559,Waterkloof,Apartment,1.0,79.0,2024-11-16,2024-11-28,1677000,"R1,677,000",Sold
L104287,Groenkloof,Townhouse,1.0,164.0,2025-08-20,2025-11-04,"R3,730,000",3704000,Sold
L101489,Lynnwood,House,4.0,347.0,2025-10-22,2025-11-25,R 6 930 000.00,R 6 930 000.00,Sold
L104081,Brooklyn,House,,243.0,2024-11-01,2024-12-30,5290000,R 5 059 000,Sold
L101228,Sandton,House,5.0,371.0,2025-09-29,2025-12-09,13056000,"R12,760,000",Sold
L103193,Centurion,House,3.0,181.0,2024-01-29,2024-03-10,R 2 909 000,"R2,865,000",Sold
L102798,CENTURION,House,3.0,205.0,2026-01-05,2026-02-06,"R4,321,000",R 4 321 000.00,Sold
L105898,Faerie Glen,House,4.0,283.0,2023-04-27,2023-07-03,R 4 228 000,4224000,Sold
L105725,Bryanston,House,6.0,424.0,2024-01-10,2024-02-17,9821000,9481000,Sold
L100052,Rooihuiskraal,Apartment,1.0,80.0,2025-06-27,2025-08-17,1293000,R 1 207 000.00,Sold
L103245,Faerie Glen,Apartment,1.0,47.0,2025-08-12,2025-09-20,R 899 000,853000,Sold
L105064,Sandton,House,3.0,155.0,2025-06-04,2025-06-29,5540000,R 5 378 000,Sold
L100159,Rooihuiskraal,Townhouse,2.0,131.0,2024-04-21,2024-07-14,1698000,R 1 592 000,Sold
L103454,Sandton,House,3.0,300.0,2025-08-12,2025-09-24,10794000,"R10,794,000",Sold
L103796,Centurion,House,4.0,274.0,2025-09-07,2025-09-27,R 6 287 000,"R6,169,000",Sold
L101589,Groenkloof,House,4.0,,2023-08-24,2023-12-14,R 4 292 000,R 3 988 000.00,Sold
L101479,Lynnwood,Townhouse,2.0,151.0,2025-05-18,2025-06-12,"R3,522,000",3395000,Sold
L101469,Groenkloof,Apartment,2.0,167.0,2025-08-06,2025-09-03,3727000,"R3,493,000",Sold
L103295,  sandton ,House,5.0,222.0,2025-07-13,2025-09-23,8424000,R 7 933 000.00,Sold
L102627,Menlo Park,Townhouse,3.0,203.0,2025-08-03,2025-09-26,R 5 014 000,R 4 970 000,Sold
L102078,Brooklyn,Townhouse,2.0,193.0,2025-02-22,2025-03-20,"R4,136,000",R 4 136 000,Sold
L103588,Rooihuiskraal,Apartment,1.0,0.0,2023-12-16,2024-01-05,"R1,444,000","R1,384,000",Sold
L104894,Centurion,Apartment,1.0,53.0,2024-12-30,2025-01-27,"R895,000",R 857 000,Sold
L105429,Irene,Townhouse,2.0,106.0,2025-03-11,,R 2 137 000.00,,Withdrawn
L100436,Waterkloof  Ridge,House,3.0,261.0,2024-01-16,2024-02-17,"R7,578,000",R 7 279 000,Sold
L105913,  brooklyn ,House,6.0,484.0,2023-07-26,2023-09-08,R 10 767 000,10767000,Sold
L104039,Bryanston,House,3.0,188.0,2025-09-24,2025-10-03,R 6 001 000,"R5,874,000",Sold
L101588,Brooklyn,Apartment,,132.0,2025-12-04,2025-12-21,R 2 722 000,R 2 666 000,Sold
L104500,Waterkloof,House,6.0,451.0,2023-05-03,2023-05-27,R 11 957 000,11566000,Sold
L101590,Groenkloof,House,2.0,188.0,2023-11-23,2023-11-30,3607000,R 3 607 000.00,Sold
L103378,Lynnwood,House,4.0,346.0,2023-06-05,2023-07-02,R 6 907 000.00,6907000,Sold
L100973,Sandton,Townhouse,2.0,142.0,2023-08-07,2023-09-05,R 4 364 000.00,R 4 050 000.00,Sold
L101238,Groenkloof,House,,300.0,2024-09-18,2024-11-24,R 6 476 000.00,R 6 284 000,Sold
L102342,Centurion,Apartment,2.0,125.0,2023-03-10,2023-04-13,2196000,2196000,Sold
L102575,Irene,House,3.0,252.0,2026-03-21,2026-04-09,R 6 888 000,6632000,Sold
L104970,Irene,Apartment,2.0,125.0,2024-02-21,2024-04-28,R 2 269 000,"R2,269,000",Sold
L105620,Lynnwood,Apartment,1.0,102.0,2025-09-16,2025-10-21,R 2 293 000.00,2226000,Sold
L105217,Waterkloof,House,1.0,174.0,2025-06-13,2025-08-11,5262000,R 5 262 000,Sold
L102231,Centurion,House,2.0,164.0,2025-10-12,2026-01-09,R 3 298 000,"R3,186,000",Sold
L105112,Rooihuiskraal,House,2.0,138.0,2025-06-19,2025-07-31,R 1 913 000,1821000,Sold
L101497,Centurion,House,4.0,265.0,2024-05-08,2024-06-05,R 4 803 000.00,"R4,756,000",Sold
L100449,Irene,Apartment,1.0,68.0,2023-03-22,2023-04-12,"R1,253,000",R 1 175 000,Sold
L102369,Faerie Glen,House,6.0,422.0,2024-12-25,2025-01-27,R 7 944 000,R 7 598 000.00,Sold
L105598,Irene,Apartment,2.0,136.0,2026-04-16,2026-08-04,R 2 918 000,R 2 807 000.00,Sold
L102422,Rooihuiskraal,Apartment,3.0,139.0,2025-09-02,2025-09-20,"R2,117,000","R2,078,000",Sold
L105491,Centurion,House,,159.0,2025-09-20,2025-10-28,3070000,R 2 988 000,Sold
L104615,Brooklyn,House,3.0,204.0,2026-04-15,2023-01-01,R 4 802 000,4802000,Sold
L101551,Lynnwood,Apartment,1.0,70.0,2023-03-05,2023-04-24,"R1,154,000",1148000,Sold
L105422,Rooihuiskraal,Apartment,2.0,62.0,2025-11-25,2025-12-10,R 1 008 000,R 1 008 000.00,Sold
L101146,Centurion,House,4.0,280.0,2023-05-11,2023-06-13,R 4 098 000,3883000,Sold
L103885,Waterkloof,Apartment,2.0,106.0,2025-05-08,2025-05-19,R 2 914 000,2747000,Sold
L102092,Irene,House,4.0,173.0,2024-07-03,2024-09-26,"R3,700,000",R 3 596 000.00,Sold
L101313,Waterkloof,Apartment,1.0,76.0,2023-08-31,2023-10-01,"R1,568,000",R 1 512 000,Sold
L102015,Faerie Glen,House,5.0,348.0,2024-05-31,2024-06-10,R 6 048 000.00,5801000,Sold
L103396,  waterkloof ,Apartment,1.0,93.0,2024-10-02,2024-11-04,"R2,478,000",R 2 452 000.00,Sold
L104477,Brooklyn,House,3.0,0.0,2025-02-10,2025-03-16,3142000,R 3 058 000,Sold
L103126,Faerie Glen,House,4.0,214.0,2024-08-27,2024-11-02,"R3,524,000",R 3 524 000.00,Sold
L101381,Waterkloof,House,5.0,266.0,2024-01-01,2024-01-22,6440000,R 6 286 000.00,Sold
L103375,Lynnwood,House,3.0,218.0,2024-01-28,2024-02-15,R 4 889 000,R 4 889 000.00,Sold
L100413,Bryanston,Townhouse,2.0,173.0,2024-05-15,2024-06-30,R 4 627 000.00,"R4,603,000",Sold
L100941,Bryanston,House,2.0,214.0,2025-06-09,2025-07-04,R 6 446 000.00,R 6 146 000,Sold
L100801,Menlo Park,Apartment,1.0,56.0,2025-03-27,2025-06-12,1312000,1306000,Sold
L102776,Centurion,House,,390.0,2026-03-25,,"R8,471,000",,Withdrawn
L103425,Faerie Glen,Apartment,1.0,96.0,2026-04-05,2026-07-24,R 1 841 000.00,R 1 691 000,Sold
L100256,Bryanston,Apartment,2.0,131.0,2025-11-22,2025-12-12,"R3,917,000","R3,791,000",Sold
L101168,Bryanston,House,2.0,,2024-05-01,2024-06-23,R 3 299 000.00,"R3,077,000",Sold
L102235,Bryanston,House,4.0,244.0,2026-02-25,,6525000,,Withdrawn
L100647,Faerie Glen,House,5.0,364.0,2024-03-16,2024-06-10,R 5 803 000,R 5 572 000,Sold
L101767,Waterkloof,House,4.0,221.0,2025-11-18,2025-12-09,"R6,726,000","R6,726,000",Sold
L104184,Sandton,House,6.0,276.0,2024-04-09,2024-06-06,"R11,140,000","R11,140,000",Sold
L105184,Waterkloof,House,4.0,214.0,2025-01-08,2025-03-10,R 5 874 000.00,5679000,Sold
L103100,Sandton,House,6.0,410.0,2026-01-28,2026-05-01,R 15 845 000,R 15 735 000,Sold
L104665,Lynnwood,Apartment,1.0,68.0,2023-04-05,2023-04-30,1246000,"R1,211,000",Sold
L100024,Rooihuiskraal,Apartment,1.0,64.0,2025-07-01,2025-09-06,1033000,"R1,002,000",Sold
L101088,Faerie Glen,House,3.0,207.0,2024-02-05,2024-03-01,"R3,102,000",R 3 048 000,Sold
L105722,Waterkloof,Apartment,2.0,53.0,2024-01-13,2024-02-09,"R990,000",R 941 000,Sold
L105461,Waterkloof Ridge,House,3.0,197.0,2025-06-24,2025-07-23,R 6 102 000.00,R 5 750 000.00,Sold
L100112,Brooklyn,House,2.0,192.0,2023-09-04,2023-09-27,R 4 093 000,3875000,Sold
L102311,WATERKLOOF,House,,218.0,2025-09-16,2025-09-28,R 6 015 000.00,R 5 852 000.00,Sold
L102879,Waterkloof,House,3.0,221.0,2023-05-24,2023-09-15,R 5 357 000,R 4 944 000.00,Sold
L100056,Lynnwood,House,3.0,182.0,2024-11-14,,3450000,,Withdrawn
L101309,Sandton,House,6.0,352.0,2023-11-22,2023-12-02,10906000,R 10 477 000,Sold
L100695,Faerie Glen,House,6.0,470.0,2023-07-09,2023-08-17,"R9,754,000",9754000,Sold
L104446,Menlo Park,Apartment,1.0,70.0,2023-10-10,2023-12-24,R 1 498 000.00,"R1,470,000",Sold
L101227,Lynnwood,House,1.0,136.0,2025-05-03,2025-06-14,R 3 733 000,3733000,Sold
L101999,FAERIE GLEN,Townhouse,1.0,107.0,2024-10-23,2024-12-04,1545000,R 1 545 000.00,Sold
L100276,Menlo Park,House,2.0,,2023-01-15,2023-02-02,3560000,"R3,448,000",Sold
L104734,Sandton,House,2.0,152.0,2023-08-12,2023-08-28,"R4,785,000",R 4 658 000,Sold
L103023,Irene,House,5.0,387.0,2024-03-24,2024-05-06,R 7 514 000,7440000,Sold
L101833,Groenkloof,Apartment,1.0,79.0,2024-09-04,,R 1 741 000,,Withdrawn
L100682,Waterkloof,Apartment,2.0,101.0,2025-11-13,2025-12-26,R 3 068 000,R 3 068 000.00,Sold
L103262,Waterkloof,Apartment,1.0,104.0,2023-11-05,,R 2 339 000.00,,Withdrawn
L104414,Brooklyn,House,3.0,178.0,2023-06-18,2023-06-30,R 3 479 000,R 3 362 000.00,Sold
L100254,Brooklyn,Townhouse,2.0,150.0,2023-06-29,2023-07-13,"R3,343,000",R 3 274 000.00,Sold
L101137,Lynnwood,House,2.0,178.0,2026-04-17,2026-06-12,"R4,033,000",R 3 721 000,Sold
L105370,Waterkloof Ridge,House,3.0,165.0,2024-04-01,2024-05-18,R 5 259 000,R 5 259 000.00,Sold
L105365,Sandton,Townhouse,2.0,149.0,2026-02-10,2026-03-28,R 4 424 000.00,R 4 424 000,Sold
L103129,Sandton,Apartment,2.0,99.0,2025-03-23,2025-05-04,R 3 647 000,"R3,546,000",Sold
L103559,Faerie Glen,Apartment,1.0,67.0,2024-12-23,,R 1 203 000.00,,Withdrawn
L104925,MENLO PARK,House,,151.0,2025-03-09,2025-03-29,R 4 395 000,4182000,Sold
L101346,Lynnwood,House,3.0,214.0,2023-12-29,2024-02-05,R 4 153 000,R 4 153 000.00,Sold
L102655,Sandton,House,3.0,219.0,2023-11-06,2023-12-04,R 7 347 000.00,R 7 274 000.00,Sold
L103065,Lynnwood,Apartment,2.0,91.0,2023-09-04,2023-09-23,R 1 550 000.00,R 1 520 000,Sold
L102913,Centurion,House,6.0,413.0,2023-06-13,2023-08-03,6716000,R 6 386 000,Sold
L102384,Waterkloof,House,4.0,336.0,2025-06-05,2025-08-07,"R9,906,000",R 9 536 000.00,Sold
L105560,Sandton,Apartment,1.0,98.0,2025-10-18,2025-11-04,3603000,"R3,598,000",Sold
L104256,Waterkloof,Townhouse,3.0,211.0,2024-02-16,2024-03-11,"R5,466,000","R5,369,000",Sold
L102788,Sandton,House,4.0,331.0,2023-05-01,2023-05-16,R 10 344 000.00,R 9 959 000,Sold
L103382,Sandton,House,4.0,269.0,2024-11-26,2025-01-03,7400000,"R7,211,000",Sold
L102715,Brooklyn,House,3.0,171.0,2023-04-13,2023-05-26,"R3,784,000",R 3 605 000,Sold
L103383,Faerie Glen,Townhouse,2.0,201.0,2025-04-16,,"R3,716,000",,Withdrawn
L104047,BROOKLYN,House,4.0,341.0,2024-04-05,2024-06-29,7502000,R 7 372 000.00,Sold
L104207,Waterkloof,House,5.0,318.0,2026-04-19,2026-05-04,R 8 523 000.00,R 8 523 000.00,Sold
L105085,Lynnwood,Townhouse,1.0,113.0,2024-12-30,2025-02-04,R 2 401 000.00,R 2 351 000,Sold
L105023,IRENE,Apartment,1.0,61.0,2026-03-22,2026-06-26,R 1 054 000,R 1 026 000,Sold
L100081,Lynnwood,House,,258.0,2023-03-26,2023-05-14,"R5,078,000","R5,078,000",Sold
L101972,Centurion,House,2.0,105.0,2023-06-13,2023-08-11,R 1 978 000.00,R 1 932 000.00,Sold
L101714,Brooklyn,House,3.0,179.0,2023-10-07,2023-11-07,R 3 579 000.00,"R3,578,000",Sold
L103722,Bryanston,House,,150.0,2023-08-18,2023-10-06,"R4,009,000",R 3 972 000.00,Sold
L103055,Faerie Glen,Townhouse,1.0,112.0,2023-05-09,2023-05-23,1723000,"R1,723,000",Sold
L103765,Rooihuiskraal,House,3.0,219.0,2024-08-04,2024-09-15,R 3 300 000.00,R 3 271 000,Sold
L101946,Groenkloof,Townhouse,1.0,122.0,2024-12-27,2025-03-10,R 3 092 000,3040000,Sold
L103450,Centurion,Townhouse,3.0,189.0,2023-09-12,2023-10-01,"R3,677,000","R3,677,000",Sold
L103074,Bryanston,Apartment,2.0,71.0,2023-03-29,2023-06-28,"R1,868,000",R 1 827 000,Sold
L104283,Waterkloof Ridge,Townhouse,3.0,185.0,2023-08-03,2023-09-11,R 5 225 000.00,5162000,Sold
L101610,Brooklyn,Apartment,2.0,114.0,2023-03-29,2023-05-05,R 1 899 000.00,1855000,Sold
L105018,Irene,House,5.0,358.0,2025-10-31,2026-01-10,"R7,689,000","R7,279,000",Sold
L104787,Centurion,House,3.0,158.0,2025-12-21,2026-02-19,R 3 161 000.00,2980000,Sold
L103372,Bryanston,Apartment,2.0,81.0,2026-04-14,2026-05-12,R 2 282 000,"R2,166,000",Sold
L105979,  centurion ,Townhouse,1.0,161.0,2025-10-27,2025-11-23,R 3 420 000,3398000,Sold
L104712,Irene,House,3.0,171.0,2024-09-29,2024-11-06,R 3 415 000.00,"R3,312,000",Sold
L100665,Centurion,Apartment,1.0,85.0,2025-04-18,2025-06-18,R 1 433 000,R 1 415 000,Sold
L102194,Irene,Townhouse,3.0,189.0,2025-03-18,2025-04-08,R 3 377 000.00,R 3 262 000.00,Sold
L103878,Waterkloof,House,4.0,224.0,2026-01-13,2026-02-05,"R5,596,000",R 5 596 000,Sold
L105270,Sandton,House,3.0,349.0,2024-10-23,2024-11-02,R 11 965 000,R 11 891 000,Sold
L101017,Bryanston,House,2.0,217.0,2025-11-04,2025-12-23,R 7 581 000,R 7 319 000,Sold
L100557,Faerie Glen,House,,246.0,2024-10-07,2024-10-16,R 4 205 000,4205000,Sold
L103939,Waterkloof Ridge,Apartment,1.0,71.0,2025-08-30,2025-11-04,2041000,R 1 960 000.00,Sold
L105030,Waterkloof,House,2.0,120.0,2023-06-09,2023-07-07,R 2 827 000,R 2 705 000,Sold
L101207,Faerie Glen,House,2.0,153.0,2023-07-10,2023-08-09,"R2,362,000","R2,362,000",Sold
L105517,Groenkloof,House,4.0,206.0,2023-02-09,2023-04-10,R 4 307 000,R 4 229 000.00,Sold
L103142,Sandton,House,3.0,205.0,2023-03-10,2023-04-27,"R6,454,000","R6,454,000",Sold
L101510,Waterkloof Ridge,Apartment,1.0,55.0,2023-04-20,2023-05-17,R 1 395 000,"R1,320,000",Sold
L104478,Bryanston,House,4.0,248.0,2026-03-06,2026-04-12,R 8 735 000.00,R 8 422 000,Sold
L103832,Lynnwood,Apartment,2.0,125.0,2025-07-06,2025-07-23,R 2 953 000.00,"R2,941,000",Sold
L104979,SANDTON,Apartment,2.0,49.0,2023-04-24,2023-05-04,1747000,R 1 710 000.00,Sold
L104160,Faerie Glen,House,6.0,369.0,2024-11-25,2025-01-01,5948000,R 5 948 000.00,Sold
L100266,Brooklyn,House,3.0,204.0,2023-04-14,2023-06-19,4611000,R 4 611 000.00,Sold
L105660,Lynnwood,Apartment,2.0,143.0,2025-12-25,2025-12-28,"R3,520,000",R 3 306 000,Sold
L103481,Centurion,House,4.0,227.0,2024-10-22,2024-11-21,"R4,764,000",4578000,Sold
L102111,FAERIE GLEN,House,2.0,102.0,2023-10-23,2024-02-04,"R1,651,000",R 1 635 000,Sold
L104096,Irene,House,6.0,487.0,2025-08-14,2025-09-16,R 8 554 000,R 8 362 000.00,Sold
L101909,Bryanston,House,6.0,439.0,2026-01-18,2026-03-07,R 14 296 000,R 13 904 000.00,Sold
L103227,Groenkloof,Apartment,2.0,114.0,2025-04-25,2025-05-17,R 2 278 000.00,R 2 214 000,Sold
L105712,Sandton,House,3.0,198.0,2025-07-21,2025-08-13,6673000,R 6 514 000.00,Sold
L104058,Lynnwood,Apartment,1.0,59.0,2023-01-19,2023-02-08,939000,R 914 000.00,Sold
L104103,Brooklyn,Apartment,1.0,84.0,2025-10-12,2025-12-17,2275000,R 2 218 000.00,Sold
L104316,Sandton,House,3.0,276.0,2024-05-29,2024-08-21,9264000,R 8 934 000,Sold
L104231,Waterkloof,Apartment,1.0,88.0,2023-03-18,2023-04-02,R 1 917 000.00,"R1,917,000",Sold
L100998,Sandton,Apartment,1.0,74.0,2024-12-05,2025-01-22,R 2 640 000.00,R 2 457 000.00,Sold
L105655,Groenkloof,Apartment,1.0,68.0,2023-04-30,2023-08-28,R 991 000,R 951 000.00,Sold
L101784,Brooklyn,House,4.0,265.0,2023-08-23,2023-10-25,R 5 599 000,R 5 533 000,Sold
L101237,Lynnwood,Apartment,1.0,70.0,2023-12-01,2023-12-07,R 1 493 000,1413000,Sold
L105862,Centurion,Apartment,2.0,76.0,2023-08-19,2023-10-06,1186000,R 1 186 000,Sold
L105280,Sandton,House,5.0,397.0,2025-11-13,2025-12-20,R 14 368 000.00,R 13 769 000.00,Sold
L104022,Menlo Park,House,3.0,220.0,2024-01-22,2024-03-22,4981000,"R4,853,000",Sold
L104960,Groenkloof,House,4.0,290.0,2025-08-09,,R 6 585 000,,Withdrawn
L102858,Centurion,House,4.0,236.0,2024-04-19,2024-06-08,R 4 796 000,4436000,Sold
L102186,BRYANSTON,House,5.0,287.0,2024-02-26,,R 8 761 000,,Withdrawn
L103585,Rooihuiskraal,Apartment,1.0,91.0,2023-11-15,2023-12-01,1264000,1192000,Sold
L100908,  brooklyn ,Townhouse,2.0,225.0,2025-05-15,2025-05-30,R 5 572 000,"R5,248,000",Sold
L103849,Brooklyn,House,5.0,331.0,2025-03-21,2025-04-12,R 8 037 000,8037000,Sold
L101303,  brooklyn ,House,5.0,365.0,2025-07-13,2025-09-08,R 9 074 000.00,"R8,852,000",Sold
L105709,Irene,Apartment,1.0,93.0,2025-11-04,,"R1,586,000",,Withdrawn
L101627,Groenkloof,Townhouse,3.0,172.0,2023-11-19,2024-01-06,R 3 084 000,2952000,Sold
L101522,Bryanston,House,4.0,260.0,2024-11-04,2025-01-04,R 6 917 000,R 6 917 000.00,Sold
L100835,IRENE,House,1.0,135.0,2023-01-04,2023-02-20,R 2 028 000.00,R 1 912 000.00,Sold
L100358,  faerie glen ,House,2.0,157.0,2024-10-27,2024-12-09,R 2 837 000,R 2 694 000.00,Sold
L100138,Rooihuiskraal,House,5.0,336.0,2026-03-02,2026-04-19,R 5 709 000,R 5 709 000,Sold
L100299,Centurion,Townhouse,2.0,125.0,2024-10-20,2024-10-31,R 2 045 000.00,R 1 980 000,Sold
L101556,Sandton,House,4.0,277.0,2023-12-02,2024-03-15,8142000,"R7,682,000",Sold
L101003,Groenkloof,House,1.0,151.0,2023-04-08,,3111000,,Withdrawn
L100382,Rooihuiskraal,Apartment,1.0,82.0,2023-12-18,,R 1 357 000.00,,Withdrawn
L102905,Centurion,House,6.0,545.0,2024-03-25,2024-06-22,11449000,"R10,727,000",Sold
L100761,Groenkloof,Apartment,,128.0,2025-08-09,2025-08-22,R 2 497 000,R 2 310 000.00,Sold
L103752,Lynnwood,House,5.0,365.0,2024-12-10,2024-12-21,R 8 183 000.00,R 8 183 000.00,Sold
L104655,Bryanston,House,4.0,287.0,2023-08-06,2023-08-15,R 6 560 000,R 6 148 000.00,Sold
L103246,  menlo park ,House,4.0,236.0,2023-11-11,2023-11-29,R 4 550 000.00,"R4,520,000",Sold
L104942,Irene,House,,275.0,2026-01-25,2026-02-26,R 5 814 000.00,R 5 814 000.00,Sold
L104196,Waterkloof Ridge,House,1.0,152.0,2025-07-29,2025-09-05,"R5,708,000","R5,516,000",Sold
L101402,Sandton,House,4.0,291.0,2024-07-14,2024-09-26,8732000,8492000,Sold
L103017,Waterkloof Ridge,House,4.0,246.0,2023-11-27,2023-12-15,R 6 527 000,"R6,420,000",Sold
L105244,  lynnwood ,Apartment,3.0,108.0,2023-03-15,2023-04-14,R 2 100 000,2100000,Sold
L101932,Rooihuiskraal,House,3.0,220.0,2025-12-05,,R 3 615 000.00,,Withdrawn
L103336,Faerie Glen,House,3.0,254.0,2024-04-03,2024-06-06,"R3,763,000",3763000,Sold
L103011,Bryanston,Apartment,1.0,78.0,2025-03-17,2025-05-25,"R2,592,000","R2,531,000",Sold
L104867,Brooklyn,House,2.0,183.0,2025-12-02,,R 5 065 000.00,,Withdrawn
L105219,Waterkloof Ridge,Apartment,2.0,152.0,2026-03-31,2026-04-23,R 4 463 000.00,R 4 145 000,Sold
L103669,Irene,Apartment,,73.0,2025-06-15,2025-08-30,"R1,321,000",R 1 290 000.00,Sold
L104024,Rooihuiskraal,House,1.0,162.0,2024-12-23,2025-02-11,R 2 230 000,R 2 113 000,Sold
L102685,Centurion,House,3.0,243.0,2023-03-17,2023-04-13,3967000,R 3 967 000.00,Sold
L102865,Waterkloof Ridge,House,1.0,122.0,2024-02-28,2024-04-21,3133000,"R3,041,000",Sold
L100058,Waterkloof Ridge,Apartment,1.0,87.0,2026-03-29,2026-04-24,R 2 323 000,"R2,271,000",Sold
L100076,Brooklyn,Apartment,2.0,85.0,2025-05-08,2025-06-04,2243000,R 2 169 000,Sold
L100796,Waterkloof,Apartment,1.0,105.0,2025-12-25,2026-02-22,R 2 344 000,"R2,191,000",Sold
L102416,  brooklyn ,Townhouse,2.0,177.0,2023-01-23,2023-01-31,3655000,"R3,655,000",Sold
L103103,Rooihuiskraal,Apartment,1.0,105.0,2025-08-14,2025-09-22,R 1 437 000.00,R 1 370 000,Sold
L104467,Centurion,House,1.0,97.0,2023-09-03,,1722000,,Withdrawn
L100785,Menlo Park,House,,196.0,2025-07-16,2025-08-17,"R4,684,000",R 4 684 000,Sold
L103012,Rooihuiskraal,Townhouse,1.0,140.0,2023-06-28,2023-08-21,2218000,R 2 176 000,Sold
L105960,Waterkloof,House,4.0,348.0,2023-12-17,2023-12-29,"R8,915,000",R 8 915 000.00,Sold
L103101,Groenkloof,House,5.0,307.0,2023-07-08,2023-08-17,6502000,R 6 046 000,Sold
L102217,Sandton,Apartment,2.0,80.0,2025-08-30,2025-09-21,R 2 568 000.00,"R2,449,000",Sold
L102895,Waterkloof,House,5.0,393.0,2023-06-03,2023-06-11,R 8 676 000,R 8 183 000.00,Sold
L103599,Lynnwood,House,2.0,162.0,2025-01-06,2025-03-04,"R3,630,000","R3,630,000",Sold
L105260,Centurion,Apartment,2.0,198.0,2025-02-13,,3386000,,Withdrawn
L102855,Sandton,House,5.0,270.0,2024-08-10,,R 9 059 000,,Withdrawn
L103484,Centurion,Apartment,1.0,100.0,2024-09-06,2024-10-01,R 2 024 000,R 1 946 000,Sold
L104715,GROENKLOOF,House,3.0,253.0,2026-03-17,2026-04-16,"R5,531,000",R 5 531 000.00,Sold
L100910,Rooihuiskraal,Apartment,1.0,53.0,2026-02-09,2026-02-28,R 996 000.00,"R964,000",Sold
L102172,Faerie Glen,Apartment,1.0,42.0,2024-06-27,,714000,,Withdrawn
L103658,Bryanston,Townhouse,1.0,102.0,2023-04-07,2023-04-29,2922000,2922000,Sold
L102309,  bryanston ,Townhouse,1.0,150.0,2026-01-09,,R 4 129 000,,Withdrawn
L105926,Bryanston,House,3.0,252.0,2024-10-18,2024-12-24,7060000,R 6 616 000,Sold
L101257,Bryanston,Townhouse,2.0,152.0,2023-12-09,,R 3 690 000.00,,Withdrawn
L102495,Faerie Glen,House,4.0,,2023-10-06,2023-10-13,3015000,3003000,Sold
L104605,Menlo Park,House,6.0,460.0,2025-01-30,2025-03-11,"R12,023,000",R 11 208 000.00,Sold
L104709,Menlo Park,Apartment,1.0,102.0,2026-02-07,2026-03-19,R 2 124 000,"R2,023,000",Sold
L101178,Groenkloof,Townhouse,3.0,164.0,2025-08-26,2025-09-17,R 4 805 000,R 4 600 000,Sold
L105093,Menlo Park,House,3.0,308.0,2024-09-02,2024-09-17,6969000,6835000,Sold
L104995,Brooklyn,Apartment,1.0,112.0,2023-10-24,2023-12-08,"R2,000,000","R1,898,000",Sold
L100442,Centurion,Apartment,1.0,44.0,2024-02-17,2024-03-10,"R747,000",R 747 000,Sold
L101399,Lynnwood,Apartment,1.0,72.0,2024-10-17,2024-12-15,"R1,366,000",R 1 342 000,Sold
L104906,Bryanston,Apartment,1.0,115.0,2024-10-11,2025-01-12,3104000,R 3 050 000.00,Sold
L103429,Bryanston,Apartment,2.0,83.0,2025-02-27,2025-03-19,R 2 393 000,R 2 363 000.00,Sold
L105830,Centurion,House,4.0,290.0,2026-02-11,2026-03-02,6366000,"R6,366,000",Sold
L101054,Brooklyn,House,6.0,482.0,2024-06-20,2024-07-17,R 11 606 000,R 11 534 000.00,Sold
L105899,Waterkloof,Townhouse,2.0,161.0,2024-06-06,2024-07-08,R 4 360 000,R 3 971 000.00,Sold
L104852,Rooihuiskraal,Apartment,1.0,84.0,2025-05-10,2025-07-17,1282000,R 1 235 000,Sold
L103163,Centurion,Apartment,1.0,109.0,2023-12-02,2024-01-04,R 1 602 000,1602000,Sold
L101415,Rooihuiskraal,Apartment,1.0,79.0,2023-07-09,2023-07-24,R 962 000.00,R 957 000.00,Sold
L102372,Brooklyn,House,4.0,289.0,2025-02-19,2025-04-01,8422000,8261000,Sold
L104317,Rooihuiskraal,House,3.0,282.0,2025-06-17,,R 4 155 000,,Withdrawn
L103090,BRYANSTON,Apartment,1.0,,2025-02-18,2025-03-26,2647000,R 2 592 000,Sold
L102894,Sandton,House,6.0,364.0,2026-02-12,2026-03-22,"R13,827,000","R13,827,000",Sold
L103806,Centurion,Apartment,1.0,81.0,2024-10-22,2024-12-02,"R1,189,000","R1,165,000",Sold
L105879,Brooklyn,Apartment,2.0,61.0,2023-09-14,2023-12-05,1209000,R 1 174 000.00,Sold
L101502,Menlo Park,House,5.0,296.0,2023-08-02,2023-09-26,R 5 961 000.00,R 5 826 000,Sold
L103237,Brooklyn,Apartment,2.0,79.0,2023-01-11,,R 1 451 000,,Withdrawn
L103997,Lynnwood,House,5.0,293.0,2023-10-29,2023-12-27,R 6 006 000,5968000,Sold
L102011,Brooklyn,Apartment,,92.0,2024-12-02,2024-12-25,R 2 161 000,R 2 161 000.00,Sold
L104630,Brooklyn,House,2.0,152.0,2024-06-23,2024-07-16,3238000,3215000,Sold
L103935,Brooklyn,House,2.0,159.0,2025-04-26,,"R4,487,000",,Withdrawn
L102972,Waterkloof Ridge,Apartment,2.0,98.0,2023-06-06,2023-07-02,2546000,R 2 510 000,Sold
L104928,Centurion,Townhouse,3.0,246.0,2023-02-26,,"R3,957,000",,Withdrawn
L104639,Brooklyn,House,6.0,501.0,2024-10-05,2024-10-16,R 11 355 000,"R10,609,000",Sold
L105719,Waterkloof Ridge,Townhouse,3.0,182.0,2024-07-30,2024-09-27,5096000,"R4,793,000",Sold
L100006,Rooihuiskraal,Apartment,1.0,94.0,2023-12-02,2024-01-02,1316000,1240000,Sold
L102487,Rooihuiskraal,House,3.0,227.0,2023-07-11,2023-08-16,R 2 943 000,2800000,Sold
L100678,Waterkloof Ridge,House,3.0,246.0,2023-05-04,2023-06-28,"R6,917,000",6774000,Sold
L101943,Groenkloof,House,3.0,172.0,2024-04-24,2024-06-26,3388000,R 3 252 000.00,Sold
L105165,Centurion,Apartment,1.0,104.0,2024-07-26,2024-08-18,"R1,961,000",1917000,Sold
L105627,Rooihuiskraal,Townhouse,2.0,160.0,2023-01-15,2023-02-28,R 2 354 000.00,2263000,Sold
L103460,Lynnwood,Apartment,1.0,109.0,2025-08-07,2025-08-31,"R2,414,000",R 2 414 000,Sold
L104689,Centurion,Townhouse,3.0,213.0,2024-02-20,2024-03-05,R 4 205 000,4006000,Sold
L103910,Faerie Glen,House,2.0,195.0,2024-03-13,,3730000,,Withdrawn
L102607,Brooklyn,Apartment,1.0,81.0,2025-12-18,2026-01-21,R 2 043 000.00,R 1 964 000,Sold
L104398,Groenkloof,Townhouse,1.0,0.0,2023-09-16,2023-10-08,R 2 340 000,R 2 185 000,Sold
L105623,Irene,Apartment,1.0,50.0,2023-11-21,2024-01-12,R 960 000.00,944000,Sold
L101064,Menlo Park,House,4.0,297.0,2023-09-23,2023-12-20,R 5 710 000,5524000,Sold
L103881,Sandton,House,4.0,262.0,2025-07-23,2025-10-17,R 9 680 000,9680000,Sold
L102242,Menlo Park,Townhouse,3.0,174.0,2024-07-12,2024-08-15,4010000,R 3 857 000.00,Sold
L101474,Faerie Glen,House,4.0,313.0,2023-06-26,2023-10-10,R 5 226 000.00,5171000,Sold
L104532,Centurion,House,3.0,234.0,2026-04-04,2026-05-14,R 5 052 000,"R4,847,000",Sold
L101889,Lynnwood,Apartment,1.0,46.0,2024-09-16,2024-11-21,868000,814000,Sold
L103592,Rooihuiskraal,Townhouse,1.0,124.0,2023-11-04,2024-01-04,R 1 890 000,"R1,768,000",Sold
L102021,Waterkloof Ridge,House,4.0,262.0,2024-07-04,,R 7 575 000,,Withdrawn
L104806,Lynnwood,House,1.0,150.0,2024-03-01,2024-04-07,2776000,R 2 628 000.00,Sold
L104350,Groenkloof,House,3.0,232.0,2023-12-30,2024-01-25,R 5 061 000,"R4,661,000",Sold
L102658,Waterkloof Ridge,Apartment,2.0,97.0,2025-08-29,2025-09-25,3199000,3199000,Sold
L102467,IRENE,House,4.0,,2025-03-04,,R 5 043 000,,Withdrawn
L103792,Waterkloof,House,3.0,181.0,2024-07-22,2024-09-17,"R4,773,000",4460000,Sold
L101130,Sandton,House,3.0,275.0,2024-10-06,2024-11-17,9631000,R 9 249 000.00,Sold
L101461,Faerie Glen,Apartment,,86.0,2026-02-10,2026-04-05,R 1 514 000,R 1 490 000,Sold
L103275,Bryanston,House,4.0,236.0,2023-11-13,2024-01-31,R 6 170 000,R 5 867 000,Sold
L105854,Waterkloof,House,1.0,103.0,2025-07-17,2025-09-09,3023000,"R3,023,000",Sold
L103441,GROENKLOOF,Townhouse,1.0,141.0,2024-09-29,2024-10-30,"R3,442,000",R 3 280 000.00,Sold
L104909,Groenkloof,Townhouse,2.0,118.0,2025-06-28,2025-08-10,R 2 762 000,"R2,635,000",Sold
L100222,Centurion,Apartment,2.0,82.0,2023-08-31,2023-09-17,R 1 052 000.00,1045000,Sold
L105669,Bryanston,Apartment,3.0,141.0,2025-12-22,2025-12-27,R 3 587 000.00,R 3 482 000,Sold
L100048,Centurion,House,4.0,223.0,2025-03-20,2025-05-24,R 4 389 000,"R4,253,000",Sold
L100573,Rooihuiskraal,Apartment,1.0,70.0,2024-10-27,2025-01-01,"R1,040,000",R 977 000,Sold
L101236,Groenkloof,House,3.0,193.0,2024-04-07,2024-06-06,R 3 558 000.00,3558000,Sold
L104648,Menlo Park,House,,301.0,2026-03-24,2026-04-03,8880000,"R8,880,000",Sold
L105929,Waterkloof,Apartment,1.0,52.0,2024-10-14,,941000,,Withdrawn
L105494,Bryanston,Apartment,1.0,,2024-04-03,2024-06-03,2859000,R 2 786 000.00,Sold
L102282,Menlo Park,House,3.0,241.0,2025-09-27,2025-11-06,R 4 960 000.00,"R4,960,000",Sold
L105721,Waterkloof,House,4.0,268.0,2023-10-16,2023-10-26,R 7 548 000,7297000,Sold
L100267,Groenkloof,Apartment,2.0,144.0,2025-08-30,2025-10-21,R 3 154 000,"R2,888,000",Sold
L101104,Waterkloof Ridge,House,4.0,277.0,2026-03-27,2026-05-04,R 10 172 000.00,10124000,Sold
L102305,Menlo Park,House,3.0,188.0,2024-04-27,2024-06-25,4576000,4424000,Sold
L104982,Menlo Park,House,5.0,12000.0,2023-02-19,2023-03-11,"R6,737,000",R 6 737 000.00,Sold
L101935,Waterkloof Ridge,House,3.0,333.0,2023-09-02,2023-10-01,R 9 643 000.00,"R8,873,000",Sold
L100386,Centurion,House,4.0,235.0,2025-06-15,2025-07-03,4565000,"R4,465,000",Sold
L101701,Sandton,House,4.0,354.0,2025-05-13,2025-06-26,R 10 175 000.00,R 9 895 000,Sold
L101628,Groenkloof,House,4.0,365.0,2025-11-28,2026-03-03,7882000,R 7 535 000,Sold
L105048,Groenkloof,House,5.0,284.0,2023-04-09,2023-04-30,R 5 266 000,"R5,074,000",Sold
L102714,Bryanston,House,6.0,327.0,2023-12-09,2024-02-06,R 9 911 000.00,"R9,689,000",Sold
L104914,Menlo Park,Townhouse,3.0,200.0,2023-05-25,2023-06-17,R 4 352 000,R 4 247 000.00,Sold
L105345,Waterkloof,House,5.0,328.0,2024-10-17,2024-11-03,R 9 005 000.00,R 8 436 000.00,Sold
L101563,Sandton,House,2.0,170.0,2025-06-12,2025-08-20,R 6 183 000.00,R 5 828 000.00,Sold
L102760,Centurion,Apartment,1.0,63.0,2023-07-30,2023-10-10,"R992,000",R 969 000.00,Sold
L103720,Centurion,Apartment,2.0,44.0,2023-05-04,2023-06-02,774000,743000,Sold
L100209,Faerie Glen Ext,Apartment,1.0,76.0,2025-01-09,2025-03-07,R 1 461 000,R 1 393 000.00,Sold
L100909,Brooklyn,House,2.0,136.0,2024-10-03,2024-11-09,3203000,R 3 203 000,Sold
L101289,Irene,House,3.0,207.0,2024-05-19,2024-09-16,"R3,535,000",3414000,Sold
L105371,Sandton,House,,312.0,2026-01-23,2026-02-07,"R11,569,000",R 11 098 000,Sold
L105213,Sandton,House,5.0,278.0,2023-10-06,2023-12-06,"R10,084,000",R 10 084 000,Sold
L101842,Groenkloof,House,4.0,255.0,2023-05-28,,5188000,,Withdrawn
L102497,  groenkloof ,Townhouse,,92.0,2025-12-05,2026-01-19,2012000,R 1 838 000,Sold
L105001,Centurion,House,5.0,348.0,2023-05-06,2023-05-16,R 6 232 000.00,"R6,068,000",Sold
L103782,Sandton,Apartment,1.0,71.0,2024-11-06,2024-12-29,R 2 225 000.00,"R2,089,000",Sold
L100958,Faerie Glen,House,5.0,287.0,2024-03-13,2024-04-18,R 4 451 000.00,"R4,451,000",Sold
L101793,Centurion,House,3.0,234.0,2023-11-25,2023-12-25,"R4,462,000","R4,185,000",Sold
L102088,Centurion,House,2.0,174.0,2024-05-01,2024-08-14,R 3 379 000,R 3 250 000,Sold
L102702,Menlo Park,House,2.0,115.0,2025-12-09,2026-01-20,R 2 554 000.00,2512000,Sold
L100331,Groenkloof,Townhouse,2.0,150.0,2023-04-09,2023-06-04,"R3,232,000",R 3 115 000.00,Sold
L103467,Brooklyn,Apartment,1.0,129.0,2025-07-09,2025-08-18,R 2 675 000,"R2,675,000",Sold
L104035,Lynnwood,Townhouse,3.0,278.0,2023-12-21,2024-01-11,R 4 682 000,R 4 297 000.00,Sold
L103109,Sandton,House,3.0,214.0,2026-01-31,2026-03-05,6243000,R 6 243 000,Sold
L102459,Faerie Glen Ext,Apartment,1.0,111.0,2025-06-11,2025-06-27,2077000,R 1 980 000,Sold
L101774,Centurion,Apartment,2.0,79.0,2024-06-02,2024-06-28,R 1 373 000,R 1 357 000.00,Sold
L104291,Waterkloof,Apartment,1.0,63.0,2025-10-14,2025-12-08,R 1 783 000,1783000,Sold
L103497,Rooihuiskraal,House,3.0,177.0,2023-07-24,2023-11-21,"R2,618,000","R2,590,000",Sold
L103861,Waterkloof,House,4.0,318.0,2025-10-27,2026-01-02,"R8,512,000",R 8 512 000,Sold
L103357,Faerie Glen,Apartment,1.0,94.0,2024-10-14,2024-12-14,R 1 576 000,1527000,Sold
L104962,Faerie Glen,Townhouse,1.0,164.0,2025-05-10,2025-05-30,R 3 216 000.00,3216000,Sold
L104747,Irene,Apartment,2.0,85.0,2023-05-29,2023-07-17,"R1,430,000","R1,420,000",Sold
L103915,Brooklyn,House,3.0,181.0,2024-04-18,2024-05-19,3829000,R 3 829 000,Sold
L102921,Waterkloof,Apartment,2.0,90.0,2023-03-08,2023-04-17,R 2 095 000,"R2,095,000",Sold
L101710,Rooihuiskraal,House,2.0,188.0,2023-11-18,2023-12-09,R 2 830 000.00,R 2 719 000.00,Sold
L104666,Bryanston,House,3.0,189.0,2025-02-18,2025-04-11,R 5 724 000.00,R 5 473 000,Sold
L102478,Menlo Park,House,3.0,184.0,2024-04-11,2024-05-01,4214000,"R3,991,000",Sold
L101366,Groenkloof,House,2.0,152.0,2026-03-14,2026-03-29,"R3,193,000","R3,070,000",Sold
L100173,Sandton,House,3.0,141.0,2025-02-02,2025-04-18,4680000,R 4 231 000,Sold
L100858,  menlo park ,House,4.0,274.0,2024-12-29,2025-03-08,R 5 996 000,R 5 996 000.00,Sold
L104502,Irene,House,4.0,287.0,2023-03-10,2023-05-18,R 5 609 000.00,R 5 556 000.00,Sold
L103010,Brooklyn,House,2.0,146.0,2023-08-01,2023-09-20,R 3 278 000,R 3 181 000.00,Sold
L105326,Irene,Apartment,2.0,95.0,2023-08-19,2023-09-24,R 1 390 000,R 1 301 000,Sold
L104235,Groenkloof,House,6.0,506.0,2023-01-29,2023-02-16,R 9 759 000.00,R 9 545 000,Sold
L101952,Rooihuiskraal,Townhouse,3.0,159.0,2025-11-24,2026-01-01,2676000,R 2 676 000.00,Sold
L104587,Sandton,Townhouse,3.0,215.0,2025-11-28,2026-02-24,6555000,R 6 440 000,Sold
L105434,Centurion,House,3.0,252.0,2026-03-23,2026-04-08,5355000,5163000,Sold
L102036,Sandton,House,2.0,175.0,2025-02-13,,"R5,257,000",,Withdrawn
L104032,Centurion,Apartment,2.0,80.0,2026-01-14,2026-02-03,R 1 527 000.00,1472000,Sold
L104481,Centurion,House,,186.0,2023-03-10,2023-03-31,2963000,"R2,841,000",Sold
L100018,Bryanston,Apartment,2.0,79.0,2023-04-06,2023-05-11,R 1 986 000,R 1 925 000,Sold
L100000,Rooihuiskraal,House,6.0,396.0,2026-01-24,2026-04-06,R 6 926 000,"R6,575,000",Sold
L102174,Menlo Park,House,4.0,283.0,2023-03-21,,R 5 421 000,,Withdrawn
L101356,Faerie Glen,Apartment,2.0,79.0,2025-09-28,2025-10-04,R 1 263 000.00,R 1 228 000.00,Sold
L105633,WATERKLOOF,House,6.0,470.0,2025-07-10,2025-08-18,R 15 737 000,R 14 869 000,Sold
L103305,Waterkloof,House,6.0,429.0,2023-07-25,2023-08-30,R 11 111 000,11111000,Sold
L102826,Lynnwood,Apartment,2.0,86.0,2026-01-20,2026-02-20,R 1 644 000.00,"R1,614,000",Sold
L103615,Centurion,House,3.0,220.0,2024-01-10,2024-02-04,"R4,561,000",R 4 255 000.00,Sold
L100396,Bryanston,Apartment,1.0,60.0,2024-11-18,2024-12-05,"R1,469,000","R1,422,000",Sold
L104591,Faerie Glen,Apartment,3.0,87.0,2025-12-09,2025-12-27,1449000,R 1 433 000.00,Sold
L105904,Lynnwood,House,4.0,262.0,2023-05-11,2023-06-18,R 5 804 000,R 5 452 000.00,Sold
L104830,Irene,Apartment,1.0,105.0,2026-04-26,2026-05-15,R 2 064 000.00,R 2 056 000,Sold
L101812,Centurion,Apartment,1.0,81.0,2023-11-23,2023-12-19,R 1 508 000.00,R 1 508 000.00,Sold
L105057,Faerie Glen,House,3.0,192.0,2023-09-22,2023-11-07,3142000,R 3 119 000,Sold
L105129,  sandton ,Apartment,1.0,128.0,2025-06-05,2025-07-13,R 4 707 000.00,"R4,707,000",Sold
L100816,Bryanston,Apartment,1.0,111.0,2026-03-05,2026-03-29,"R3,176,000","R3,085,000",Sold
L101572,Faerie Glen,House,1.0,144.0,2024-08-18,2024-11-09,R 2 154 000,R 2 114 000.00,Sold
L104230,Sandton,House,1.0,,2023-04-23,2023-05-14,5785000,"R5,661,000",Sold
L101800,Irene,House,3.0,218.0,2023-02-02,2023-02-13,R 3 785 000,"R3,685,000",Sold
L102280,Lynnwood,House,4.0,316.0,2024-01-08,2024-02-18,R 7 351 000.00,"R7,032,000",Sold
L105378,Groenkloof,Apartment,1.0,59.0,2023-07-17,,946000,,Withdrawn
L104832,  centurion ,House,2.0,176.0,2025-08-23,2025-09-16,"R3,773,000",3773000,Sold
L105343,Irene,House,3.0,208.0,2023-08-26,2023-09-11,3457000,3147000,Sold
L104620,Groenkloof,House,,280.0,2025-03-31,2025-05-17,R 6 866 000.00,R 6 569 000.00,Sold
L105831,Brooklyn,House,4.0,212.0,2023-09-28,2023-12-04,"R4,556,000",R 4 556 000.00,Sold
L105271,Bryanston,House,5.0,287.0,2025-02-22,2025-03-23,R 8 088 000.00,R 7 946 000.00,Sold
L104013,Waterkloof,House,4.0,187.0,2025-11-25,2026-01-02,"R5,755,000",R 5 579 000,Sold
L104356,Sandton,House,3.0,139.0,2025-12-19,2026-01-26,"R5,678,000",R 5 678 000.00,Sold
L103443,Menlo  Park,House,4.0,283.0,2023-10-16,2023-12-02,R 6 813 000,R 6 813 000,Sold
L104273,Bryanston,House,3.0,265.0,2024-12-26,2025-03-09,R 7 147 000,R 6 816 000.00,Sold
L104378,Bryanston,House,3.0,173.0,2026-01-19,2026-02-02,"R4,559,000",4354000,Sold
L100554,Waterkloof,House,6.0,415.0,2025-04-10,2025-04-27,R 12 716 000.00,R 12 550 000.00,Sold
L101159,Rooihuiskraal,House,4.0,288.0,2024-07-23,2024-08-03,"R3,710,000",R 3 602 000.00,Sold
L101213,Menlo Park,Apartment,1.0,83.0,2025-02-05,2025-02-19,"R1,445,000",R 1 445 000.00,Sold
L103254,Waterkloof,Apartment,1.0,60.0,2024-11-28,2024-12-31,R 1 634 000.00,"R1,577,000",Sold
L101325,Bryanston,House,3.0,163.0,2024-11-08,2024-12-14,4141000,3863000,Sold
L103418,Waterkloof,House,6.0,358.0,2024-10-16,2024-10-19,8176000,R 7 796 000.00,Sold
L103482,Bryanston,Townhouse,2.0,170.0,2025-02-15,2025-03-13,R 5 077 000.00,4729000,Sold
L100700,Brooklyn,House,2.0,164.0,2025-06-03,2025-06-11,R 3 351 000.00,R 3 139 000,Sold
L102700,Centurion,House,4.0,296.0,2023-11-24,,"R4,837,000",,Withdrawn
L104373,Groenkloof,House,5.0,385.0,2024-02-02,2024-02-11,"R7,690,000",R 7 284 000.00,Sold
L101847,Centurion,House,3.0,231.0,2023-09-06,2023-10-26,R 4 919 000,R 4 790 000,Sold
L104487,Waterkloof Ridge,House,2.0,128.0,2023-10-15,2023-11-21,"R3,281,000",R 3 281 000,Sold
L104174,Rooihuiskraal,House,4.0,324.0,2023-03-11,2023-03-30,R 4 304 000.00,"R4,259,000",Sold
L101455,Waterkloof Ridge,House,4.0,240.0,2025-03-17,2025-05-19,R 8 571 000.00,R 8 189 000.00,Sold
L105976,Rooihuiskraal,House,3.0,,2025-12-14,2026-01-15,R 3 913 000.00,R 3 755 000.00,Sold
L105558,Centurion,Apartment,1.0,103.0,2025-11-08,2025-12-30,"R1,712,000",R 1 636 000.00,Sold
L103203,Centurion,House,2.0,131.0,2023-03-06,2023-03-20,2293000,"R2,206,000",Sold
L100866,Bryanston,House,6.0,612.0,2023-06-01,2023-07-21,16193000,16193000,Sold
L104671,Brooklyn,Apartment,1.0,52.0,2023-05-30,2023-06-17,1009000,R 964 000,Sold
L101644,Groenkloof,Apartment,1.0,63.0,2025-03-03,2025-05-02,"R1,212,000",1189000,Sold
L102140,Bryanston,House,3.0,252.0,2023-01-11,,R 7 358 000.00,,Withdrawn
L105335,Rooihuiskraal,House,4.0,279.0,2025-10-01,2025-10-24,R 4 906 000.00,4784000,Sold
L103583,Centurion,Apartment,1.0,74.0,2025-11-12,2025-11-30,R 1 314 000,"R1,314,000",Sold
L101490,Waterkloof,Townhouse,2.0,109.0,2025-09-15,2023-01-01,R 2 778 000,"R2,641,000",Sold
L103208,Waterkloof Ridge,House,3.0,226.0,2023-05-09,2023-05-31,R 5 743 000,5347000,Sold
L100729,Faerie Glen,Apartment,1.0,76.0,2026-04-17,2026-05-27,R 1 513 000.00,R 1 466 000,Sold
L104590,Brooklyn,House,2.0,141.0,2023-03-19,2023-04-20,2765000,"R2,765,000",Sold
L103639,Faerie Glen,House,3.0,238.0,2025-09-06,2025-10-10,"R4,659,000",4626000,Sold
L102620,Bryanston,Townhouse,2.0,213.0,2025-07-02,2025-08-09,R 5 670 000.00,R 5 488 000.00,Sold
L101936,Lynnwood,House,5.0,310.0,2024-03-07,2024-04-20,R 6 693 000,R 6 342 000,Sold
L103268,Sandton,Townhouse,2.0,85.0,2024-07-10,2024-08-29,R 2 199 000.00,2089000,Sold
L101110,Groenkloof,Townhouse,2.0,140.0,2026-02-04,2026-03-29,3226000,R 3 025 000.00,Sold
L104965,Waterkloof,House,3.0,210.0,2025-11-02,2025-11-30,"R4,962,000","R4,949,000",Sold
L105465,Rooihuiskraal,Apartment,1.0,67.0,2023-06-16,2023-09-11,R 950 000.00,950000,Sold
L102394,Irene,House,2.0,180.0,2024-07-26,2024-10-06,R 3 762 000,3592000,Sold
L101185,Bryanston,House,4.0,282.0,2025-08-09,2025-10-04,R 9 122 000,R 8 835 000.00,Sold
L102007,Waterkloof Ridge,Apartment,2.0,,2024-08-09,2024-10-03,R 1 412 000.00,R 1 349 000,Sold
L100193,Bryanston,House,6.0,572.0,2024-04-15,2024-04-27,R 20 790 000.00,R 20 200 000,Sold
L101515,Brooklyn,House,5.0,426.0,2023-12-28,2024-01-07,R 9 959 000.00,R 9 901 000,Sold
L104886,Waterkloof Ridge,House,4.0,209.0,2025-10-02,2025-10-17,7321000,R 7 321 000.00,Sold
L100578,Bryanston,Townhouse,3.0,144.0,2025-04-01,2025-04-25,"R3,702,000",R 3 318 000,Sold
L102123,Groenkloof,House,6.0,455.0,2026-02-17,2026-04-18,R 10 573 000.00,"R10,239,000",Sold
L101429,Lynnwood,Townhouse,3.0,181.0,2023-07-05,2023-08-19,R 2 844 000.00,2844000,Sold
L100771,Irene,Apartment,1.0,89.0,2024-04-08,2024-05-09,R 1 491 000,"R1,374,000",Sold
L103721,Faerie Glen,Townhouse,2.0,129.0,2024-07-03,2024-07-22,R 2 337 000,R 2 121 000,Sold
L102395,Sandton,House,4.0,227.0,2025-10-11,2025-11-17,"R8,746,000",8467000,Sold
L102024,Lynnwood,House,5.0,427.0,2025-12-12,2026-01-04,R 10 315 000.00,"R9,927,000",Sold
L101846,Menlo Park,House,2.0,199.0,2023-08-20,2023-10-05,R 3 605 000.00,R 3 605 000.00,Sold
L100131,Sandton,Apartment,1.0,85.0,2024-06-13,2024-10-11,R 2 853 000,R 2 853 000,Sold
L100178,Bryanston,House,6.0,373.0,2025-05-10,2025-05-22,R 11 191 000,10958000,Sold
L105460,Centurion,House,6.0,678.0,2024-03-07,2024-04-09,10265000,10161000,Sold
L103961,Waterkloof  Ridge,House,5.0,389.0,2024-12-29,2025-01-16,R 10 544 000,"R10,286,000",Sold
L105470,Centurion,House,,279.0,2023-11-25,2023-12-26,"R4,753,000",R 4 703 000.00,Sold
L102580,Waterkloof,Apartment,1.0,77.0,2024-12-06,2025-01-24,2004000,R 1 928 000,Sold
L103768,Centurion,Apartment,,90.0,2024-09-27,,"R1,605,000",,Withdrawn
L103488,Groenkloof,Townhouse,2.0,119.0,2025-10-29,2025-11-04,2294000,2207000,Sold
L102652,  bryanston ,Townhouse,2.0,126.0,2023-05-10,2023-05-25,R 3 167 000,"R3,086,000",Sold
L103862,Centurion,House,5.0,295.0,2026-02-13,2026-03-18,"R7,395,000","R6,872,000",Sold
L102073,Bryanston,House,3.0,175.0,2026-02-05,2026-03-20,"R5,155,000",4797000,Sold
L100658,Irene,Apartment,1.0,78.0,2025-06-14,2025-08-31,R 1 543 000.00,1502000,Sold
L101896,Centurion,Apartment,2.0,58.0,2023-09-20,2023-10-17,R 949 000.00,R 895 000,Sold
L105542,Irene,House,4.0,270.0,2026-02-06,2026-04-07,5800000,5776000,Sold
L102606,Irene,House,3.0,166.0,2023-04-21,2023-05-17,"R2,500,000",R 2 406 000.00,Sold
L102221,Lynnwood,Apartment,3.0,71.0,2024-05-19,2024-07-13,R 1 350 000.00,1311000,Sold
L105787,Bryanston,House,3.0,174.0,2025-10-24,2025-11-09,R 4 825 000,R 4 485 000.00,Sold
L102379,Centurion,House,6.0,280.0,2025-07-04,2025-07-20,5423000,"R5,312,000",Sold
L101447,Faerie Glen,House,4.0,305.0,2026-03-28,,R 5 925 000,,Withdrawn
L100342,Rooihuiskraal,Townhouse,3.0,177.0,2025-07-23,,R 2 752 000,,Withdrawn
L104553,Centurion,House,2.0,188.0,2025-04-16,2025-06-05,R 4 140 000,R 3 972 000.00,Sold
L102527,Sandton,Apartment,,121.0,2024-02-16,2024-03-16,R 4 019 000,R 3 803 000.00,Sold
L100727,Waterkloof,House,2.0,190.0,2025-01-25,2025-03-15,"R4,299,000",R 4 299 000.00,Sold
L105363,Sandton,House,3.0,235.0,2025-08-14,2025-10-12,R 10 138 000.00,R 9 402 000.00,Sold
L100976,Lynnwood,Apartment,2.0,81.0,2025-11-20,,2089000,,Withdrawn
L102997,Groenkloof,House,1.0,192.0,2023-04-26,2023-05-30,R 4 005 000,"R3,834,000",Sold
L104241,  bryanston ,House,3.0,214.0,2024-08-01,2024-09-25,R 6 620 000.00,R 6 384 000,Sold
L101928,Waterkloof,House,3.0,220.0,2025-12-08,2026-01-29,"R6,266,000",R 6 031 000,Sold
L103841,Centurion,House,2.0,99.0,2025-07-06,2025-08-19,1960000,R 1 934 000.00,Sold
L105872,Waterkloof Ridge,Apartment,1.0,63.0,2023-04-10,2023-04-26,"R1,440,000",R 1 423 000.00,Sold
L101299,Menlo Park,Apartment,2.0,148.0,2024-06-02,2024-07-29,"R2,916,000",R 2 916 000.00,Sold
L104253,Faerie Glen,House,3.0,260.0,2024-02-08,2024-03-01,R 3 882 000,R 3 819 000,Sold
L105615,Brooklyn,House,4.0,296.0,2023-01-07,2023-04-06,R 6 117 000.00,"R6,034,000",Sold
L100660,Brooklyn,House,6.0,362.0,2025-03-05,2025-03-23,8356000,8169000,Sold
L101790,Rooihuiskraal,Apartment,2.0,118.0,2025-11-05,2025-12-22,"R1,991,000","R1,874,000",Sold
L103524,Faerie Glen Ext,House,4.0,269.0,2026-02-19,2026-06-07,"R5,838,000",R 5 838 000.00,Sold
L104098,Centurion,House,4.0,282.0,2023-06-26,2023-08-19,R 5 514 000,5309000,Sold
L100493,Menlo Park,House,6.0,353.0,2024-09-27,2024-10-13,6689000,R 6 689 000.00,Sold
L105814,Faerie Glen,House,4.0,268.0,2024-01-08,2024-02-29,4316000,4237000,Sold
L104292,Waterkloof,Apartment,2.0,92.0,2023-06-15,2023-06-29,R 2 387 000,R 2 359 000,Sold
L104246,Bryanston,House,5.0,451.0,2024-02-25,2024-03-30,R 13 680 000,13318000,Sold
L103979,Centurion,House,3.0,184.0,2023-09-27,2023-10-07,"R3,362,000",R 3 362 000,Sold
L105629,Brooklyn,Apartment,3.0,163.0,2023-04-29,2023-05-31,R 3 281 000.00,R 3 268 000.00,Sold
L105176,Groenkloof,House,3.0,193.0,2024-01-14,2024-03-24,R 3 901 000,R 3 856 000,Sold
L101085,Centurion,Apartment,1.0,73.0,2023-04-11,2023-05-28,"R1,290,000",1235000,Sold
L105771,Bryanston,House,2.0,,2025-04-17,2025-05-07,R 5 356 000,"R5,101,000",Sold
L100694,Sandton,House,1.0,148.0,2024-06-27,2024-08-15,"R5,490,000",R 5 128 000.00,Sold
L101278,Bryanston,Apartment,2.0,91.0,2023-01-19,2023-01-27,R 1 994 000,R 1 949 000.00,Sold
L104309,Irene,House,4.0,,2024-05-05,2024-05-30,R 4 723 000.00,"R4,607,000",Sold
L101621,Faerie Glen,Apartment,2.0,84.0,2025-05-21,2025-08-14,R 1 534 000.00,R 1 534 000,Sold
L102561,Centurion,House,3.0,203.0,2024-01-13,2024-02-07,3961000,"R3,852,000",Sold
L105474,Centurion,House,3.0,162.0,2025-09-08,2025-09-20,R 3 092 000,R 2 982 000,Sold
L104386,Brooklyn,Apartment,1.0,94.0,2024-07-10,2024-08-18,R 2 368 000.00,"R2,368,000",Sold
L100067,Brooklyn,House,4.0,305.0,2023-07-06,2023-09-21,R 6 627 000,R 6 627 000,Sold
L104860,Faerie Glen,House,5.0,320.0,2026-03-05,2026-05-01,R 5 884 000.00,5738000,Sold
L103131,Sandton,Apartment,3.0,145.0,2025-06-17,2025-07-22,"R4,578,000",R 4 578 000,Sold
L102269,Bryanston,House,3.0,221.0,2023-05-22,,6267000,,Withdrawn
L105746,Groenkloof,House,6.0,500.0,2026-03-29,2026-05-04,R 13 881 000.00,R 13 881 000.00,Sold
L104812,Faerie Glen,House,6.0,332.0,2025-08-13,2025-09-14,"R5,742,000",5513000,Sold
L100820,Waterkloof,Apartment,1.0,57.0,2025-09-14,2025-10-23,1328000,R 1 285 000,Sold
L101226,Lynnwood,House,6.0,429.0,2025-07-05,2025-08-01,10234000,9961000,Sold
L101677,Lynnwood,Townhouse,2.0,144.0,2024-08-31,2024-09-11,"R2,897,000",R 2 675 000,Sold
L105108,Faerie Glen,House,6.0,430.0,2024-10-23,2024-12-04,R 6 688 000.00,6432000,Sold
L102867,Faerie Glen,House,3.0,200.0,2025-04-06,2025-04-29,R 3 719 000,R 3 591 000.00,Sold
L104456,Waterkloof Ridge,House,4.0,232.0,2025-11-10,2025-11-25,7173000,7173000,Sold
L102367,Lynnwood,Apartment,1.0,95.0,2023-08-11,,"R1,636,000",,Withdrawn
L103158,Sandton,House,,200.0,2024-08-02,2024-10-26,R 5 845 000,R 5 845 000,Sold
L104037,Bryanston,Apartment,1.0,91.0,2024-03-21,2024-04-15,2563000,R 2 555 000,Sold
L102512,Waterkloof Ridge,House,6.0,361.0,2024-02-25,2024-03-15,R 10 344 000,10281000,Sold
L104741,Brooklyn,Apartment,2.0,127.0,2025-02-15,2025-03-22,R 2 719 000,"R2,699,000",Sold
L102723,LYNNWOOD,Apartment,1.0,80.0,2023-01-29,2023-02-17,1431000,"R1,372,000",Sold
L105448,Faerie Glen,Apartment,1.0,85.0,2023-03-08,2023-05-07,"R1,264,000","R1,247,000",Sold
L105201,Groenkloof,House,3.0,217.0,2025-05-26,2025-06-27,R 4 385 000.00,R 4 271 000,Sold
L104517,Brooklyn,Apartment,2.0,82.0,2024-05-17,2024-06-28,R 1 635 000.00,R 1 605 000,Sold
L101143,Bryanston,House,5.0,344.0,2026-01-15,2026-03-03,"R10,345,000",R 10 043 000.00,Sold
L100397,Brooklyn,House,5.0,307.0,2024-10-14,2024-11-16,"R5,515,000",5232000,Sold
L105027,Menlo Park,Apartment,1.0,66.0,2025-02-08,2025-04-07,R 1 409 000.00,1409000,Sold
L100786,Bryanston,House,2.0,184.0,2023-08-14,2023-09-05,"R5,246,000","R4,939,000",Sold
L105453,Groenkloof,House,5.0,357.0,2024-10-08,2024-10-15,"R8,438,000","R7,994,000",Sold
L104778,Brooklyn,Apartment,1.0,66.0,2025-11-04,2025-12-28,1646000,1640000,Sold
L101398,Irene,Townhouse,2.0,205.0,2026-01-24,2026-03-30,R 4 437 000,R 4 247 000,Sold
L101659,Waterkloof,Apartment,1.0,75.0,2023-06-13,2023-06-28,R 1 591 000,R 1 525 000,Sold
L103464,Rooihuiskraal,Townhouse,3.0,124.0,2024-04-22,2024-07-17,"R2,009,000",1936000,Sold
L102220,Menlo Park,House,4.0,253.0,2025-06-30,2025-08-19,6552000,6552000,Sold
L100979,Groenkloof,Apartment,2.0,127.0,2023-09-19,2023-10-20,R 1 927 000,R 1 906 000,Sold
L102331,Menlo Park,Apartment,2.0,125.0,2025-02-03,,3224000,,Withdrawn
L101298,Centurion,Townhouse,3.0,156.0,2026-04-29,2026-05-19,R 3 245 000.00,3182000,Sold
L105568,Groenkloof,House,2.0,217.0,2024-09-09,2024-10-13,R 4 885 000.00,"R4,770,000",Sold
L103941,Groenkloof,House,3.0,155.0,2025-09-23,2025-11-02,R 3 798 000.00,3798000,Sold
L104545,Brooklyn,Apartment,1.0,61.0,2025-12-08,2026-02-02,R 1 224 000.00,R 1 224 000.00,Sold
L100082,Bryanston,Apartment,3.0,110.0,2025-04-15,2025-04-29,R 3 327 000,R 3 327 000,Sold
L103221,Bryanston,House,2.0,127.0,2026-01-22,2026-04-07,R 3 560 000,R 3 368 000.00,Sold
L103620,Irene,House,6.0,382.0,2024-05-22,2024-06-21,R 7 276 000.00,"R6,969,000",Sold
L104775,Waterkloof,House,5.0,293.0,2024-05-09,2024-06-12,R 8 256 000.00,8192000,Sold
L104085,Sandton,Apartment,2.0,79.0,2025-05-28,2025-07-17,R 2 592 000.00,R 2 561 000,Sold
L104808,Lynnwood,House,5.0,310.0,2023-09-30,2023-10-24,R 7 595 000.00,"R7,343,000",Sold
L103379,Sandton,House,3.0,255.0,2024-01-19,2024-04-17,7133000,"R6,999,000",Sold
L102903,Sandton,House,4.0,284.0,2025-02-06,2025-03-09,R 10 670 000.00,R 9 928 000,Sold
L100423,Waterkloof,Apartment,2.0,65.0,2023-03-09,2023-07-01,1524000,1472000,Sold
L105289,Irene,House,5.0,297.0,2023-06-26,2023-09-19,"R6,021,000",R 5 845 000.00,Sold
L101904,Irene,Townhouse,2.0,161.0,2024-10-25,2024-11-18,R 3 443 000,3345000,Sold
L105545,Brooklyn,Apartment,2.0,91.0,2024-07-08,2024-07-11,R 1 838 000,R 1 831 000.00,Sold
L101530,Brooklyn,House,4.0,260.0,2024-11-09,2024-11-24,5652000,R 5 400 000,Sold
L104331,Sandton,Apartment,,30.0,2024-03-21,2024-04-27,"R809,000",786000,Sold
L101565,Lynnwood,Townhouse,2.0,158.0,2024-12-10,2025-01-29,"R3,869,000","R3,683,000",Sold
L104519,Brooklyn,Townhouse,2.0,178.0,2025-10-19,2025-11-27,"R4,111,000",R 4 111 000,Sold
L102749,Waterkloof,House,3.0,172.0,2026-02-11,2026-02-19,R 4 943 000.00,4680000,Sold
L100839,Faerie Glen,Townhouse,3.0,178.0,2023-08-05,,3248000,,Withdrawn
L100500,Centurion,Townhouse,2.0,121.0,2024-09-29,2024-12-07,R 2 105 000.00,R 2 020 000.00,Sold
L103402,Faerie Glen,House,6.0,422.0,2023-11-18,2024-02-11,"R6,843,000","R6,500,000",Sold
L100141,Faerie Glen,House,2.0,135.0,2025-05-06,2025-07-10,"R2,781,000",R 2 780 000,Sold
L105046,Brooklyn,Townhouse,2.0,175.0,2024-10-02,2024-12-02,R 4 159 000.00,"R4,159,000",Sold
L102605,Waterkloof Ridge,House,4.0,291.0,2026-03-20,2026-04-07,R 9 659 000.00,R 9 507 000,Sold
L105999,  bryanston ,Apartment,1.0,52.0,2025-11-07,2025-12-03,"R1,568,000",1541000,Sold
L101377,Bryanston,Townhouse,3.0,151.0,2023-06-27,2023-08-02,"R3,700,000",R 3 516 000,Sold
L105473,Groenkloof,House,6.0,446.0,2025-06-25,2025-08-24,R 10 468 000,R 9 635 000,Sold
L101782,Brooklyn,House,2.0,180.0,2024-08-06,2024-08-19,"R4,166,000","R3,984,000",Sold
L102266,Rooihuiskraal,Townhouse,,99.0,2026-03-01,2026-03-31,1775000,1608000,Sold
L105731,Bryanston,House,3.0,164.0,2023-06-04,,"R4,314,000",,Withdrawn
L101138,Waterkloof,Apartment,1.0,81.0,2026-04-14,2026-05-25,R 2 353 000.00,"R2,246,000",Sold
L102257,Rooihuiskraal,House,4.0,281.0,2024-11-14,2024-12-31,R 4 996 000,"R4,901,000",Sold
L103968,Lynnwood,House,4.0,248.0,2023-11-21,2023-12-25,4802000,"R4,802,000",Sold
L101787,Centurion,Apartment,1.0,88.0,2023-05-25,2023-09-22,R 1 396 000.00,1386000,Sold
L104326,Waterkloof,House,3.0,321.0,2024-10-08,2024-10-29,R 7 559 000.00,R 7 124 000,Sold
L100550,Lynnwood,Apartment,1.0,79.0,2024-04-27,2024-05-30,R 1 432 000.00,"R1,390,000",Sold
L100459,Centurion,Apartment,1.0,74.0,2025-01-10,2025-03-03,"R1,410,000",R 1 325 000,Sold
L102019,Menlo  Park,Apartment,1.0,94.0,2024-04-30,,R 1 866 000.00,,Withdrawn
L100948,Bryanston,Apartment,2.0,119.0,2024-12-18,2024-12-26,R 2 931 000.00,2867000,Sold
L104489,FAERIE GLEN,Apartment,2.0,115.0,2024-02-04,,"R1,807,000",,Withdrawn
L103755,Menlo Park,House,6.0,404.0,2023-11-26,2023-12-30,R 9 314 000.00,8942000,Sold
L100532,Menlo Park,Apartment,1.0,64.0,2023-08-11,2023-09-10,1220000,R 1 197 000.00,Sold
L103995,Waterkloof,House,6.0,402.0,2024-07-06,2024-08-06,R 11 160 000,10585000,Sold
L101829,Faerie Glen,House,5.0,385.0,2023-07-05,2023-08-18,R 5 751 000.00,5491000,Sold
L104189,Faerie Glen,House,4.0,259.0,2023-02-07,2023-03-26,"R4,273,000",R 4 068 000.00,Sold
L105395,Lynnwood,Apartment,,151.0,2025-10-08,,R 3 420 000,,Withdrawn
L104864,Centurion,House,5.0,332.0,2024-08-18,2024-10-16,R 6 050 000.00,"R6,030,000",Sold
L103544,Menlo Park,Apartment,1.0,109.0,2024-01-21,2024-02-18,R 2 500 000.00,"R2,371,000",Sold
L101602,Centurion,House,4.0,274.0,2023-08-04,2023-09-26,R 5 580 000,R 5 550 000.00,Sold
L102238,Menlo Park,Apartment,1.0,83.0,2025-12-26,2026-01-16,2005000,1937000,Sold
L100639,Bryanston,House,5.0,296.0,2025-11-09,2025-11-25,R 9 545 000,R 9 319 000,Sold
L105906,CENTURION,Apartment,2.0,63.0,2023-03-03,2023-05-21,"R1,245,000","R1,192,000",Sold
L100967,Groenkloof,House,2.0,198.0,2025-09-11,2025-10-08,4676000,4598000,Sold
L105163,Lynnwood,Townhouse,3.0,224.0,2024-01-28,2024-02-13,R 4 515 000.00,R 4 315 000,Sold
L104476,Faerie Glen,House,2.0,,2024-03-20,2024-05-15,"R3,744,000",3657000,Sold
L101683,Brooklyn,Apartment,2.0,88.0,2024-05-14,2024-06-18,R 1 538 000,1529000,Sold
L102248,Menlo Park,House,3.0,248.0,2025-09-27,2025-10-15,R 5 492 000,5398000,Sold
L104423,Brooklyn,House,4.0,226.0,2024-09-23,2024-10-07,"R4,988,000",4836000,Sold
L105464,Waterkloof,Apartment,2.0,68.0,2026-03-02,2026-03-29,R 1 592 000,R 1 592 000.00,Sold
L104903,Bryanston,House,5.0,310.0,2026-01-12,2026-04-23,R 9 693 000,R 9 693 000,Sold
L100155,Centurion,House,3.0,229.0,2026-04-17,2026-07-05,R 5 981 000.00,R 5 824 000,Sold
L102295,Waterkloof,House,4.0,271.0,2023-07-03,2023-07-15,R 6 870 000,6693000,Sold
L104781,Sandton,Apartment,1.0,101.0,2025-04-06,2025-05-11,"R3,291,000",3266000,Sold
L105299,Waterkloof Ridge,Apartment,3.0,181.0,2025-03-02,2025-03-20,R 6 037 000,"R5,805,000",Sold
L101089,Lynnwood,House,2.0,219.0,2024-06-08,2024-07-16,R 4 650 000,R 4 621 000,Sold
L103898,Waterkloof Ridge,Apartment,1.0,58.0,2025-10-29,2025-12-22,1652000,1587000,Sold
L102319,Sandton,House,5.0,298.0,2023-02-11,2023-03-23,R 8 903 000.00,8522000,Sold
L102940,Sandton,House,6.0,487.0,2025-04-01,2025-06-06,R 18 581 000,R 18 124 000,Sold
L105168,Waterkloof Ridge,Apartment,1.0,,2024-07-18,2024-08-18,"R3,012,000",R 2 783 000,Sold
L100288,Faerie Glen,House,3.0,215.0,2026-02-24,2026-03-15,4540000,R 4 540 000,Sold
L100930,Brooklyn,House,2.0,162.0,2025-01-22,,R 3 352 000.00,,Withdrawn
L102909,Irene,House,4.0,293.0,2023-09-05,2023-12-04,"R4,575,000",R 4 266 000,Sold
L103727,Brooklyn,House,5.0,,2024-06-18,2024-08-06,6894000,"R6,528,000",Sold
L104743,Brooklyn,Apartment,1.0,73.0,2024-02-21,2024-04-13,R 1 534 000,"R1,528,000",Sold
L102884,Faerie Glen,House,3.0,287.0,2023-11-17,2023-12-17,5774000,R 5 684 000,Sold
L104952,Brooklyn,House,4.0,322.0,2024-12-03,2024-12-18,R 8 917 000,8917000,Sold
L103346,Rooihuiskraal,House,3.0,183.0,2023-07-14,2023-08-08,"R3,437,000",3262000,Sold
L105550,Brooklyn,House,3.0,182.0,2026-04-29,2026-06-17,6291000,6198000,Sold
L103000,Bryanston,Apartment,2.0,124.0,2026-01-21,,3059000,,Withdrawn
L105347,Centurion,House,4.0,314.0,2024-07-13,,R 6 595 000,,Withdrawn
L103483,Irene,Apartment,1.0,144.0,2024-12-27,2025-03-02,"R2,952,000",R 2 799 000,Sold
L101261,  lynnwood ,Apartment,1.0,91.0,2024-02-11,2024-03-10,R 1 781 000,"R1,740,000",Sold
L100942,Groenkloof,House,6.0,395.0,2024-10-15,2024-11-21,R 8 086 000,R 7 726 000.00,Sold
L102354,Lynnwood,House,4.0,250.0,2026-02-11,2026-04-12,"R6,711,000","R6,558,000",Sold
L105189,Irene,House,3.0,244.0,2023-06-15,2023-07-17,"R4,388,000",4379000,Sold
L105272,Bryanston,Townhouse,3.0,188.0,2026-02-19,2026-04-18,5725000,R 5 507 000.00,Sold
L105701,Waterkloof  Ridge,Apartment,1.0,88.0,2024-12-27,2025-01-25,2161000,R 2 161 000,Sold
L101698,Sandton,House,5.0,413.0,2025-06-19,2025-07-27,R 15 715 000,R 15 074 000,Sold
L105755,Irene,Apartment,2.0,132.0,2024-08-17,2024-09-30,R 3 010 000.00,"R2,990,000",Sold
L105891,Irene,House,4.0,262.0,2024-06-20,2024-08-31,R 5 967 000,R 5 306 000,Sold
L103685,Waterkloof Ridge,House,2.0,171.0,2025-05-25,2025-06-12,5521000,5521000,Sold
L104236,Menlo Park,Apartment,2.0,91.0,2025-10-18,2025-11-03,R 1 868 000.00,1817000,Sold
L104307,MENLO PARK,House,4.0,248.0,2023-03-03,2023-05-02,R 5 028 000.00,"R4,815,000",Sold
L100985,Sandton,Apartment,2.0,57.0,2024-08-15,2024-09-26,R 1 703 000.00,"R1,663,000",Sold
L104080,Menlo Park,House,1.0,108.0,2023-05-15,2023-06-28,2005000,2005000,Sold
L105330,Rooihuiskraal,Apartment,2.0,54.0,2025-02-22,2025-03-23,"R774,000",R 741 000.00,Sold
L103288,Waterkloof Ridge,House,1.0,174.0,2023-03-13,2023-05-09,R 4 410 000,R 4 299 000,Sold
L105837,Faerie Glen,Townhouse,4.0,287.0,2025-09-20,2025-11-20,R 5 257 000.00,R 5 085 000.00,Sold
L100981,Bryanston,Townhouse,3.0,213.0,2023-01-01,,R 4 926 000.00,,Withdrawn
L103668,Menlo Park,Townhouse,3.0,205.0,2024-03-03,2024-03-27,"R4,978,000",R 4 978 000.00,Sold
L105267,Bryanston,Apartment,1.0,97.0,2025-09-16,2025-09-24,R 2 744 000,R 2 679 000.00,Sold
L105564,Sandton,House,4.0,326.0,2025-04-16,,"R10,525,000",,Withdrawn
L103580,Rooihuiskraal,Apartment,2.0,132.0,2026-02-02,2026-02-27,R 2 460 000,"R2,330,000",Sold
L104376,Centurion,Apartment,1.0,54.0,2025-09-14,2025-10-21,R 870 000,"R806,000",Sold
L105431,Lynnwood,House,4.0,282.0,2023-02-25,2023-05-14,"R5,625,000","R5,545,000",Sold
L101473,Faerie Glen Ext,House,4.0,310.0,2024-01-17,2024-02-03,5712000,R 5 467 000,Sold
L105971,Waterkloof,House,2.0,187.0,2025-09-29,2025-11-17,R 5 660 000,R 5 498 000.00,Sold
L103545,Lynnwood,House,2.0,188.0,2025-01-06,2025-03-11,3664000,"R3,444,000",Sold
L104847,  centurion ,House,,493.0,2026-02-18,2026-04-10,10988000,R 10 337 000.00,Sold
L101457,Lynnwood,Apartment,,76.0,2024-06-13,2024-07-23,1403000,R 1 403 000,Sold
L101395,Groenkloof,Townhouse,2.0,148.0,2025-07-02,2025-07-19,"R3,101,000","R2,930,000",Sold
L100264,Sandton,House,3.0,232.0,2024-08-13,2024-09-15,R 8 059 000.00,R 8 059 000.00,Sold
L102748,Faerie Glen,Apartment,1.0,40.0,2024-03-23,2024-05-04,646000,R 634 000.00,Sold
L103527,Groenkloof,House,2.0,161.0,2024-01-15,2024-02-16,"R3,219,000","R3,219,000",Sold
L102692,Bryanston,House,3.0,217.0,2025-02-03,,R 6 400 000.00,,Withdrawn
L105836,Bryanston,House,2.0,150.0,2024-05-16,2024-06-16,R 4 235 000.00,R 3 878 000,Sold
L100929,Centurion,Townhouse,1.0,134.0,2025-10-21,2025-11-20,R 2 766 000.00,R 2 583 000.00,Sold
L105481,Waterkloof,Apartment,2.0,91.0,2025-01-19,2025-03-17,R 2 359 000.00,2280000,Sold
L103361,Menlo Park,House,4.0,300.0,2023-08-04,2023-08-28,5709000,R 5 241 000,Sold
L102400,Irene,House,1.0,122.0,2026-04-01,2026-05-04,R 2 708 000.00,R 2 699 000.00,Sold
L102178,Brooklyn,House,5.0,,2023-12-20,2024-01-30,R 6 660 000,6660000,Sold
L104162,Bryanston,House,3.0,190.0,2023-11-10,2023-12-06,"R5,922,000",R 5 849 000.00,Sold
L100246,Irene,Townhouse,4.0,214.0,2025-05-07,2025-06-18,4332000,"R4,053,000",Sold
L101594,Bryanston,Apartment,2.0,76.0,2023-01-07,2023-02-18,2103000,"R2,055,000",Sold
L101758,Sandton,House,5.0,307.0,2025-06-02,2025-08-06,R 9 999 000.00,"R9,822,000",Sold
L105951,Lynnwood,House,5.0,347.0,2025-06-29,2025-08-02,"R7,697,000","R7,697,000",Sold
L104113,Faerie Glen,Apartment,1.0,96.0,2024-09-20,2024-12-10,1582000,R 1 513 000.00,Sold
L100923,Faerie Glen,House,3.0,228.0,2024-03-04,2024-04-13,R 4 127 000.00,R 3 858 000.00,Sold
L103455,Rooihuiskraal,House,4.0,309.0,2025-03-25,2025-06-22,R 4 871 000,R 4 707 000,Sold
L100268,Waterkloof Ridge,House,2.0,148.0,2023-09-04,2023-10-17,R 4 118 000.00,4091000,Sold
L100669,Lynnwood,Apartment,2.0,82.0,2023-04-17,2023-04-29,1512000,R 1 434 000.00,Sold
L104028,Faerie Glen,Apartment,1.0,,2025-05-16,2025-06-25,R 1 540 000.00,"R1,540,000",Sold
L101910,Waterkloof,Townhouse,2.0,177.0,2025-09-17,2025-10-31,R 4 592 000.00,"R4,416,000",Sold
L104247,Waterkloof,House,4.0,275.0,2024-10-26,2024-11-28,7388000,R 7 388 000.00,Sold
L101152,Waterkloof Ridge,Townhouse,3.0,,2025-05-12,2025-06-25,R 3 605 000,R 3 439 000.00,Sold
L105613,Centurion,Apartment,1.0,88.0,2024-09-20,2024-10-14,R 1 568 000,"R1,553,000",Sold
L105015,Brooklyn,Apartment,2.0,188.0,2023-03-23,2023-07-06,"R4,973,000",R 4 973 000,Sold
L105884,Faerie Glen,House,4.0,,2023-04-21,2023-05-20,"R4,063,000","R4,010,000",Sold
L104584,Centurion,House,4.0,260.0,2024-04-17,,"R6,106,000",,Withdrawn
L102696,Bryanston,House,4.0,210.0,2023-09-27,2023-10-25,7150000,7083000,Sold
L102591,Bryanston,House,5.0,261.0,2023-11-08,2024-01-02,R 8 359 000.00,"R7,903,000",Sold
L105169,Menlo Park,Apartment,1.0,86.0,2025-08-16,2025-10-15,R 1 834 000,R 1 834 000,Sold
L101781,Rooihuiskraal,House,4.0,244.0,2025-05-09,2025-07-08,R 4 370 000,R 4 224 000.00,Sold
L102413,Faerie Glen,House,3.0,238.0,2024-04-20,2024-06-09,3832000,"R3,826,000",Sold
L103013,Centurion,House,3.0,257.0,2023-06-12,2023-08-19,R 4 839 000,R 4 839 000.00,Sold
L105338,Bryanston,House,5.0,396.0,2023-01-18,2023-01-31,R 10 103 000.00,10103000,Sold
L102307,Lynnwood,Apartment,1.0,79.0,2025-03-11,2025-04-04,R 1 612 000,R 1 612 000.00,Sold
L103198,Groenkloof,House,,138.0,2024-11-06,2025-01-05,2737000,"R2,701,000",Sold
L100687,Sandton,Townhouse,2.0,221.0,2025-12-05,2025-12-18,7007000,R 6 982 000,Sold
L101915,Groenkloof,Townhouse,3.0,185.0,2024-05-08,2024-05-31,4208000,"R4,046,000",Sold
L105754,Waterkloof,Apartment,2.0,140.0,2025-03-04,2025-03-30,"R3,474,000",R 3 474 000,Sold
L100612,Sandton,House,5.0,262.0,2026-04-20,,9658000,,Withdrawn
L103071,Sandton,House,6.0,421.0,2024-07-10,2024-09-04,R 16 583 000,R 16 386 000,Sold
L103539,Brooklyn,House,4.0,268.0,2024-03-03,2024-04-02,R 6 213 000.00,R 5 965 000,Sold
L103200,Rooihuiskraal,House,4.0,261.0,2026-03-24,2026-04-30,R 4 401 000,R 4 133 000,Sold
L102267,Faerie Glen,House,2.0,133.0,2024-09-17,2024-10-17,R 2 297 000.00,"R2,160,000",Sold
L105940,Centurion,House,5.0,371.0,2023-09-05,2023-10-12,R 7 025 000.00,"R7,025,000",Sold
L102533,Waterkloof,Townhouse,1.0,97.0,2025-02-08,2025-05-05,R 2 779 000.00,2779000,Sold
L100039,Centurion,House,3.0,205.0,2023-09-22,2023-12-16,R 3 959 000,"R3,794,000",Sold
L101898,Waterkloof,Townhouse,2.0,123.0,2024-06-16,2024-06-29,"R3,168,000","R3,106,000",Sold
L101649,Rooihuiskraal,Apartment,1.0,83.0,2025-03-09,2025-05-17,R 1 137 000,"R1,126,000",Sold
L104576,Bryanston,Apartment,1.0,61.0,2024-07-10,2024-08-10,R 1 794 000,R 1 792 000,Sold
L100258,Waterkloof,House,2.0,166.0,2025-02-17,2025-03-05,4663000,"R4,513,000",Sold
L102924,Waterkloof,House,6.0,408.0,2024-06-02,2024-07-01,11246000,R 10 909 000.00,Sold
L102434,Centurion,Apartment,1.0,76.0,2025-01-10,,R 1 489 000,,Withdrawn
L100847,Centurion,House,6.0,385.0,2023-01-14,,R 5 712 000.00,,Withdrawn
L102822,Waterkloof,Apartment,1.0,92.0,2024-01-15,2024-02-10,2168000,R 2 136 000.00,Sold
L104482,Rooihuiskraal,Apartment,1.0,78.0,2023-09-05,2023-10-28,"R1,275,000","R1,235,000",Sold
L105181,Menlo Park,House,3.0,285.0,2026-01-30,,R 6 554 000,,Withdrawn
L104219,Centurion,Apartment,2.0,124.0,2025-04-27,,R 2 336 000.00,,Withdrawn
L103785,Sandton,Apartment,1.0,59.0,2025-12-13,2026-01-31,R 1 762 000,R 1 758 000.00,Sold
L101233,Centurion,House,3.0,202.0,2024-11-07,2024-12-04,R 3 528 000.00,R 3 528 000.00,Sold
L101127,Centurion,House,4.0,228.0,2026-02-16,2026-03-22,"R4,563,000","R4,487,000",Sold
L103628,Centurion,Townhouse,,187.0,2025-08-27,2025-10-07,R 3 742 000.00,R 3 684 000,Sold
L101967,Bryanston,Apartment,2.0,111.0,2025-01-08,2025-01-28,R 3 018 000,R 2 956 000.00,Sold
L100558,Irene,Apartment,2.0,96.0,2025-12-11,2026-01-07,R 1 809 000.00,R 1 690 000.00,Sold
L100904,Sandton,House,4.0,282.0,2024-09-01,2024-10-01,"R11,656,000",R 11 341 000.00,Sold
L102614,Brooklyn,House,4.0,299.0,2025-12-18,2026-02-03,R 6 796 000,6700000,Sold
L103143,Waterkloof,Apartment,1.0,57.0,2023-03-18,2023-05-17,R 1 259 000,"R1,217,000",Sold
L100484,Waterkloof,Townhouse,3.0,237.0,2023-04-27,2023-01-01,R 5 328 000.00,"R5,208,000",Sold
L102211,Lynnwood,Townhouse,1.0,105.0,2025-06-24,2025-06-27,2647000,2587000,Sold
L101320,Faerie Glen,House,4.0,208.0,2023-09-05,2023-09-22,3647000,3475000,Sold
L105565,Brooklyn,House,5.0,330.0,2024-12-02,2025-03-14,"R7,853,000","R7,853,000",Sold
L102555,Centurion,House,3.0,287.0,2026-04-01,2026-04-30,6082000,R 6 067 000,Sold
L100007,Rooihuiskraal,Apartment,1.0,79.0,2026-04-19,2026-05-08,R 1 163 000.00,"R1,109,000",Sold
L102315,Brooklyn,House,5.0,352.0,2024-06-20,2024-06-30,"R7,834,000",R 7 658 000,Sold
L105361,WATERKLOOF,House,2.0,134.0,2025-11-16,2026-01-01,3306000,R 3 280 000.00,Sold
L104464,Groenkloof,House,6.0,544.0,2024-04-18,2024-07-04,"R10,275,000",R 10 155 000.00,Sold
L104395,Lynnwood,House,,159.0,2024-01-17,2024-02-23,"R3,290,000","R3,097,000",Sold
L105368,Bryanston,Apartment,1.0,82.0,2024-08-27,2024-10-31,R 2 778 000.00,2724000,Sold
L101450,Rooihuiskraal,House,3.0,202.0,2026-02-09,2026-03-09,R 3 515 000.00,3401000,Sold
L101201,Faerie Glen,House,3.0,157.0,2025-06-15,2025-08-15,R 3 018 000.00,"R2,743,000",Sold
L102426,Waterkloof,Apartment,2.0,96.0,2025-03-10,,R 2 533 000,,Withdrawn
L102648,Centurion,House,4.0,277.0,2023-09-24,2023-10-11,5364000,R 5 304 000.00,Sold
L101814,Bryanston,Apartment,1.0,80.0,2025-02-02,2025-02-22,R 2 129 000,2036000,Sold
L102726,Rooihuiskraal,Townhouse,2.0,187.0,2024-05-10,2024-06-05,R 2 640 000.00,2561000,Sold
L100773,Bryanston,Townhouse,2.0,127.0,2023-08-17,2023-10-26,R 2 894 000.00,R 2 841 000.00,Sold
L102274,Bryanston,House,4.0,241.0,2024-03-31,2024-06-04,"R5,673,000","R5,559,000",Sold
L101011,Irene,Townhouse,2.0,125.0,2023-02-26,2023-05-20,2328000,"R2,213,000",Sold
L104119,Faerie Glen,House,2.0,156.0,2023-05-09,2023-06-16,R 2 320 000.00,"R2,175,000",Sold
L103168,Waterkloof,House,1.0,117.0,2025-05-06,2025-06-09,R 3 294 000,R 3 145 000.00,Sold
L103605,Waterkloof,Townhouse,2.0,141.0,2023-05-20,2023-06-25,R 3 714 000.00,"R3,714,000",Sold
L101991,Centurion,Townhouse,2.0,172.0,2024-04-06,2024-05-02,"R3,413,000",R 3 412 000.00,Sold
L101277,Waterkloof Ridge,Apartment,1.0,105.0,2024-09-30,2024-12-14,R 3 133 000.00,R 2 997 000.00,Sold
L101783,Groenkloof,House,4.0,265.0,2025-10-02,2025-11-30,6033000,"R5,755,000",Sold
L104333,Lynnwood,House,3.0,188.0,2024-11-02,2025-03-02,R 3 871 000,R 3 527 000,Sold
L100446,Sandton,Apartment,2.0,96.0,2023-03-15,2023-05-06,R 2 801 000.00,R 2 780 000.00,Sold
L100880,Lynnwood,House,3.0,192.0,2025-08-12,,R 4 241 000.00,,Withdrawn
L104153,Lynnwood,House,3.0,225.0,2023-11-25,2024-03-06,R 5 302 000,R 4 851 000,Sold
L105451,Irene,Townhouse,2.0,169.0,2025-06-20,2025-07-23,2904000,"R2,904,000",Sold
L102727,Waterkloof Ridge,House,1.0,117.0,2026-03-24,2026-04-15,"R3,218,000",R 3 155 000,Sold
L103048,Sandton,Townhouse,4.0,230.0,2026-03-30,2026-04-07,R 10 005 000,9443000,Sold
L100781,Sandton,House,,479.0,2024-03-08,2024-06-10,R 15 139 000.00,R 15 139 000,Sold
L102651,Lynnwood,Townhouse,2.0,80.0,2024-12-18,2025-02-16,"R1,384,000","R1,300,000",Sold
L105942,Waterkloof Ridge,House,4.0,394.0,2024-08-26,2024-10-17,10110000,"R9,674,000",Sold
L101749,Lynnwood,Apartment,1.0,42.0,2024-03-16,2024-04-02,"R829,000",R 772 000,Sold
L102126,Menlo Pk,House,2.0,136.0,2024-10-19,2024-11-25,R 3 018 000,R 2 992 000.00,Sold
L103821,Irene,Townhouse,3.0,178.0,2025-03-30,2025-05-31,"R3,208,000",R 3 076 000.00,Sold
L102791,Waterkloof,Apartment,1.0,78.0,2026-01-16,2026-03-13,"R1,971,000",R 1 971 000,Sold
L102423,Waterkloof Ridge,Townhouse,1.0,145.0,2024-03-02,2024-04-03,4174000,4131000,Sold
L105973,Sandton,House,2.0,228.0,2025-11-12,2026-01-26,R 8 996 000.00,"R8,762,000",Sold
L105266,Menlo Park,Apartment,2.0,73.0,2025-04-15,2025-05-12,R 1 659 000,1600000,Sold
L100883,Lynnwood,Apartment,1.0,71.0,2025-02-19,2025-04-09,R 1 360 000,1360000,Sold
L105136,Waterkloof,Apartment,3.0,153.0,2023-04-07,2023-05-01,"R3,516,000","R3,516,000",Sold
L101091,Centurion,Apartment,2.0,100.0,2025-07-09,2025-09-24,1886000,R 1 833 000,Sold
L104421,Groenkloof,House,2.0,133.0,2025-08-22,2025-09-29,3283000,R 3 132 000.00,Sold
L104204,Centurion,Apartment,2.0,86.0,2024-08-02,2024-08-26,R 1 836 000,R 1 757 000,Sold
L100531,Centurion,Townhouse,2.0,102.0,2023-05-06,2023-06-02,"R1,690,000",R 1 607 000.00,Sold
L103732,Irene,Townhouse,3.0,118.0,2024-03-07,2024-04-21,"R2,007,000","R1,902,000",Sold
L102438,Lynnwood,Townhouse,3.0,218.0,2025-01-10,2025-03-01,R 4 779 000,4779000,Sold
L104956,Bryanston,Townhouse,1.0,93.0,2025-10-24,2025-12-12,R 2 907 000,"R2,800,000",Sold
L105162,Waterkloof Ridge,House,3.0,257.0,2024-01-30,2024-03-18,"R5,938,000",R 5 483 000,Sold
L102608,Centurion,House,4.0,253.0,2023-08-23,2023-10-26,R 4 635 000,R 4 478 000,Sold
L105007,CENTURION,Apartment,1.0,66.0,2025-12-21,2026-02-10,R 1 155 000.00,1077000,Sold
L102290,Sandton,Apartment,1.0,101.0,2025-03-12,2025-06-05,"R3,417,000",R 3 340 000,Sold
L101727,Bryanston,House,3.0,261.0,2023-07-14,2023-08-26,R 7 524 000,R 7 524 000.00,Sold
L100610,Faerie Glen,Apartment,1.0,,2023-06-19,2023-08-10,1064000,"R1,022,000",Sold
L100570,Menlo Park,Apartment,1.0,97.0,2023-06-25,2023-08-06,R 1 654 000.00,"R1,596,000",Sold
L105379,Bryanston,House,5.0,317.0,2025-11-25,2026-02-11,9479000,R 9 185 000.00,Sold
L101317,Waterkloof,Townhouse,3.0,190.0,2026-02-26,2026-03-17,R 5 020 000.00,R 4 904 000,Sold
L100343,Irene,House,4.0,245.0,2025-10-20,2025-12-05,6754000,R 6 672 000,Sold
L100587,Menlo Park,Townhouse,2.0,126.0,2025-02-03,2025-03-18,"R2,592,000",2574000,Sold
L104764,Lynnwood,Apartment,1.0,79.0,2025-07-06,2025-08-05,"R1,788,000",R 1 788 000.00,Sold
L100636,Centurion,House,5.0,360.0,2023-02-17,2023-06-02,R 6 586 000.00,R 6 586 000.00,Sold
L100434,Waterkloof,Apartment,1.0,89.0,2024-08-26,2024-10-08,2357000,2248000,Sold
L101903,GROENKLOOF,Apartment,1.0,77.0,2023-06-06,2023-07-15,R 1 237 000,1199000,Sold
L103215,Centurion,Apartment,1.0,85.0,2026-03-23,2026-03-28,R 1 255 000,R 1 210 000,Sold
L100097,Waterkloof,House,6.0,517.0,2024-10-17,2024-12-08,16828000,R 16 828 000.00,Sold
L103858,Centurion,House,3.0,173.0,2024-01-16,2024-02-09,3389000,R 3 342 000.00,Sold
L103570,Rooihuiskraal,House,2.0,167.0,2024-09-13,2024-11-23,R 2 620 000.00,2620000,Sold
L105208,Waterkloof,Apartment,2.0,100.0,2026-03-20,2026-04-12,R 2 607 000,"R2,576,000",Sold
L105824,Menlo Pk,Apartment,3.0,146.0,2023-06-15,2023-07-09,R 2 356 000.00,R 2 276 000,Sold
L102069,Faerie Glen,Townhouse,2.0,177.0,2023-01-06,2023-01-30,R 2 553 000.00,R 2 419 000,Sold
L101537,Centurion,Apartment,3.0,99.0,2025-01-02,2025-02-04,"R1,715,000",R 1 616 000.00,Sold
L103332,Waterkloof,House,3.0,226.0,2025-07-15,,6544000,,Withdrawn
L104213,Waterkloof  Ridge,Apartment,1.0,72.0,2025-07-23,2025-10-11,R 2 586 000.00,"R2,487,000",Sold
L104861,Bryanston,Apartment,2.0,62.0,2024-02-16,2024-06-15,R 1 473 000.00,"R1,384,000",Sold
L105610,Waterkloof,House,3.0,203.0,2024-02-09,2024-03-27,R 5 117 000.00,R 4 843 000.00,Sold
L101517,Sandton,Apartment,1.0,56.0,2024-04-08,2024-04-28,R 1 634 000,1588000,Sold
L100965,Faerie Glen,Apartment,1.0,66.0,2023-04-13,2023-05-06,R 929 000,R 892 000,Sold
L105376,Brooklyn,Townhouse,2.0,197.0,2023-05-07,2023-06-20,4249000,4014000,Sold
L100528,Rooihuiskraal,House,3.0,130.0,2024-04-15,2024-05-07,R 1 837 000.00,R 1 754 000,Sold
L100176,  lynnwood ,Apartment,1.0,72.0,2023-05-15,2023-08-07,R 1 187 000.00,R 1 177 000.00,Sold
L102470,Lynnwood,House,3.0,252.0,2026-01-15,2026-03-18,"R5,218,000","R4,830,000",Sold
L104606,Bryanston,House,3.0,283.0,2024-12-11,2025-01-03,R 7 767 000,R 7 358 000,Sold
L103742,Bryanston,Apartment,1.0,63.0,2024-04-25,2024-06-19,R 1 619 000,R 1 619 000,Sold
L103001,  irene ,House,4.0,265.0,2025-10-04,2025-10-28,"R5,449,000",R 5 342 000.00,Sold
L105231,Sandton,Townhouse,2.0,136.0,2023-02-24,2023-03-07,3957000,3713000,Sold
L100572,Faerie Glen,Apartment,2.0,80.0,2023-12-21,2024-04-01,R 1 326 000.00,R 1 267 000,Sold
L105751,Menlo Park,House,6.0,476.0,2025-04-28,2025-05-30,R 12 274 000,11815000,Sold
L100592,Brooklyn,House,3.0,178.0,2024-08-20,2024-10-11,R 3 139 000.00,3071000,Sold
L105071,Menlo Park,House,2.0,120.0,2025-01-15,2025-02-08,R 2 457 000.00,"R2,399,000",Sold
L103062,BROOKLYN,House,6.0,493.0,2024-07-11,2024-09-02,"R11,934,000",R 11 718 000.00,Sold
L104025,Sandton,House,3.0,246.0,2025-08-14,2025-09-19,"R8,835,000",8680000,Sold
L102374,Menlo Park,Apartment,1.0,107.0,2025-07-11,,R 2 445 000,,Withdrawn
L103064,Menlo Park,House,4.0,153.0,2024-03-23,2024-05-25,R 3 464 000.00,R 3 361 000,Sold
L105736,Irene,Apartment,1.0,54.0,2024-09-19,2024-10-21,R 1 149 000.00,1132000,Sold
L104412,Centurion,House,3.0,206.0,2025-10-03,2025-11-18,"R4,047,000",3836000,Sold
L103800,Waterkloof,House,4.0,313.0,2025-02-24,2025-03-17,R 6 586 000.00,R 6 349 000.00,Sold
L104740,Groenkloof,Townhouse,3.0,231.0,2025-11-10,2025-11-16,R 5 215 000,R 5 075 000,Sold
L102208,Groenkloof,Apartment,1.0,64.0,2023-06-28,2023-08-07,"R1,264,000","R1,150,000",Sold
L105816,Brooklyn,Apartment,1.0,77.0,2023-01-14,2023-01-29,R 1 385 000,R 1 350 000,Sold
L102492,Waterkloof,House,4.0,242.0,2023-07-17,2023-08-11,R 6 804 000.00,6804000,Sold
L104056,  brooklyn ,House,3.0,210.0,2024-09-21,2024-09-29,"R5,145,000",R 5 086 000.00,Sold
L100383,Lynnwood,Apartment,1.0,99.0,2023-06-15,2023-06-18,R 2 079 000.00,R 1 925 000.00,Sold
L100852,Bryanston,Apartment,1.0,76.0,2025-12-25,2026-01-23,R 2 120 000.00,"R2,090,000",Sold
L101880,Faerie Glen,House,,374.0,2023-11-10,2023-12-03,R 6 938 000.00,R 6 848 000,Sold
L100370,Rooihuiskraal,Townhouse,1.0,128.0,2026-04-17,2026-06-28,R 2 397 000,"R2,279,000",Sold
L105683,Irene,Townhouse,3.0,166.0,2024-05-18,2024-07-12,"R3,221,000",R 3 082 000,Sold
L104610,Bryanston,House,4.0,234.0,2024-10-15,2024-12-05,"R6,780,000",6780000,Sold
L105304,Waterkloof,Apartment,1.0,77.0,2025-10-09,2025-11-01,R 2 553 000.00,"R2,553,000",Sold
L105269,Faerie Glen,House,6.0,613.0,2023-07-17,2023-09-13,R 8 406 000.00,R 7 683 000,Sold
L100465,Centurion,Apartment,1.0,66.0,2023-07-29,2023-09-15,1024000,"R963,000",Sold
L101105,Rooihuiskraal,House,6.0,412.0,2025-02-02,2025-03-04,6494000,6070000,Sold
L103786,Sandton,House,4.0,318.0,2025-02-03,2025-02-16,"R13,061,000","R12,518,000",Sold
L102361,Waterkloof,Townhouse,3.0,183.0,2024-07-17,2024-08-03,R 4 291 000,"R3,967,000",Sold
L104913,Sandton,Apartment,2.0,76.0,2023-11-17,,R 2 167 000.00,,Withdrawn
L101336,Groenkloof,Apartment,2.0,94.0,2023-09-04,2023-10-26,"R1,686,000",R 1 618 000.00,Sold
L102189,Sandton,Apartment,1.0,42.0,2024-04-19,2024-04-24,1461000,"R1,425,000",Sold
L105609,Centurion,House,4.0,254.0,2025-01-07,2025-01-18,R 4 703 000.00,4483000,Sold
L105508,Rooihuiskraal,Apartment,1.0,68.0,2024-02-11,2024-05-04,"R830,000",830000,Sold
L103426,  waterkloof ,House,4.0,284.0,2024-09-16,2024-10-31,"R7,678,000",R 7 590 000.00,Sold
L102246,Brooklyn,House,3.0,226.0,2025-10-07,2025-11-27,R 4 966 000.00,R 4 714 000,Sold
L104466,Groenkloof,House,3.0,191.0,2024-12-28,2025-02-12,R 3 652 000,"R3,355,000",Sold
L105925,Groenkloof,House,4.0,292.0,2023-03-09,2023-06-10,R 5 141 000,R 5 087 000.00,Sold
L101171,Centurion,House,2.0,215.0,2024-02-05,2024-03-27,R 3 409 000,R 3 316 000,Sold
L103274,Centurion,Apartment,1.0,79.0,2023-08-05,2023-08-29,"R1,301,000","R1,287,000",Sold
L105204,Groenkloof,House,,278.0,2024-03-12,,R 6 067 000.00,,Withdrawn
L103960,Menlo Pk,House,5.0,313.0,2026-03-07,2026-03-22,"R7,818,000",R 7 631 000,Sold
L101422,Lynnwood,House,4.0,324.0,2024-08-07,2024-09-11,R 7 132 000.00,R 7 096 000,Sold
L102686,Brooklyn,Apartment,2.0,100.0,2025-10-20,2025-11-16,R 2 550 000.00,"R2,454,000",Sold
L105485,Sandton,House,6.0,472.0,2025-07-28,2025-09-08,R 16 981 000.00,R 16 384 000,Sold
L104934,Centurion,House,3.0,197.0,2025-02-21,2025-03-16,3980000,3943000,Sold
L103892,Faerie Glen,House,5.0,283.0,2025-08-17,2025-09-22,R 5 385 000,"R5,230,000",Sold
L105070,Brooklyn,Townhouse,3.0,152.0,2023-05-30,2023-06-12,"R3,129,000",R 3 010 000.00,Sold
L101464,Centurion,Townhouse,1.0,123.0,2024-04-22,2024-08-10,1928000,R 1 790 000.00,Sold
L100874,Centurion,House,5.0,364.0,2025-08-22,2025-10-05,"R6,891,000","R6,729,000",Sold
L102297,Waterkloof,House,2.0,248.0,2024-09-12,2024-11-04,R 5 915 000.00,R 5 857 000,Sold
L102643,Bryanston,House,2.0,147.0,2023-01-28,2023-04-02,R 4 115 000,4034000,Sold
L103434,Waterkloof,Apartment,1.0,84.0,2026-01-24,2026-04-08,R 2 526 000.00,2521000,Sold
L105290,  menlo park ,Apartment,1.0,107.0,2023-09-25,2023-12-05,R 2 101 000.00,"R2,101,000",Sold
L101251,Waterkloof Ridge,House,5.0,280.0,2024-12-10,2024-12-25,R 8 214 000,R 7 833 000,Sold
L103459,Rooihuiskraal,Townhouse,2.0,120.0,2026-01-04,2026-01-18,"R1,815,000",R 1 797 000,Sold
L100840,WATERKLOOF,Apartment,3.0,64.0,2026-01-21,2026-03-12,R 1 607 000,R 1 607 000,Sold
L104308,Sandton,Apartment,1.0,,2026-02-11,2026-03-19,"R2,377,000",R 2 339 000.00,Sold
L100581,Faerie Glen,Apartment,2.0,52.0,2025-04-22,2025-07-28,972000,R 936 000,Sold
L100204,Waterkloof,House,6.0,,2025-12-16,2026-01-09,R 15 333 000.00,R 15 333 000,Sold
L101641,Waterkloof Ridge,Townhouse,3.0,154.0,2023-08-22,2023-09-13,R 4 179 000,3998000,Sold
L102014,Lynnwood,House,4.0,262.0,2023-09-29,2023-10-16,R 5 079 000,5033000,Sold
L103253,Faerie Glen,Apartment,1.0,59.0,2025-05-20,2025-06-20,R 1 054 000.00,"R1,018,000",Sold
L100905,Centurion,Apartment,1.0,82.0,2025-04-19,2025-05-06,1282000,R 1 252 000,Sold
L100631,Bryanston,House,2.0,159.0,2024-03-22,2024-04-25,4389000,"R4,380,000",Sold
L105185,Bryanston,House,1.0,113.0,2025-07-29,2025-08-23,3711000,R 3 711 000.00,Sold
L103705,Groenkloof,House,2.0,179.0,2023-11-23,2024-01-17,3400000,"R3,195,000",Sold
L101974,Groenkloof,Apartment,1.0,43.0,2025-08-05,2025-09-08,"R959,000","R943,000",Sold
L100162,Brooklyn,House,2.0,144.0,2023-11-24,2024-01-02,R 3 435 000,R 3 347 000.00,Sold
L104384,Bryanston,Apartment,2.0,108.0,2024-02-18,2024-04-18,"R3,164,000",3144000,Sold
L104155,Waterkloof,House,5.0,344.0,2024-03-07,2024-04-04,R 8 445 000,R 8 330 000.00,Sold
L105493,Menlo Park,House,4.0,298.0,2024-03-11,2024-06-24,6584000,R 6 361 000,Sold
L103653,Groenkloof,Apartment,1.0,59.0,2024-02-20,2024-03-19,R 1 108 000.00,R 1 033 000.00,Sold
L100617,Menlo Park,Apartment,2.0,106.0,2025-03-07,2025-04-11,"R2,584,000","R2,450,000",Sold
L100875,Bryanston,House,3.0,148.0,2023-01-23,2023-02-07,3901000,"R3,766,000",Sold
L101431,Irene,Apartment,1.0,88.0,2023-11-10,2023-12-06,R 1 477 000,R 1 413 000.00,Sold
L102973,Sandton,House,6.0,337.0,2024-02-26,2024-04-26,R 10 902 000,10436000,Sold
L105652,Irene,Apartment,1.0,95.0,2025-09-06,,R 1 767 000.00,,Withdrawn
L100547,Waterkloof,Apartment,2.0,126.0,2023-06-17,2023-07-12,R 2 937 000.00,R 2 782 000.00,Sold
L104505,Lynnwood,Apartment,2.0,102.0,2025-05-10,2025-05-31,1973000,R 1 908 000.00,Sold
L105555,Bryanston,House,,232.0,2023-10-29,,R 6 513 000.00,,Withdrawn
L102638,Bryanston,House,4.0,226.0,2025-01-15,2025-03-01,R 5 921 000.00,R 5 912 000,Sold
L103515,Rooihuiskraal,Townhouse,2.0,102.0,2024-06-01,2024-07-11,"R1,479,000","R1,455,000",Sold
L105594,Irene,House,5.0,342.0,2024-07-16,2024-08-10,R 6 362 000,6087000,Sold
L103647,Menlo Park,House,2.0,182.0,2025-10-25,2025-12-01,R 4 966 000.00,R 4 774 000.00,Sold
L104986,Centurion,House,4.0,,2023-10-19,2023-11-14,5332000,"R5,122,000",Sold
L102856,Centurion,Townhouse,3.0,152.0,2023-09-20,2023-12-21,"R2,834,000",R 2 712 000,Sold
L101861,Sandton,House,4.0,232.0,2024-10-31,2025-01-11,R 8 682 000.00,R 8 682 000,Sold
L102659,Brooklyn,House,5.0,296.0,2024-09-11,2024-10-03,R 6 742 000,"R6,537,000",Sold
L103384,Groenkloof,House,5.0,308.0,2023-06-21,2023-08-06,"R6,382,000","R5,889,000",Sold
L105612,Brooklyn,House,4.0,218.0,2025-10-23,2025-11-06,R 4 588 000.00,R 4 267 000,Sold
L100640,Centurion,House,2.0,219.0,2024-09-09,2024-11-04,"R3,784,000",R 3 784 000.00,Sold
L103964,Menlo Park,House,4.0,310.0,2023-06-06,2023-07-18,R 7 610 000.00,R 7 610 000,Sold
L101009,Lynnwood,House,3.0,221.0,2024-12-01,2025-01-16,5063000,"R4,620,000",Sold
L103366,Centurion,Apartment,1.0,93.0,2024-02-28,2024-03-15,R 1 496 000,R 1 437 000.00,Sold
L105978,Groenkloof,House,5.0,381.0,2023-01-19,2023-04-12,R 7 783 000.00,"R7,181,000",Sold
L100637,Centurion,Apartment,1.0,42.0,2024-07-22,2024-09-07,R 748 000.00,R 724 000,Sold
L103872,Waterkloof Ridge,Apartment,1.0,63.0,2024-08-08,2024-09-16,"R1,663,000",R 1 663 000,Sold
L104996,Groenkloof,House,3.0,241.0,2024-08-31,2024-10-23,R 4 771 000.00,"R4,771,000",Sold
L104588,Centurion,House,6.0,,2024-05-23,2024-07-10,"R7,760,000",R 7 760 000.00,Sold
L102308,Irene,House,4.0,281.0,2023-12-12,2024-01-05,"R5,823,000",R 5 580 000,Sold
L104248,Groenkloof,House,6.0,353.0,2024-01-28,2024-04-11,7392000,R 7 069 000,Sold
L103145,Centurion,Apartment,2.0,144.0,2026-03-11,2026-03-24,2519000,R 2 445 000.00,Sold
L103932,  faerie glen ,House,3.0,234.0,2025-07-06,2025-08-12,R 3 522 000.00,3383000,Sold
L102096,Waterkloof,House,4.0,298.0,2025-04-05,2025-04-19,7398000,R 7 398 000,Sold
L103652,Brooklyn,House,3.0,132.0,2023-06-04,2023-07-05,R 2 877 000.00,R 2 761 000.00,Sold
L101956,Faerie Glen,House,3.0,238.0,2023-07-14,2023-09-11,3902000,3785000,Sold
L101372,Lynnwood,House,2.0,,2025-02-16,2025-03-10,R 4 388 000.00,4388000,Sold
L105650,Bryanston,House,4.0,217.0,2024-03-18,2024-04-21,"R5,647,000","R5,473,000",Sold
L100921,Bryanston,Apartment,1.0,62.0,2025-09-08,2025-10-01,R 1 667 000.00,"R1,667,000",Sold
L105589,Irene,House,3.0,282.0,2024-05-18,2024-06-10,"R5,599,000",R 5 477 000.00,Sold
L100546,Lynnwood,House,3.0,192.0,2023-07-07,2023-08-01,R 4 098 000.00,R 3 941 000,Sold
L101449,Groenkloof,House,6.0,371.0,2023-04-28,2023-06-05,R 8 998 000,8713000,Sold
L102804,Waterkloof Ridge,Apartment,2.0,82.0,2023-05-11,2023-05-21,R 1 715 000,R 1 559 000.00,Sold
L102610,Bryanston,House,4.0,219.0,2025-03-10,2025-04-29,R 5 074 000.00,R 5 074 000,Sold
L101900,Irene,House,1.0,144.0,2026-03-14,2026-04-17,"R2,487,000","R2,438,000",Sold
L102757,Centurion,House,5.0,310.0,2025-08-21,2025-11-25,6306000,R 6 055 000,Sold
L102028,Faerie Glen,Townhouse,2.0,172.0,2025-10-12,,"R3,487,000",,Withdrawn
L102301,Rooihuiskraal,House,4.0,244.0,2025-06-15,2025-08-14,R 4 609 000.00,R 4 407 000.00,Sold
L101885,Menlo Park,House,3.0,234.0,2025-01-08,2025-03-20,"R5,981,000",5909000,Sold
L101642,Lynnwood,House,4.0,238.0,2025-05-12,2025-06-08,R 5 517 000.00,"R5,517,000",Sold
L100972,Waterkloof Ridge,House,5.0,382.0,2025-10-25,2025-11-13,"R11,227,000",10983000,Sold
L105876,Irene,Apartment,1.0,56.0,2025-07-04,2025-08-27,991000,R 970 000.00,Sold
L102097,Faerie Glen,House,5.0,335.0,2026-04-03,2026-05-15,R 6 116 000,"R6,068,000",Sold
L105654,Brooklyn,House,4.0,226.0,2023-04-14,,R 5 292 000,,Withdrawn
L105005,Lynnwood,House,5.0,430.0,2024-08-16,2024-09-03,R 7 829 000,R 7 422 000,Sold
L105492,Brooklyn,House,2.0,157.0,2025-07-03,2025-08-04,4047000,"R4,047,000",Sold
L102117,Waterkloof,House,4.0,302.0,2024-05-02,2024-06-17,7412000,R 7 099 000,Sold
L100836,Rooihuiskraal,House,2.0,156.0,2025-12-11,2026-03-25,R 2 167 000.00,R 2 119 000.00,Sold
L100601,Rooihuiskraal,House,6.0,373.0,2023-07-07,,5061000,,Withdrawn
L102184,Faerie Glen,House,3.0,147.0,2026-01-09,2026-02-21,R 2 244 000.00,"R2,144,000",Sold
L104987,Groenkloof,Townhouse,3.0,193.0,2025-12-19,2026-02-21,R 3 853 000,3819000,Sold
L103656,Groenkloof,House,3.0,,2024-03-16,2024-04-25,4539000,R 4 524 000,Sold
L105246,Faerie Glen,House,,289.0,2024-01-29,2024-03-02,R 4 458 000.00,R 4 212 000,Sold
L101582,Lynnwood,House,3.0,204.0,2025-07-04,2025-10-19,R 5 227 000.00,"R5,227,000",Sold
L105198,Rooihuiskraal,House,3.0,223.0,2024-12-20,2025-02-11,R 3 063 000.00,R 2 943 000,Sold
L105006,Rooihuiskraal,Apartment,2.0,125.0,2026-01-11,,R 2 355 000,,Withdrawn
L104011,Groenkloof,House,5.0,228.0,2025-10-08,2026-01-28,R 4 855 000,R 4 429 000,Sold
L101070,Bryanston,Apartment,1.0,50.0,2024-10-15,2024-11-12,R 1 262 000,"R1,262,000",Sold
L101775,Faerie Glen,House,3.0,240.0,2023-10-15,2023-12-07,4175000,"R3,917,000",Sold
L105875,Lynnwood,House,5.0,301.0,2023-03-12,2023-05-21,R 6 234 000.00,6234000,Sold
L101283,Centurion,House,2.0,159.0,2024-09-19,2024-10-02,"R2,731,000",2521000,Sold
L105084,Sandton,House,5.0,325.0,2026-01-20,2026-04-17,R 12 228 000.00,R 11 572 000.00,Sold
L104810,Faerie Glen,House,6.0,436.0,2023-10-26,2023-12-08,7976000,R 7 813 000,Sold
L105809,Rooihuiskraal,Apartment,2.0,116.0,2024-02-27,2024-05-30,R 1 832 000,R 1 738 000.00,Sold
L101836,Waterkloof,House,6.0,443.0,2025-12-23,2026-03-17,"R13,019,000",R 12 794 000,Sold
L105170,Centurion,House,3.0,238.0,2024-07-20,2024-08-05,4863000,"R4,863,000",Sold
L101019,Lynnwood,Apartment,1.0,93.0,2025-04-09,,"R1,895,000",,Withdrawn
L100970,Brooklyn,Apartment,3.0,126.0,2025-12-28,2026-01-11,3190000,R 3 114 000,Sold
L101326,Menlo Park,Townhouse,3.0,155.0,2023-05-20,2023-07-26,"R2,970,000",2924000,Sold
L104328,Bryanston,House,4.0,269.0,2025-12-28,2026-02-14,"R8,263,000",R 8 204 000,Sold
L100475,Brooklyn,House,,309.0,2023-10-26,2023-12-05,6173000,R 5 888 000,Sold
L102810,Waterkloof,Apartment,2.0,87.0,2023-02-23,2023-04-05,R 1 576 000.00,R 1 517 000.00,Sold
L104579,Waterkloof,House,2.0,227.0,2024-03-28,2024-04-06,R 5 667 000,R 5 428 000,Sold
L101651,Brooklyn,House,2.0,211.0,2025-10-15,2025-11-09,R 4 487 000.00,R 4 487 000.00,Sold
L105676,Groenkloof,House,2.0,193.0,2026-04-25,2026-05-15,R 4 660 000.00,R 4 508 000,Sold
L105218,Brooklyn,House,4.0,222.0,2025-06-13,2025-08-14,5514000,R 5 470 000.00,Sold
L102528,Bryanston,Apartment,2.0,101.0,2025-03-21,2025-04-18,3103000,R 2 946 000,Sold
L103837,WATERKLOOF,House,4.0,329.0,2024-02-07,2024-04-27,7756000,R 7 490 000.00,Sold
L103646,Menlo Park,House,6.0,343.0,2023-02-12,2023-04-11,R 6 788 000.00,6332000,Sold
L103801,Groenkloof,Apartment,2.0,69.0,2024-02-10,2024-03-10,R 1 399 000.00,R 1 348 000.00,Sold
L101373,Rooihuiskraal,Apartment,1.0,103.0,2025-06-23,2025-08-28,1696000,R 1 671 000.00,Sold
L100739,Lynnwood,House,6.0,344.0,2023-10-13,2023-11-06,6631000,R 6 296 000,Sold
L104695,Centurion,House,6.0,561.0,2025-12-12,2026-01-06,10974000,R 10 644 000,Sold
L104927,Faerie Glen,Townhouse,3.0,258.0,2023-11-03,2023-12-01,4404000,R 4 404 000,Sold
L100867,Rooihuiskraal,House,5.0,368.0,2026-03-29,2026-05-04,R 6 438 000,R 6 438 000.00,Sold
L102974,Faerie Glen,House,2.0,138.0,2026-02-26,2026-03-16,R 2 479 000,"R2,413,000",Sold
L101140,Menlo Park,House,4.0,275.0,2023-02-23,2023-04-17,"R5,669,000",R 5 226 000.00,Sold
L100997,Waterkloof,House,3.0,148.0,2023-10-09,2023-11-17,R 4 077 000,4077000,Sold
L101337,Irene,House,2.0,202.0,2024-05-21,2024-07-15,"R3,553,000","R3,316,000",Sold
L100541,Faerie Glen,House,5.0,334.0,2025-11-22,2025-12-16,R 5 142 000.00,"R4,861,000",Sold
L101099,Groenkloof,House,3.0,186.0,2024-04-19,2024-05-10,"R4,096,000",R 3 836 000.00,Sold
L101132,Waterkloof Ridge,House,2.0,99.0,2023-02-26,,2238000,,Withdrawn
L105930,Sandton,Apartment,1.0,69.0,2023-03-31,2023-04-19,R 2 118 000,R 2 109 000.00,Sold
L103996,Waterkloof Ridge,House,2.0,132.0,2023-02-20,2023-03-27,2912000,R 2 721 000,Sold
L102258,Waterkloof,Apartment,1.0,83.0,2025-07-12,2025-09-11,R 2 214 000,"R2,214,000",Sold
L104935,Groenkloof,House,3.0,211.0,2023-09-01,2023-09-05,3890000,R 3 774 000,Sold
L103390,Waterkloof Ridge,Apartment,1.0,76.0,2023-06-09,2023-06-21,"R1,848,000",R 1 842 000.00,Sold
L102962,Waterkloof Ridge,Apartment,2.0,104.0,2024-10-28,2025-01-16,R 2 970 000.00,2953000,Sold
L100059,Waterkloof Ridge,Townhouse,,214.0,2024-09-13,2024-11-10,6675000,R 6 675 000,Sold
L103259,Waterkloof,House,6.0,,2024-07-09,2024-07-28,"R11,156,000",R 10 835 000,Sold
L102206,Centurion,House,,418.0,2023-01-09,2023-02-17,"R5,886,000",R 5 801 000.00,Sold
L101938,Brooklyn,House,3.0,168.0,2025-04-28,2025-06-13,"R3,947,000",R 3 947 000.00,Sold
L103794,Irene,House,,256.0,2024-07-21,2024-09-17,R 6 023 000,"R5,852,000",Sold
L103264,Menlo Park,House,5.0,330.0,2023-12-12,2024-01-11,R 5 941 000,R 5 839 000,Sold
L103529,Faerie Glen,House,2.0,153.0,2025-03-07,2025-03-21,R 3 025 000,R 2 813 000,Sold
L102813,Waterkloof,Townhouse,,124.0,2023-07-31,2023-09-23,3310000,R 3 310 000,Sold
L105291,LYNNWOOD,House,2.0,198.0,2026-01-25,2026-03-05,R 4 528 000.00,"R4,243,000",Sold
L103557,Sandton,Apartment,2.0,105.0,2023-07-15,2023-07-22,R 2 623 000.00,R 2 508 000,Sold
L101078,  centurion ,House,5.0,375.0,2023-12-20,2024-01-31,R 6 204 000,R 5 891 000.00,Sold
L104617,Faerie Glen,Apartment,1.0,130.0,2024-05-29,2024-06-11,R 2 009 000.00,R 1 907 000.00,Sold
L101870,Brooklyn,House,1.0,217.0,2023-04-28,2023-05-18,R 4 737 000,R 4 526 000.00,Sold
L104352,Centurion,Apartment,1.0,62.0,2025-10-24,,1233000,,Withdrawn
L105743,Bryanston,House,5.0,247.0,2026-02-10,2026-02-27,"R8,751,000",R 8 606 000.00,Sold
L105196,Lynnwood,House,2.0,223.0,2025-01-10,2025-02-13,R 4 881 000.00,"R4,876,000",Sold
L102630,Waterkloof,House,3.0,223.0,2023-01-10,2023-03-21,5245000,"R5,166,000",Sold
L105309,Brooklyn,House,3.0,,2023-04-10,2023-04-26,"R4,568,000",R 4 308 000,Sold
L103664,Brooklyn,House,3.0,214.0,2026-04-17,2026-05-02,"R6,180,000",R 5 832 000,Sold
L103827,Menlo Park,House,6.0,0.0,2023-05-05,2023-06-20,"R6,509,000",6509000,Sold
L100940,Brooklyn,Apartment,2.0,107.0,2023-07-21,,R 2 422 000,,Withdrawn
L101080,Brooklyn,Apartment,2.0,112.0,2023-08-18,2023-10-08,R 2 440 000.00,"R2,440,000",Sold
L100187,Waterkloof Ridge,House,3.0,193.0,2024-04-21,2024-05-31,5588000,"R5,483,000",Sold
L105763,Sandton,House,3.0,184.0,2025-07-18,,R 5 821 000,,Withdrawn
L104211,Menlo Park,House,4.0,322.0,2024-01-25,2024-04-13,7383000,R 7 156 000.00,Sold
L102085,Brooklyn,Apartment,2.0,57.0,2023-05-12,2023-06-04,"R1,050,000","R995,000",Sold
L102249,Menlo Park,House,3.0,274.0,2026-02-08,2026-04-14,R 6 239 000.00,6239000,Sold
L103833,Lynnwood,Apartment,2.0,119.0,2023-03-22,,R 2 288 000.00,,Withdrawn
L105985,  menlo park ,House,2.0,184.0,2023-08-09,2023-09-12,R 3 642 000.00,R 3 642 000,Sold
L102023,Brooklyn,House,2.0,154.0,2025-01-05,2025-02-07,R 3 260 000.00,3169000,Sold
L103945,Bryanston,House,2.0,184.0,2023-01-30,2023-03-29,"R4,988,000","R4,988,000",Sold
L101492,Centurion,Apartment,1.0,74.0,2025-04-25,2025-06-25,"R1,552,000",R 1 486 000.00,Sold
L104884,Bryanston,Townhouse,3.0,170.0,2023-05-24,2023-06-16,4008000,R 3 659 000,Sold
L104147,Centurion,House,4.0,245.0,2024-11-19,2024-12-10,R 5 407 000,R 5 407 000.00,Sold
L100226,Waterkloof,House,4.0,314.0,2023-12-17,2024-01-03,R 9 878 000,R 9 611 000,Sold
L101013,SANDTON,Apartment,1.0,112.0,2025-05-05,2025-07-12,R 3 106 000,R 3 064 000.00,Sold
L102583,Groenkloof,House,5.0,345.0,2024-09-28,2024-10-21,"R6,902,000","R6,902,000",Sold
L101929,Lynnwood,Apartment,1.0,91.0,2024-08-16,2024-10-17,"R2,053,000","R1,993,000",Sold
L104295,Lynnwood,Apartment,1.0,99.0,2026-01-15,2026-02-27,"R1,930,000","R1,841,000",Sold
L105487,Waterkloof Ridge,Apartment,1.0,86.0,2024-10-23,2024-12-08,"R2,532,000",R 2 455 000,Sold
L101404,  groenkloof ,House,5.0,310.0,2023-10-30,,7178000,,Withdrawn
L102179,Sandton,House,4.0,235.0,2025-10-03,,7012000,,Withdrawn
L100697,Irene,House,2.0,119.0,2026-01-24,2026-02-20,R 2 455 000,R 2 276 000,Sold
L101124,Lynnwood,House,5.0,312.0,2025-12-15,2026-01-13,R 8 585 000.00,R 7 982 000.00,Sold
L103282,Brooklyn,House,4.0,329.0,2024-01-16,2024-02-09,R 7 157 000,R 7 157 000,Sold
L101093,Brooklyn,Apartment,2.0,79.0,2025-10-27,2025-11-19,R 2 033 000.00,"R1,980,000",Sold
L104190,WATERKLOOF,Townhouse,1.0,149.0,2025-01-26,2025-03-03,R 3 778 000,R 3 627 000.00,Sold
L101778,Menlo Park,House,2.0,217.0,2024-11-25,2024-12-18,4663000,R 4 329 000.00,Sold
L102634,Faerie Glen Ext,House,2.0,184.0,2026-03-07,2026-03-22,"R3,610,000",3280000,Sold
L103091,  sandton ,House,3.0,133.0,2025-09-03,2025-10-21,"R5,035,000",R 5 035 000.00,Sold
L105203,Lynnwood,House,4.0,301.0,2025-11-22,2025-12-22,8300000,8300000,Sold
L104593,Groenkloof,House,4.0,272.0,2023-06-15,2023-08-28,"R6,214,000",R 6 018 000,Sold
L103489,Faerie Glen,Townhouse,4.0,263.0,2024-11-03,2024-12-03,4155000,R 4 045 000,Sold
L101656,Brooklyn,Apartment,1.0,69.0,2024-03-12,2024-03-28,R 1 541 000.00,R 1 512 000.00,Sold
L101037,Lynnwood,Apartment,2.0,96.0,2023-05-06,2023-07-11,R 1 575 000,1500000,Sold
L105091,  rooihuiskraal ,House,4.0,203.0,2024-11-04,2025-01-30,R 2 812 000,2780000,Sold
L102256,Sandton,Apartment,2.0,114.0,2023-06-01,,2919000,,Withdrawn
L104856,  lynnwood ,Apartment,1.0,55.0,2025-09-16,2025-12-13,1303000,R 1 279 000,Sold
L100079,Rooihuiskraal,Apartment,2.0,116.0,2024-12-03,2025-01-18,R 1 541 000,1418000,Sold
L100313,Menlo Park,House,3.0,212.0,2025-10-23,2025-12-13,R 5 188 000.00,5115000,Sold
L102649,Bryanston,Apartment,1.0,89.0,2025-03-12,2025-05-07,"R2,490,000",2401000,Sold
L102281,Groenkloof,Apartment,1.0,84.0,2025-05-01,2025-05-16,R 1 625 000.00,"R1,522,000",Sold
L105989,Faerie Glen,Apartment,,71.0,2025-07-24,2025-08-22,R 1 207 000.00,R 1 138 000,Sold
L104367,Irene,House,4.0,341.0,2024-01-23,2024-03-23,R 6 189 000,R 5 985 000.00,Sold
L102547,Groenkloof,Apartment,1.0,72.0,2023-09-27,2023-11-09,R 1 332 000.00,"R1,332,000",Sold
L101416,Faerie Glen,House,3.0,264.0,2026-01-18,2026-02-03,R 4 236 000.00,R 4 195 000.00,Sold
L101036,Menlo Park,House,4.0,312.0,2024-08-25,2024-09-08,R 7 184 000.00,"R7,123,000",Sold
L102159,Waterkloof,House,3.0,176.0,2026-04-22,2026-06-01,R 5 674 000,5415000,Sold
L102984,Waterkloof,Apartment,2.0,119.0,2024-09-24,2024-10-21,2774000,"R2,774,000",Sold
L103137,Waterkloof,Apartment,1.0,,2024-04-14,2024-06-27,R 2 361 000,"R2,361,000",Sold
L105078,Menlo Park,House,5.0,318.0,2025-09-23,2025-12-17,R 7 276 000,"R7,231,000",Sold
L101754,Menlo Park,House,3.0,214.0,2023-09-06,2023-11-19,R 4 435 000.00,R 4 295 000.00,Sold
L104342,IRENE,House,5.0,332.0,2023-07-17,2023-08-05,6305000,R 6 305 000,Sold
L104522,Rooihuiskraal,House,5.0,314.0,2023-12-05,2024-01-29,"R4,451,000",4185000,Sold
L105588,  faerie glen ,House,4.0,178.0,2024-07-03,2024-09-18,R 3 515 000.00,"R3,349,000",Sold
L103770,Sandton,House,3.0,220.0,2023-01-14,2023-02-06,6849000,"R6,837,000",Sold
L102520,Groenkloof,Apartment,,121.0,2023-07-23,2023-09-29,2295000,2058000,Sold
L104055,Bryanston,House,3.0,312.0,2025-06-05,2025-06-24,R 12 177 000,11253000,Sold
L100873,Menlo Park,House,3.0,188.0,2023-04-28,2023-05-27,R 3 834 000,3670000,Sold
L104513,Waterkloof Ridge,House,3.0,125.0,2023-01-03,,R 3 016 000.00,,Withdrawn
L104717,Irene,Apartment,2.0,87.0,2023-06-03,2023-07-09,R 1 265 000,R 1 265 000.00,Sold
L101506,Centurion,Townhouse,1.0,83.0,2024-11-12,2024-12-10,R 1 640 000,1640000,Sold
L104046,Brooklyn,Apartment,,63.0,2025-12-20,2026-03-08,"R1,373,000",R 1 320 000.00,Sold
L101923,Menlo Park,Apartment,1.0,91.0,2025-01-15,2025-02-13,"R2,033,000",R 1 991 000,Sold
L100448,Waterkloof,Apartment,2.0,74.0,2025-01-03,2025-03-17,R 1 611 000,R 1 499 000,Sold
L104516,Lynnwood,House,5.0,243.0,2025-04-21,2025-06-20,"R4,440,000",R 4 351 000.00,Sold
L103717,Rooihuiskraal,House,6.0,353.0,2024-09-09,2024-10-27,"R5,764,000",5534000,Sold
L104271,  lynnwood ,Apartment,2.0,183.0,2024-08-07,2024-08-25,"R4,086,000","R3,989,000",Sold
L104879,Menlo Park,Apartment,2.0,57.0,2025-05-09,2025-07-06,1185000,R 1 101 000,Sold
L103257,Brooklyn,Townhouse,2.0,170.0,2025-12-20,2025-12-30,R 4 197 000,"R3,982,000",Sold
L100361,Waterkloof Ridge,Apartment,,112.0,2024-01-05,2024-01-16,3015000,"R2,911,000",Sold
L102183,Waterkloof Rdg,House,6.0,352.0,2025-04-18,2025-05-25,R 12 603 000,"R12,557,000",Sold
L101134,Sandton,House,4.0,184.0,2025-08-08,2025-09-05,"R5,763,000",5727000,Sold
L104922,Brooklyn,Apartment,,79.0,2025-07-29,2025-08-22,R 1 672 000,"R1,629,000",Sold
L103199,Sandton,House,1.0,160.0,2025-01-25,2025-03-04,R 5 316 000,5123000,Sold
L105688,Rooihuiskraal,Apartment,2.0,89.0,2025-02-15,2025-03-21,R 1 416 000.00,"R1,416,000",Sold
L103438,Waterkloof,House,6.0,370.0,2023-06-23,2023-07-16,R 10 320 000,R 10 079 000,Sold
L102155,Bryanston,Townhouse,2.0,110.0,2025-08-07,2025-09-29,R 3 406 000,"R3,406,000",Sold
L101830,Lynnwood,Townhouse,3.0,203.0,2023-09-07,2023-11-01,R 4 146 000.00,3890000,Sold
L101053,Waterkloof Ridge,House,,189.0,2025-05-17,2025-06-26,"R6,216,000",R 6 190 000.00,Sold
L102460,Bryanston,Townhouse,,217.0,2025-07-08,2025-07-22,7329000,R 7 008 000.00,Sold
L100022,Sandton,House,3.0,229.0,2023-10-31,2023-12-26,R 6 304 000.00,R 6 164 000.00,Sold
L102066,Faerie Glen,House,2.0,217.0,2026-02-03,2026-03-30,R 4 071 000.00,R 4 052 000.00,Sold
L101653,WATERKLOOF RIDGE,House,4.0,286.0,2025-11-24,2025-11-29,R 10 876 000.00,R 10 341 000.00,Sold
L103805,Groenkloof,Apartment,,127.0,2025-02-25,2025-04-28,2991000,"R2,968,000",Sold
L104411,Waterkloof,House,4.0,274.0,2023-05-19,2023-05-29,R 7 132 000.00,7074000,Sold
L102743,Rooihuiskraal,Apartment,1.0,,2024-09-13,2024-11-19,R 1 707 000.00,R 1 707 000.00,Sold
L101376,Centurion,House,4.0,329.0,2023-06-10,2023-07-18,R 6 909 000,6693000,Sold
L104967,Menlo Park,Townhouse,3.0,198.0,2023-11-29,2023-12-10,R 3 871 000,"R3,716,000",Sold
L102468,Irene,House,3.0,174.0,2024-01-23,2024-03-26,3598000,R 3 403 000.00,Sold
L102325,Sandton,House,3.0,185.0,2025-10-02,2025-11-04,6697000,6293000,Sold
L100460,Irene,House,3.0,266.0,2023-06-28,2023-08-07,R 5 052 000.00,R 5 052 000.00,Sold
L101067,Centurion,Townhouse,,161.0,2024-07-26,2024-09-19,R 2 949 000.00,"R2,949,000",Sold
L100087,Lynnwood,House,3.0,278.0,2023-03-06,2023-04-14,R 4 966 000.00,"R4,785,000",Sold
L101430,Sandton,Apartment,1.0,67.0,2025-09-09,2025-11-10,"R2,148,000",2008000,Sold
L104383,Lynnwood,Apartment,1.0,79.0,2025-08-20,2025-10-07,"R2,012,000","R1,934,000",Sold
L100282,Brooklyn,House,2.0,221.0,2024-11-25,2024-12-21,"R6,145,000",6111000,Sold
L102483,Menlo Park,Apartment,1.0,92.0,2024-01-16,2024-01-27,R 1 709 000.00,"R1,628,000",Sold
L100462,Sandton,Apartment,2.0,153.0,2025-05-01,2025-07-03,R 5 848 000.00,"R5,728,000",Sold
L100212,Groenkloof,House,5.0,318.0,2023-03-27,2023-04-20,6303000,"R5,965,000",Sold
L102588,Lynnwood,House,5.0,357.0,2023-12-01,2024-01-27,R 8 236 000,R 7 787 000.00,Sold
L105135,Faerie Glen,Townhouse,4.0,,2023-06-25,2023-09-23,"R3,797,000",R 3 797 000.00,Sold
L104518,Rooihuiskraal,Apartment,2.0,56.0,2025-05-26,2025-06-24,872000,R 851 000.00,Sold
L102907,Waterkloof,Apartment,3.0,117.0,2024-10-11,,R 2 922 000.00,,Withdrawn
L102581,Bryanston,House,2.0,161.0,2025-07-21,2025-08-08,R 4 560 000,R 4 312 000,Sold
L101368,Groenkloof,Townhouse,2.0,142.0,2023-05-19,2023-05-30,"R2,664,000",R 2 627 000.00,Sold
L100234,Sandton,House,3.0,170.0,2024-02-03,,R 5 071 000.00,,Withdrawn
L104077,Irene,House,6.0,438.0,2025-10-24,2026-02-04,R 7 904 000.00,R 7 379 000,Sold
L100597,Centurion,House,6.0,440.0,2023-09-03,2023-09-23,8202000,R 7 755 000,Sold
L105398,Centurion,House,4.0,356.0,2023-06-24,2023-07-26,"R5,723,000",R 5 723 000,Sold
L102250,Faerie Glen,House,2.0,147.0,2026-04-28,2026-07-02,"R2,946,000",2786000,Sold
L105411,Rooihuiskraal,House,3.0,244.0,2023-02-02,2023-03-04,"R2,760,000","R2,597,000",Sold
L102283,Centurion,House,3.0,219.0,2023-01-09,2023-01-17,"R3,313,000",R 3 163 000.00,Sold
L100662,Groenkloof,House,4.0,303.0,2023-12-17,2024-01-17,"R6,185,000",R 5 993 000.00,Sold
L104020,Brooklyn,House,4.0,320.0,2023-07-23,2023-08-17,R 7 466 000,R 7 070 000,Sold
L102285,Waterkloof Ridge,House,4.0,240.0,2023-08-12,2023-12-10,5886000,R 5 487 000,Sold
L103431,Faerie Glen,House,4.0,224.0,2023-07-05,2023-08-31,R 4 460 000.00,"R4,401,000",Sold
L105764,Lynnwood,Townhouse,3.0,200.0,2024-12-05,2024-12-17,"R4,266,000","R4,088,000",Sold
L104400,Rooihuiskraal,Townhouse,3.0,128.0,2024-11-24,2025-01-24,1995000,1866000,Sold
L103829,Irene,House,2.0,131.0,2026-04-29,2026-05-21,"R2,934,000",R 2 844 000,Sold
L105579,Rooihuiskraal,Apartment,2.0,95.0,2024-11-08,2024-12-01,1930000,R 1 890 000.00,Sold
L103468,Menlo Park,Apartment,2.0,139.0,2024-04-11,2024-04-25,R 2 614 000,R 2 497 000.00,Sold
L104240,Rooihuiskraal,House,3.0,233.0,2025-12-28,2026-02-22,3883000,R 3 741 000,Sold
L103601,Waterkloof Ridge,House,4.0,284.0,2024-01-20,,6662000,,Withdrawn
L102990,Rooihuiskraal,Townhouse,2.0,132.0,2025-02-10,2025-05-12,1846000,1760000,Sold
L105437,Groenkloof,House,4.0,257.0,2023-02-11,,R 4 761 000.00,,Withdrawn
L100779,Bryanston,Apartment,1.0,77.0,2025-07-04,2025-08-24,R 2 300 000,R 2 255 000.00,Sold
L102544,Faerie Glen,House,4.0,235.0,2025-03-05,2025-03-30,R 3 757 000,3757000,Sold
L104538,Waterkloof Ridge,House,2.0,169.0,2023-09-01,2023-11-01,4847000,4847000,Sold
L104567,Waterkloof,Apartment,2.0,113.0,2025-04-27,2025-07-02,R 3 335 000,"R3,307,000",Sold
L105597,Lynnwood,House,2.0,260.0,2025-09-25,2025-11-16,R 5 778 000.00,R 5 680 000,Sold
L104404,Lynnwood,House,2.0,156.0,2026-03-21,2026-05-22,R 3 947 000,"R3,934,000",Sold
L105028,Irene,House,4.0,205.0,2026-04-18,2026-05-01,R 4 969 000.00,R 4 831 000.00,Sold
L105910,Sandton,Townhouse,1.0,131.0,2023-04-06,2023-05-03,"R3,948,000",3794000,Sold
L100685,MENLO PARK,House,4.0,236.0,2023-05-04,2023-05-31,R 5 093 000.00,4823000,Sold
L103739,Lynnwood,Apartment,1.0,54.0,2026-01-10,2026-02-17,1146000,1146000,Sold
L103670,Menlo Pk,House,3.0,309.0,2024-02-10,2024-04-16,5690000,R 5 690 000,Sold
L103243,Brooklyn,House,3.0,,2024-11-02,2024-11-18,R 4 748 000,R 4 333 000,Sold
L101748,Lynnwood,House,4.0,302.0,2024-05-05,2024-05-12,6152000,R 5 877 000,Sold
L104043,Sandton,Apartment,2.0,109.0,2023-10-31,2023-12-01,R 2 516 000,2485000,Sold
L104725,Menlo Park,Townhouse,2.0,151.0,2026-03-21,,"R3,752,000",,Withdrawn
L102837,Brooklyn,Apartment,1.0,47.0,2023-10-24,2023-11-19,R 1 030 000.00,"R966,000",Sold
L103032,Brooklyn,House,6.0,458.0,2023-12-27,2024-01-11,"R7,878,000",R 7 416 000,Sold
L102171,Brooklyn,Apartment,1.0,80.0,2025-06-04,2025-07-14,1979000,R 1 979 000.00,Sold
L103917,Faerie Glen,House,6.0,517.0,2025-07-02,2025-09-26,8752000,R 8 197 000.00,Sold
L101850,Brooklyn,House,3.0,,2024-06-20,2024-07-24,R 3 968 000.00,R 3 782 000,Sold
L100487,Brooklyn,Apartment,1.0,65.0,2025-09-26,2025-10-05,R 1 577 000,R 1 517 000,Sold
L101688,Irene,House,,344.0,2024-09-11,2024-11-09,"R6,837,000",R 6 837 000,Sold
L102230,Menlo Park,House,5.0,336.0,2024-08-21,2024-09-14,R 7 757 000.00,R 7 757 000,Sold
L103473,Lynnwood,House,3.0,251.0,2024-09-12,2024-10-09,5020000,4808000,Sold
L104454,Faerie Glen,House,2.0,188.0,2025-06-28,,3760000,,Withdrawn
L102320,Waterkloof,House,6.0,459.0,2023-03-12,2023-04-11,12899000,12558000,Sold
L100782,Lynnwood,Apartment,1.0,63.0,2024-03-05,,R 1 108 000,,Withdrawn
L100521,Menlo Park,House,6.0,350.0,2024-05-22,,"R7,638,000",,Withdrawn
L100522,Groenkloof,House,1.0,166.0,2025-01-13,2025-03-14,R 3 083 000.00,"R3,015,000",Sold
L105410,Brooklyn,House,6.0,450.0,2025-01-15,2025-02-28,9342000,R 9 093 000.00,Sold
L102939,  waterkloof ,Townhouse,2.0,143.0,2023-10-26,2023-11-19,"R3,439,000",3344000,Sold
L104767,Irene,House,5.0,270.0,2023-05-03,2023-06-07,R 4 747 000,"R4,555,000",Sold
L104918,Sandton,Apartment,1.0,42.0,2024-01-22,2024-05-05,R 1 112 000,1093000,Sold
L102398,  waterkloof ridge ,Townhouse,2.0,111.0,2024-01-10,2024-02-16,R 2 955 000.00,"R2,955,000",Sold
L102207,Lynnwood,House,5.0,327.0,2025-05-22,,7774000,,Withdrawn
L104603,Centurion,Apartment,2.0,54.0,2025-03-09,2025-04-27,815000,"R802,000",Sold
L100780,Brooklyn,House,5.0,362.0,2024-12-20,2025-01-01,R 9 244 000.00,R 8 466 000.00,Sold
L104774,Waterkloof,House,3.0,256.0,2024-05-02,2024-05-16,R 6 375 000.00,R 6 375 000,Sold
L105247,Groenkloof,House,3.0,238.0,2025-06-28,2025-09-05,R 5 192 000,R 4 878 000,Sold
L101511,Groenkloof,House,4.0,166.0,2025-08-27,2025-10-10,3833000,R 3 754 000,Sold
L101882,Lynnwood,House,6.0,474.0,2023-03-14,2023-04-10,8565000,R 7 922 000,Sold
L100651,Bryanston,Townhouse,3.0,152.0,2023-08-08,2023-09-02,R 3 934 000,"R3,856,000",Sold
L102196,Waterkloof,Apartment,1.0,98.0,2024-10-07,2024-11-06,2268000,"R2,268,000",Sold
L101801,Irene,Apartment,2.0,96.0,2023-10-22,2024-01-02,R 1 362 000,1311000,Sold
L100369,Bryanston,Apartment,2.0,,2025-01-27,2025-03-13,1595000,R 1 517 000.00,Sold
L105513,Menlo Park,House,2.0,130.0,2023-12-01,2023-12-15,R 2 666 000.00,"R2,569,000",Sold
L103880,CENTURION,House,4.0,296.0,2025-08-09,2025-09-04,6765000,"R6,381,000",Sold
L100118,Lynnwood,Apartment,1.0,88.0,2024-08-14,2024-10-03,R 1 948 000.00,R 1 863 000.00,Sold
L100377,Lynnwood,Apartment,1.0,115.0,2023-06-29,,R 2 295 000.00,,Withdrawn
L100216,Waterkloof Ridge,House,3.0,260.0,2023-12-12,2024-02-11,7072000,R 7 072 000,Sold
L102216,Waterkloof Ridge,Apartment,2.0,98.0,2024-02-14,2024-03-10,R 2 415 000,2405000,Sold
L104645,Sandton,House,5.0,352.0,2025-11-14,2025-12-08,R 13 112 000,R 13 022 000.00,Sold
L101613,Menlo Park,House,4.0,271.0,2026-02-01,2026-03-02,"R6,338,000",R 6 338 000,Sold
L102883,Menlo Park,House,4.0,276.0,2023-05-08,2023-07-05,"R6,102,000",R 5 812 000.00,Sold
L104375,Groenkloof,Apartment,1.0,63.0,2024-06-15,2024-07-20,R 1 121 000,"R1,121,000",Sold
L105531,Bryanston,House,6.0,427.0,2025-09-03,2025-10-05,12531000,R 12 527 000,Sold
L103632,Irene,House,3.0,267.0,2025-07-06,2025-08-04,5356000,R 5 253 000,Sold
L100962,Waterkloof  Ridge,Apartment,2.0,72.0,2026-03-15,2026-04-16,"R1,531,000",R 1 531 000,Sold
L105502,Waterkloof Ridge,House,1.0,183.0,2023-06-24,2023-08-17,"R4,469,000",R 4 392 000.00,Sold
L102510,Lynnwood,House,,518.0,2023-03-28,2023-05-17,11036000,R 11 036 000.00,Sold
L105738,Sandton,House,4.0,280.0,2023-10-20,2023-11-05,"R8,158,000",8158000,Sold
L104650,Bryanston,Apartment,3.0,130.0,2025-06-10,2025-06-14,R 3 609 000,"R3,563,000",Sold
L104708,Groenkloof,Apartment,2.0,66.0,2023-04-11,2023-05-15,R 1 128 000,R 1 047 000,Sold
L100359,Irene,House,2.0,170.0,2024-04-07,2024-05-19,"R2,818,000","R2,622,000",Sold
L101246,Irene,Apartment,1.0,,2024-02-03,2024-02-19,"R1,782,000",R 1 710 000.00,Sold
L103408,Faerie Glen,Apartment,2.0,,2025-08-19,2025-11-30,"R1,014,000",967000,Sold
L104250,Menlo Park,Apartment,1.0,48.0,2024-08-21,2024-09-24,R 1 111 000.00,R 1 093 000,Sold
L102415,WATERKLOOF RIDGE,Apartment,1.0,78.0,2025-12-19,2026-01-10,"R2,631,000","R2,506,000",Sold
L105686,Waterkloof,House,3.0,189.0,2023-12-02,2023-12-30,4165000,4005000,Sold
L103694,Rooihuiskraal,House,5.0,439.0,2026-03-04,2023-01-01,R 9 671 000.00,R 9 359 000,Sold
L105160,Sandton,House,3.0,175.0,2025-11-07,2025-12-09,"R7,385,000","R7,035,000",Sold
L102185,Groenkloof,Townhouse,2.0,155.0,2024-08-21,2024-09-30,R 3 346 000.00,"R3,011,000",Sold
L104122,  bryanston ,House,3.0,191.0,2026-02-03,,R 5 907 000.00,,Withdrawn
L102567,Waterkloof  Ridge,House,5.0,333.0,2023-10-19,2024-02-08,R 7 921 000.00,R 7 871 000.00,Sold
L103423,Lynnwood,House,,132.0,2024-12-30,2025-01-08,3144000,R 2 887 000,Sold
L102037,Waterkloof,House,3.0,223.0,2024-04-17,2024-06-02,5467000,R 5 144 000.00,Sold
L105193,Centurion,Apartment,1.0,153.0,2023-08-30,2023-10-17,R 2 304 000,R 2 291 000.00,Sold
L100772,Irene,House,5.0,318.0,2024-03-20,,R 6 000 000.00,,Withdrawn
L101284,  sandton ,Townhouse,2.0,80.0,2024-11-01,2024-12-04,R 2 753 000,R 2 753 000,Sold
L105619,Waterkloof,House,4.0,340.0,2023-01-09,2023-01-27,R 8 169 000.00,"R7,847,000",Sold
L103562,Sandton,House,2.0,203.0,2023-11-08,2023-12-29,5765000,R 5 516 000.00,Sold
L105788,Bryanston,Apartment,1.0,52.0,2025-12-25,2026-02-22,"R1,744,000",1642000,Sold
L102587,  groenkloof ,House,4.0,257.0,2023-08-25,2023-11-12,5121000,R 4 893 000.00,Sold
L105587,Brooklyn,House,1.0,134.0,2025-10-22,2025-10-31,3261000,R 3 097 000.00,Sold
L101414,Waterkloof Ridge,Apartment,1.0,85.0,2024-06-02,2024-07-07,R 2 018 000,"R1,950,000",Sold
L101234,Groenkloof,Apartment,2.0,115.0,2025-09-19,2025-11-12,2184000,"R2,078,000",Sold
L103970,Sandton,Apartment,1.0,69.0,2025-07-28,2025-09-01,R 2 318 000,R 2 279 000.00,Sold
L100435,Groenkloof,House,6.0,407.0,2024-02-22,2024-05-16,8564000,8466000,Sold
L101674,Rooihuiskraal,House,4.0,263.0,2025-02-20,2025-04-17,4212000,R 4 161 000.00,Sold
L103299,Waterkloof,House,1.0,140.0,2024-07-10,2024-08-20,R 3 736 000,R 3 503 000,Sold
L100365,Lynnwood,House,4.0,277.0,2026-02-04,,"R5,975,000",,Withdrawn
L101454,Menlo Park,Townhouse,2.0,159.0,2023-06-18,2023-07-09,2654000,"R2,654,000",Sold
L100231,Lynnwood,House,2.0,123.0,2024-01-08,2024-02-08,R 2 651 000,"R2,520,000",Sold
L105199,Faerie Glen,House,6.0,312.0,2025-06-20,,R 4 722 000,,Withdrawn
L100147,Faerie Glen,House,,521.0,2023-02-22,2023-03-06,R 8 885 000.00,R 8 835 000,Sold
L105367,Rooihuiskraal,Apartment,2.0,106.0,2025-05-25,2025-07-06,1546000,"R1,469,000",Sold
L103088,Faerie Glen,House,4.0,245.0,2025-04-12,,R 4 372 000.00,,Withdrawn
L104816,Brooklyn,Apartment,2.0,79.0,2025-03-24,,R 1 720 000,,Withdrawn
L103554,Brooklyn,House,4.0,231.0,2024-11-29,2025-02-27,R 5 258 000,R 4 910 000,Sold
L100407,Bryanston,House,3.0,197.0,2026-01-07,2026-02-04,R 5 883 000.00,R 5 370 000,Sold
L105645,Brooklyn,House,2.0,175.0,2024-04-06,2024-05-06,R 4 256 000,R 4 105 000.00,Sold
L103692,Waterkloof Ridge,Apartment,1.0,63.0,2024-04-15,2024-05-31,1633000,1591000,Sold
L103456,Sandton,House,5.0,,2025-07-28,2025-09-27,9757000,"R9,674,000",Sold
L102090,Menlo Park,House,6.0,360.0,2023-08-12,,R 8 650 000,,Withdrawn
L100086,Centurion,House,3.0,207.0,2024-01-21,2024-04-22,R 3 471 000.00,R 3 283 000.00,Sold
L103576,Bryanston,House,5.0,323.0,2023-10-30,2023-12-03,R 8 428 000,"R8,182,000",Sold
L103271,Irene,Apartment,1.0,60.0,2023-09-19,2023-11-12,R 997 000.00,"R941,000",Sold
L100844,Waterkloof Ridge,Apartment,1.0,107.0,2026-03-24,,"R3,541,000",,Withdrawn
L101031,Centurion,House,3.0,237.0,2025-06-27,2025-07-10,R 5 244 000,"R5,244,000",Sold
L103867,Brooklyn,Apartment,1.0,71.0,2024-08-02,2024-09-09,"R1,371,000",R 1 344 000,Sold
L104409,Groenkloof,House,3.0,241.0,2025-12-07,2026-01-25,"R6,011,000",R 5 716 000.00,Sold
L104118,Menlo Park,House,5.0,363.0,2026-01-14,2026-02-28,"R8,609,000",8457000,Sold
L102987,Faerie Glen,Townhouse,2.0,165.0,2024-05-02,2024-07-18,R 2 874 000,2808000,Sold
L104760,Faerie Glen,House,6.0,483.0,2026-02-26,2026-04-20,10020000,"R9,585,000",Sold
L102628,Brooklyn,House,3.0,217.0,2024-08-18,2024-09-16,"R4,595,000","R4,538,000",Sold
L103903,FAERIE GLEN,House,6.0,385.0,2025-08-15,2025-09-11,6393000,"R6,171,000",Sold
L103926,Faerie Glen,Apartment,1.0,83.0,2024-03-30,2024-07-09,1438000,R 1 357 000.00,Sold
L100855,Lynnwood,House,3.0,217.0,2025-12-16,2026-01-20,"R5,089,000",5059000,Sold
L103003,Centurion,House,2.0,145.0,2024-01-09,2024-05-08,2558000,"R2,439,000",Sold
L100078,Faerie Glen,House,1.0,101.0,2026-03-23,2026-04-10,"R2,315,000","R2,193,000",Sold
L102992,Brooklyn,House,4.0,320.0,2023-12-30,2024-01-17,6139000,R 6 139 000,Sold
L102247,Irene,House,5.0,354.0,2026-02-05,2026-06-04,R 8 518 000,R 8 213 000,Sold
L105994,Irene,House,2.0,193.0,2026-04-19,2026-06-09,R 4 511 000.00,R 4 414 000.00,Sold
L105995,Menlo Pk,Apartment,2.0,74.0,2023-05-18,2023-08-01,R 1 446 000.00,"R1,296,000",Sold
L105622,Centurion,House,3.0,211.0,2024-08-07,,R 4 203 000,,Withdrawn
L100758,Waterkloof,House,3.0,223.0,2024-10-22,2024-11-07,R 6 359 000.00,"R5,987,000",Sold
L104187,Waterkloof Ridge,House,6.0,521.0,2025-03-07,2025-03-25,R 13 679 000,R 13 168 000,Sold
L103355,Menlo Park,House,2.0,159.0,2024-02-07,2024-03-13,"R3,154,000","R3,085,000",Sold
L100788,Rooihuiskraal,Apartment,1.0,135.0,2024-08-19,2024-09-09,2048000,"R1,953,000",Sold
L102279,Centurion,House,4.0,225.0,2025-09-30,2025-11-06,"R5,044,000","R4,922,000",Sold
L103819,Bryanston,Townhouse,3.0,213.0,2024-03-19,2024-04-11,"R5,995,000",R 5 995 000,Sold
L104327,Centurion,House,3.0,268.0,2025-05-02,2025-06-07,R 5 360 000.00,R 5 255 000.00,Sold
L105074,  sandton ,Townhouse,3.0,147.0,2024-12-29,2025-03-31,R 4 722 000,R 4 607 000.00,Sold
L104863,Rooihuiskraal,House,5.0,315.0,2025-04-17,2025-05-13,R 4 695 000,R 4 583 000.00,Sold
L103631,Sandton,Townhouse,2.0,113.0,2026-03-20,2026-05-21,R 4 047 000,R 3 948 000.00,Sold
L100167,Rooihuiskraal,House,3.0,158.0,2025-04-04,2025-04-16,"R2,839,000","R2,508,000",Sold
L104800,Lynnwood,House,3.0,180.0,2023-11-16,2023-12-20,"R4,154,000",R 4 062 000,Sold
L102176,Lynnwood,Apartment,1.0,65.0,2025-07-17,,R 1 433 000.00,,Withdrawn
L100424,Irene,House,6.0,375.0,2023-03-17,2023-03-22,6946000,6739000,Sold
L100392,Irene,House,2.0,183.0,2024-11-08,2024-11-28,R 3 844 000,3544000,Sold
L104557,Centurion,House,3.0,160.0,2025-02-12,2025-04-06,"R3,113,000",3068000,Sold
L105774,Brooklyn,House,4.0,226.0,2023-11-27,2024-01-02,4760000,"R4,507,000",Sold
L102239,Faerie Glen,House,5.0,347.0,2025-02-02,2025-03-25,"R7,013,000",6528000,Sold
L100104,Rooihuiskraal,House,2.0,160.0,2023-09-15,2023-09-25,2176000,2082000,Sold
L102672,Lynnwood,Townhouse,3.0,176.0,2026-04-12,2026-05-01,R 4 261 000,R 4 240 000,Sold
L105591,Rooihuiskraal,House,4.0,298.0,2025-02-28,2025-04-01,3746000,R 3 572 000.00,Sold
L103787,Waterkloof Ridge,House,2.0,183.0,2024-08-05,2024-10-16,R 5 539 000,"R5,010,000",Sold
L102068,Brooklyn,House,5.0,285.0,2025-03-04,2025-03-30,7229000,R 6 788 000.00,Sold
L104112,Rooihuiskraal,House,4.0,264.0,2026-04-19,2026-04-30,R 4 917 000,"R4,646,000",Sold
L103493,Irene,Apartment,3.0,96.0,2025-11-10,2026-01-05,1829000,R 1 816 000.00,Sold
L101948,Waterkloof,House,3.0,198.0,2025-09-01,2025-11-12,5151000,"R4,957,000",Sold
L101459,Menlo Park,Apartment,1.0,,2025-02-27,2025-04-27,1604000,1604000,Sold
L101768,Waterkloof Ridge,Townhouse,2.0,126.0,2025-01-03,,4103000,,Withdrawn
L103298,Lynnwood,Apartment,1.0,,2026-04-26,2026-06-08,"R3,261,000",3081000,Sold
L100743,Waterkloof,House,4.0,270.0,2023-08-21,2023-09-05,"R6,837,000","R6,837,000",Sold
L103984,Menlo Park,Apartment,2.0,98.0,2023-01-28,2023-03-08,1796000,1786000,Sold
L105852,Waterkloof,House,3.0,223.0,2024-05-12,2024-06-25,R 6 039 000,R 5 951 000,Sold
L101587,Faerie Glen,Townhouse,1.0,163.0,2023-01-04,2023-03-17,2758000,2716000,Sold
L104726,Rooihuiskraal,Apartment,1.0,67.0,2024-04-02,2024-07-31,978000,R 976 000,Sold
L101731,Waterkloof,House,3.0,195.0,2025-12-08,2026-02-09,R 5 352 000,R 5 239 000,Sold
L105823,Groenkloof,Apartment,1.0,59.0,2024-05-09,2024-06-10,"R1,158,000",1121000,Sold
L104985,Menlo Park,House,,307.0,2025-12-09,2026-01-03,"R6,471,000","R6,289,000",Sold
L100182,Faerie Glen Ext,Apartment,,57.0,2025-08-24,2025-09-26,R 997 000,R 958 000.00,Sold
L101791,Brooklyn,House,2.0,155.0,2024-12-18,,"R3,311,000",,Withdrawn
L102355,Rooihuiskraal,Apartment,2.0,115.0,2024-03-05,,R 1 487 000,,Withdrawn
L101940,Brooklyn,House,6.0,433.0,2025-05-14,,R 9 152 000,,Withdrawn
L100702,Groenkloof,Townhouse,2.0,144.0,2025-10-09,2025-12-08,R 3 384 000,3308000,Sold
L102442,Groenkloof,House,5.0,352.0,2025-12-04,2026-01-10,R 8 116 000,R 7 575 000.00,Sold
L105760,Waterkloof,House,4.0,232.0,2023-11-20,2023-12-16,R 6 242 000.00,R 5 974 000.00,Sold
L100496,Lynnwood,House,6.0,401.0,2024-07-27,2024-09-24,9585000,R 9 231 000.00,Sold
L104750,Groenkloof,House,6.0,549.0,2024-10-09,2024-11-18,R 13 034 000,"R12,647,000",Sold
L100464,Irene,Apartment,2.0,137.0,2025-01-04,2025-01-23,"R2,463,000",2442000,Sold
L103951,  sandton ,Townhouse,2.0,209.0,2025-09-21,2025-11-23,"R6,994,000",R 6 616 000.00,Sold
L105283,Menlo Park,House,2.0,250.0,2025-05-25,2025-07-03,R 6 136 000,"R6,136,000",Sold
L100172,Brooklyn,House,3.0,192.0,2023-06-21,2023-07-10,4162000,R 3 903 000,Sold
L102020,  centurion ,House,6.0,422.0,2025-09-26,2025-10-15,8002000,R 7 694 000.00,Sold
L105861,Waterkloof,Townhouse,4.0,255.0,2023-12-30,2024-01-12,R 5 409 000.00,R 5 409 000,Sold
L103764,Waterkloof,House,6.0,495.0,2024-05-20,2024-07-03,"R13,516,000",R 13 124 000.00,Sold
L105443,Centurion,House,5.0,296.0,2023-10-01,2023-11-19,R 5 482 000,R 5 479 000,Sold
L102540,Faerie Glen,House,3.0,202.0,2025-05-04,2025-05-19,"R4,027,000","R3,814,000",Sold
L103121,Menlo Pk,Townhouse,3.0,192.0,2023-01-28,2023-02-07,R 3 946 000,R 3 854 000,Sold
L102009,Centurion,Apartment,1.0,95.0,2024-05-31,2024-06-23,R 1 757 000,1757000,Sold
L102260,Centurion,House,6.0,315.0,2024-09-04,2024-09-24,"R6,221,000",R 6 174 000,Sold
L103084,Rooihuiskraal,House,3.0,208.0,2024-08-16,2024-10-17,R 4 021 000,R 3 783 000,Sold
L102112,Groenkloof,Townhouse,1.0,143.0,2025-08-30,2025-10-03,2811000,R 2 540 000.00,Sold
L100900,Lynnwood,House,4.0,318.0,2024-06-08,2024-09-11,"R6,725,000",R 6 567 000.00,Sold
L101446,Sandton,Apartment,2.0,74.0,2025-09-05,2025-10-15,R 2 477 000.00,R 2 325 000.00,Sold
L101911,Groenkloof,House,3.0,241.0,2024-01-01,2024-01-31,4438000,R 4 298 000.00,Sold
L103542,Bryanston,House,4.0,260.0,2026-01-09,2026-02-26,R 6 471 000.00,"R6,471,000",Sold
L102697,Waterkloof,House,6.0,407.0,2025-01-16,2025-02-15,9879000,R 9 779 000,Sold
L105277,Centurion,House,4.0,292.0,2024-01-21,2024-01-29,5421000,R 4 932 000.00,Sold
L103662,Bryanston,House,3.0,231.0,2026-01-31,2026-02-09,"R6,565,000",R 6 416 000,Sold
L100741,Waterkloof Ridge,House,4.0,227.0,2025-12-28,2026-01-05,"R6,951,000",6851000,Sold
L102293,Brooklyn,House,,241.0,2026-03-17,2026-05-09,"R5,576,000",R 5 576 000,Sold
L102452,Centurion,House,2.0,192.0,2026-04-10,2026-08-06,R 3 812 000,R 3 739 000.00,Sold
L103802,Menlo Park,Apartment,1.0,67.0,2023-03-31,2023-06-18,1426000,1307000,Sold
L103852,Menlo Park,House,3.0,252.0,2026-03-07,2026-03-30,R 7 676 000.00,R 7 437 000,Sold
L104994,Irene,Apartment,2.0,91.0,2023-08-20,2023-09-09,1450000,1389000,Sold
L101206,  irene ,House,3.0,153.0,2025-08-16,2025-09-20,3277000,"R3,067,000",Sold
L100509,  waterkloof ridge ,Apartment,,106.0,2023-03-05,2023-04-04,2792000,"R2,792,000",Sold
L103716,Centurion,House,4.0,279.0,2023-12-17,2024-03-10,R 4 212 000.00,4107000,Sold
L105069,Faerie Glen,House,4.0,268.0,2026-01-14,2026-01-23,R 4 816 000.00,R 4 675 000.00,Sold
L103893,Faerie Glen,Townhouse,,85.0,2025-09-08,2025-09-21,"R1,410,000",1356000,Sold
L101764,Waterkloof Ridge,Apartment,2.0,,2024-01-05,2024-02-04,"R2,314,000",2132000,Sold
L105537,Irene,House,3.0,244.0,2023-08-21,2023-11-19,3790000,R 3 790 000,Sold
L101549,Brooklyn,House,,178.0,2024-07-23,2024-09-14,4084000,"R3,881,000",Sold
L103029,Menlo Park,House,3.0,183.0,2023-09-02,2023-09-13,R 3 672 000,R 3 620 000,Sold
L104607,Groenkloof,Townhouse,3.0,223.0,2023-12-04,2024-01-02,4162000,R 4 056 000.00,Sold
L102202,Bryanston,House,4.0,339.0,2025-07-07,2025-08-28,"R8,362,000",8103000,Sold
L102566,Waterkloof,Townhouse,,257.0,2023-12-26,2024-03-08,R 6 257 000.00,R 6 082 000.00,Sold
L103940,Waterkloof,Townhouse,1.0,139.0,2025-09-26,2025-10-05,"R3,754,000",R 3 754 000.00,Sold
L102044,Sandton,Townhouse,2.0,182.0,2025-10-07,2025-12-22,"R5,711,000",R 5 635 000.00,Sold
L100767,Waterkloof,House,3.0,161.0,2024-01-28,2024-03-04,"R4,641,000",4373000,Sold
L105962,Faerie Glen,Apartment,1.0,73.0,2024-07-04,2024-08-06,"R1,207,000","R1,196,000",Sold
L103774,Rooihuiskraal,Apartment,1.0,97.0,2024-09-11,2024-11-17,1464000,"R1,437,000",Sold
L103699,Lynnwood,House,2.0,130.0,2023-10-25,2023-10-30,"R2,612,000",R 2 581 000.00,Sold
L101508,Groenkloof,Apartment,2.0,95.0,2024-08-28,,R 1 909 000,,Withdrawn
L103134,Centurion,House,4.0,251.0,2023-05-06,2023-05-28,4330000,R 4 055 000,Sold
L103761,Menlo Park,House,3.0,157.0,2025-04-23,,R 3 849 000.00,,Withdrawn
L105948,Menlo Park,House,3.0,248.0,2025-09-19,2025-10-02,"R6,019,000",R 5 516 000.00,Sold
L100421,Waterkloof,House,2.0,174.0,2025-08-25,2025-09-07,"R4,381,000",R 4 381 000.00,Sold
L100123,Lynnwood,House,3.0,206.0,2025-06-14,,"R5,264,000",,Withdrawn
L105077,Waterkloof Ridge,House,2.0,175.0,2026-03-04,2026-04-04,6081000,R 6 015 000,Sold
L103864,Sandton,House,4.0,259.0,2023-03-03,2023-03-22,R 9 060 000,R 8 737 000,Sold
L103292,Irene,Apartment,1.0,98.0,2026-01-18,2026-02-19,R 1 996 000.00,R 1 974 000.00,Sold
L100819,Brooklyn,Townhouse,2.0,182.0,2024-12-19,2025-01-19,3664000,R 3 513 000,Sold
L101403,Menlo  Park,House,2.0,192.0,2025-05-23,2025-09-06,R 4 364 000,R 4 293 000,Sold
L101382,Faerie Glen,Townhouse,2.0,137.0,2026-01-28,2026-03-16,2424000,R 2 339 000.00,Sold
L102148,Rooihuiskraal,Apartment,2.0,90.0,2023-10-03,2023-10-24,R 1 019 000.00,R 977 000,Sold
L105141,Irene,House,4.0,308.0,2026-04-05,2026-05-06,R 7 751 000,R 6 843 000,Sold
L101575,Brooklyn,Townhouse,3.0,249.0,2025-08-05,2025-08-30,R 6 294 000.00,R 6 294 000.00,Sold
L101638,BROOKLYN,Apartment,1.0,76.0,2026-01-23,2026-03-25,1876000,R 1 836 000.00,Sold
L101795,Brooklyn,Apartment,,68.0,2024-12-11,2025-01-20,R 1 449 000.00,"R1,430,000",Sold
L103331,Brooklyn,House,6.0,354.0,2024-01-05,2024-02-12,"R8,915,000",R 8 557 000,Sold
L105882,Rooihuiskraal,Apartment,2.0,116.0,2023-08-01,2023-10-30,1117000,R 1 077 000,Sold
L105441,Bryanston,House,2.0,124.0,2025-12-02,,3885000,,Withdrawn
L100399,Lynnwood,Apartment,2.0,131.0,2025-07-10,2025-08-02,2888000,R 2 843 000,Sold
L103151,Irene,House,5.0,272.0,2025-10-04,2025-10-22,"R5,905,000",R 5 364 000,Sold
L102310,Sandton,Townhouse,2.0,128.0,2024-05-11,2024-05-26,"R3,972,000",R 3 807 000.00,Sold
L100882,Sandton,House,3.0,241.0,2024-01-30,2024-03-01,R 8 239 000,"R7,805,000",Sold
L103565,BRYANSTON,Apartment,1.0,77.0,2025-05-26,2025-08-08,R 2 288 000.00,2263000,Sold
L100553,Sandton,House,3.0,241.0,2026-02-20,2026-05-10,R 9 837 000.00,R 9 518 000,Sold
L101179,Groenkloof,House,4.0,240.0,2025-07-25,2025-08-22,R 5 974 000.00,5974000,Sold
L101352,Brooklyn,Townhouse,3.0,224.0,2024-05-16,2024-06-02,4774000,R 4 721 000.00,Sold
L104623,  bryanston ,Apartment,1.0,81.0,2023-08-05,2023-08-29,R 2 132 000,"R1,957,000",Sold
L105561,Menlo Park,House,6.0,373.0,2024-11-07,2024-12-19,R 7 910 000.00,7553000,Sold
L102130,Groenkloof,Apartment,,47.0,2023-01-31,2023-03-06,R 813 000.00,779000,Sold
L100982,Centurion,House,2.0,151.0,2026-04-05,2026-05-12,R 3 182 000,"R3,079,000",Sold
L100456,Sandton,House,3.0,198.0,2024-03-16,2024-04-07,R 7 387 000.00,7124000,Sold
L101486,Sandton,House,4.0,327.0,2025-02-01,2025-03-08,11229000,"R10,499,000",Sold
L101079,Menlo Park,Townhouse,3.0,175.0,2025-03-17,2025-05-01,"R3,891,000","R3,677,000",Sold
L101950,Sandton,Apartment,2.0,87.0,2025-11-17,2025-11-22,"R2,906,000",R 2 740 000.00,Sold
L105255,Bryanston,House,,347.0,2024-11-01,2025-01-09,11487000,"R11,293,000",Sold
L100689,Faerie Glen,House,3.0,157.0,2025-08-30,2025-12-27,R 2 714 000.00,R 2 560 000.00,Sold
L104825,Lynnwood,Apartment,1.0,103.0,2023-04-25,2023-06-30,R 1 914 000,R 1 914 000.00,Sold
L102429,Rooihuiskraal,Apartment,1.0,,2025-10-03,2025-11-27,"R1,029,000",1017000,Sold
L100641,Rooihuiskraal,Apartment,,70.0,2024-07-16,2024-08-22,R 915 000,R 825 000.00,Sold
L102392,Menlo Park,House,4.0,227.0,2026-04-19,,R 5 064 000,,Withdrawn
L102825,Centurion,Apartment,2.0,,2025-06-14,2025-08-24,R 1 836 000.00,"R1,836,000",Sold
L101953,Sandton,House,3.0,161.0,2025-03-24,2025-05-13,6494000,"R6,367,000",Sold
L103538,Groenkloof,Apartment,1.0,55.0,2025-04-28,2025-05-18,1333000,1314000,Sold
L104450,Bryanston,House,4.0,228.0,2025-01-10,2025-01-30,"R7,008,000",R 6 968 000,Sold
L103058,Groenkloof,House,3.0,187.0,2025-11-14,2025-11-25,R 4 256 000.00,R 4 256 000,Sold
L105653,Menlo Park,Apartment,1.0,50.0,2025-10-27,2025-11-07,1136000,R 1 136 000,Sold
L104574,Bryanston,Apartment,1.0,129.0,2024-03-10,2024-03-26,"R3,560,000","R3,288,000",Sold
L102710,Sandton,Apartment,1.0,80.0,2023-08-07,2023-09-04,R 1 973 000.00,"R1,933,000",Sold
L101083,Bryanston,House,4.0,174.0,2024-11-02,2024-12-17,R 6 005 000.00,R 6 005 000.00,Sold
L104531,Menlo Park,House,3.0,178.0,2025-01-24,2025-02-09,R 3 622 000.00,"R3,622,000",Sold
L105825,Groenkloof,House,5.0,358.0,2025-01-15,2025-01-24,8573000,R 7 927 000.00,Sold
L104198,Groenkloof,Apartment,2.0,105.0,2024-09-17,2024-10-14,"R2,208,000",2122000,Sold
L101884,Menlo Park,House,2.0,219.0,2023-09-25,2023-10-27,"R4,502,000",R 4 277 000,Sold
L104594,Groenkloof,Apartment,1.0,104.0,2023-07-28,2023-09-21,1991000,"R1,860,000",Sold
L100389,Bryanston,House,3.0,209.0,2023-10-30,2023-11-12,R 5 633 000.00,R 5 506 000,Sold
L102494,Bryanston,Apartment,1.0,71.0,2023-03-05,2023-04-01,R 1 951 000.00,"R1,872,000",Sold
L101851,Sandton,Apartment,1.0,158.0,2023-04-30,,R 4 930 000.00,,Withdrawn
L103036,IRENE,Townhouse,3.0,167.0,2023-02-25,2023-03-15,2937000,"R2,918,000",Sold
L104176,Irene,House,4.0,196.0,2024-02-25,2024-03-07,3958000,3722000,Sold
L103603,Brooklyn,House,3.0,216.0,2025-07-26,2025-08-22,5910000,"R5,539,000",Sold
L100845,Bryanston,House,4.0,226.0,2024-08-10,2024-09-29,R 6 495 000.00,R 6 237 000,Sold
L100542,Bryanston,Townhouse,3.0,223.0,2024-08-29,2024-10-13,R 6 330 000,6330000,Sold
L103724,Bryanston,Apartment,1.0,91.0,2023-06-25,2023-08-23,R 2 543 000.00,R 2 466 000.00,Sold
L100091,Centurion,House,4.0,273.0,2025-05-02,,"R5,400,000",,Withdrawn
L103679,Waterkloof,House,2.0,195.0,2024-09-09,2024-10-25,R 5 080 000.00,R 4 856 000,Sold
L105750,Waterkloof,Apartment,2.0,117.0,2023-02-26,2023-04-07,R 2 726 000.00,"R2,686,000",Sold
L103871,GROENKLOOF,Apartment,2.0,112.0,2024-05-19,2024-06-18,"R2,558,000",R 2 549 000,Sold
L104059,Rooihuiskraal,Townhouse,3.0,179.0,2025-07-04,2025-08-12,2827000,R 2 827 000,Sold
L101979,Groenkloof,House,5.0,411.0,2023-09-23,2023-12-24,R 8 166 000,R 7 842 000,Sold
L103244,Waterkloof Ridge,House,6.0,412.0,2026-03-13,2026-03-27,"R15,334,000",14306000,Sold
L105690,Faerie Glen,House,2.0,133.0,2023-04-12,2023-05-05,R 2 590 000.00,"R2,539,000",Sold
L103150,Waterkloof,House,3.0,163.0,2025-11-22,2025-12-21,R 4 479 000,4341000,Sold
L104997,Lynnwood,Apartment,,195.0,2024-07-28,2024-09-14,"R4,014,000","R3,834,000",Sold
L104183,Faerie Glen,House,6.0,494.0,2024-11-28,2024-12-19,R 8 322 000,R 8 222 000.00,Sold
L104441,Menlo Pk,House,3.0,216.0,2024-06-03,2024-08-25,"R5,471,000",R 5 360 000,Sold
L102964,Brooklyn,House,5.0,342.0,2025-09-16,2025-11-16,R 8 403 000,8403000,Sold
L103463,Brooklyn,House,6.0,406.0,2024-05-26,2024-06-11,R 9 182 000,R 9 182 000.00,Sold
L102529,Centurion,House,5.0,296.0,2023-08-30,2023-09-05,R 5 855 000,"R5,692,000",Sold
L105284,Groenkloof,Apartment,1.0,137.0,2024-07-11,2024-09-01,3253000,R 3 191 000,Sold
L101676,Centurion,House,3.0,277.0,2025-06-27,2025-09-03,5941000,R 5 908 000,Sold
L101048,Bryanston,House,6.0,372.0,2023-12-09,2023-12-29,R 10 664 000.00,10113000,Sold
L102949,Bryanston,House,3.0,218.0,2024-06-26,2024-07-14,"R6,165,000","R5,852,000",Sold
L101960,Irene,House,1.0,172.0,2024-10-10,2025-01-12,R 4 101 000.00,3973000,Sold
L102530,Irene,Apartment,3.0,78.0,2023-04-30,2023-07-18,R 1 291 000,1236000,Sold
L105807,Bryanston,House,,232.0,2024-03-29,2024-05-02,R 6 516 000.00,6258000,Sold
L105000,Groenkloof,Apartment,2.0,125.0,2023-10-19,2023-12-08,R 2 431 000,R 2 407 000,Sold
L104094,Groenkloof,Apartment,3.0,133.0,2025-06-09,2025-07-09,3144000,"R2,969,000",Sold
L100237,Rooihuiskraal,Apartment,2.0,68.0,2023-03-28,,"R898,000",,Withdrawn
L104229,Brooklyn,House,2.0,222.0,2024-05-04,2024-06-20,"R4,257,000",R 4 257 000.00,Sold
L104609,Sandton,Apartment,1.0,65.0,2026-02-05,2026-03-28,R 2 345 000,R 2 240 000.00,Sold
L101133,  centurion ,House,1.0,213.0,2024-05-26,2024-06-12,R 3 878 000,"R3,788,000",Sold
L102880,Groenkloof,Apartment,1.0,73.0,2023-06-23,2023-07-16,"R1,546,000",R 1 502 000,Sold
L101805,Centurion,Apartment,2.0,67.0,2025-08-12,2025-09-22,1287000,"R1,287,000",Sold
L105055,Brooklyn,Apartment,2.0,97.0,2025-12-09,2026-01-05,R 2 347 000,R 2 346 000.00,Sold
L100163,WATERKLOOF,Apartment,1.0,,2025-12-01,2026-01-05,2533000,"R2,533,000",Sold
L105067,Menlo Park,House,6.0,435.0,2023-12-10,2023-12-28,R 8 388 000.00,R 7 945 000,Sold
L105815,  rooihuiskraal ,Apartment,2.0,94.0,2023-05-06,2023-07-23,R 1 200 000.00,"R1,200,000",Sold
L105756,Waterkloof Ridge,Townhouse,2.0,205.0,2023-08-15,2023-10-15,5854000,5782000,Sold
L104511,Faerie Glen,Apartment,1.0,115.0,2026-02-28,2026-04-11,2082000,R 2 040 000.00,Sold
L104582,Bryanston,House,3.0,238.0,2024-08-20,2024-10-15,"R6,685,000","R6,685,000",Sold
L104406,Sandton,Apartment,1.0,106.0,2024-07-12,2024-07-27,R 2 890 000,2777000,Sold
L100265,Groenkloof,Apartment,2.0,64.0,2024-02-02,2024-03-15,R 1 141 000.00,R 1 141 000,Sold
L103839,Brooklyn,Townhouse,1.0,86.0,2026-03-03,,"R2,167,000",,Withdrawn
L102001,Lynnwood,Townhouse,2.0,151.0,2024-04-13,2024-05-11,2894000,R 2 852 000.00,Sold
L101811,Lynnwood,Apartment,1.0,95.0,2025-12-16,2026-01-20,R 1 954 000.00,1919000,Sold
L103277,  faerie glen ,House,5.0,294.0,2025-11-04,2025-12-17,4812000,R 4 505 000,Sold
L105377,Centurion,House,2.0,166.0,2025-07-19,2025-09-05,3776000,R 3 518 000.00,Sold
L102978,Centurion,Apartment,1.0,138.0,2023-01-31,2023-03-24,2281000,"R2,135,000",Sold
L104340,WATERKLOOF RIDGE,Apartment,1.0,89.0,2023-10-04,2023-10-23,R 2 100 000,R 2 039 000.00,Sold
L102906,Sandton,House,4.0,242.0,2023-11-14,2023-11-18,7188000,6829000,Sold
L104370,Brooklyn,House,6.0,397.0,2024-10-25,2024-12-04,R 10 036 000.00,R 9 725 000.00,Sold
L105604,Faerie Glen,House,3.0,208.0,2025-02-18,,R 3 787 000.00,,Withdrawn
L101428,  rooihuiskraal ,Apartment,1.0,79.0,2025-03-08,2025-05-29,R 1 045 000,R 1 000 000.00,Sold
L100398,Lynnwood,Apartment,2.0,200.0,2025-02-08,2025-05-17,3960000,R 3 793 000.00,Sold
L104110,Menlo Park,House,3.0,157.0,2023-08-11,2023-08-28,R 3 559 000,R 3 460 000,Sold
L105102,Waterkloof,Apartment,1.0,83.0,2025-06-19,2025-08-06,"R1,999,000",1920000,Sold
L100947,Bryanston,Apartment,1.0,64.0,2023-02-09,2023-03-06,"R1,915,000",R 1 912 000.00,Sold
L103078,Irene,House,3.0,,2025-12-12,2026-01-22,"R4,991,000",R 4 847 000,Sold
L103919,Lynnwood,Townhouse,2.0,132.0,2023-07-10,2023-09-02,2196000,R 2 127 000,Sold
L103138,Rooihuiskraal,House,4.0,262.0,2026-04-18,2026-06-03,R 3 881 000.00,R 3 697 000,Sold
L105452,Centurion,House,6.0,423.0,2025-12-25,2026-02-17,R 8 131 000.00,R 7 881 000,Sold
L105020,  sandton ,House,2.0,224.0,2024-02-15,2024-03-03,R 7 373 000,R 6 928 000.00,Sold
L105680,Bryanston,House,3.0,188.0,2024-04-16,2024-04-28,R 4 787 000,R 4 606 000,Sold
L105245,Centurion,House,5.0,277.0,2026-04-07,2026-05-12,5380000,"R5,274,000",Sold
L103229,Faerie Glen,House,2.0,169.0,2025-11-24,2025-12-31,R 3 367 000,"R3,278,000",Sold
L101826,Faerie Glen,Apartment,1.0,80.0,2026-01-01,2026-02-07,R 1 601 000,"R1,581,000",Sold
L101452,Bryanston,House,2.0,125.0,2024-05-10,2024-06-16,"R3,790,000",3790000,Sold
L100593,Irene,Apartment,1.0,78.0,2026-04-29,2026-05-31,R 1 506 000.00,"R1,495,000",Sold
L102725,Centurion,Townhouse,3.0,173.0,2023-12-31,2024-01-21,"R2,258,000",2241000,Sold
L100041,Bryanston,House,3.0,165.0,2023-12-03,2023-12-27,R 4 380 000.00,R 4 380 000.00,Sold
L100560,Waterkloof,House,3.0,186.0,2025-09-15,2025-09-24,"R4,313,000",R 4 295 000,Sold
L104923,Bryanston,House,6.0,392.0,2025-01-11,2025-02-04,13408000,R 13 183 000.00,Sold
L104796,Groenkloof,House,3.0,177.0,2025-07-12,2025-08-22,R 4 323 000.00,3906000,Sold
L100489,Irene,Townhouse,2.0,180.0,2025-11-11,2026-01-25,4122000,4024000,Sold
L100243,Faerie Glen,Apartment,2.0,109.0,2025-05-19,2025-08-02,"R1,828,000","R1,781,000",Sold
L103172,Centurion,House,4.0,288.0,2024-06-09,2024-07-05,R 5 026 000.00,"R4,966,000",Sold
L101339,Menlo Park,Townhouse,2.0,147.0,2025-12-19,2026-01-16,R 3 309 000,3163000,Sold
L104091,Rooihuiskraal,House,5.0,318.0,2023-12-02,2024-01-10,R 4 636 000.00,R 4 287 000.00,Sold
L104222,Menlo Park,Apartment,1.0,99.0,2023-10-14,2023-10-29,R 2 109 000.00,R 1 996 000.00,Sold
L100405,Bryanston,Apartment,1.0,96.0,2025-02-02,2025-04-04,"R2,817,000",R 2 780 000,Sold
L101442,Groenkloof,Apartment,3.0,130.0,2023-09-21,,2378000,,Withdrawn
L100261,Bryanston,House,5.0,333.0,2024-09-18,2024-10-10,R 9 416 000.00,R 9 416 000.00,Sold
L105810,Faerie Glen,Townhouse,1.0,107.0,2025-07-07,2025-09-03,R 2 162 000,2146000,Sold
L103537,Irene,House,4.0,304.0,2024-02-13,2024-04-16,R 5 592 000,R 5 397 000.00,Sold
L105574,Menlo Park,Apartment,1.0,68.0,2023-02-10,2023-03-23,1534000,"R1,521,000",Sold
L101689,Lynnwood,House,4.0,242.0,2023-08-07,2023-09-07,"R5,279,000",4933000,Sold
L103478,Sandton,House,3.0,201.0,2023-02-02,2023-04-01,R 6 484 000.00,"R6,484,000",Sold
L101725,  waterkloof ,House,6.0,537.0,2023-10-20,2023-12-16,11251000,"R11,251,000",Sold
L101203,Centurion,Townhouse,2.0,199.0,2026-01-13,2026-04-05,R 3 645 000,R 3 473 000.00,Sold
L100834,Centurion,House,3.0,168.0,2025-12-05,2026-01-09,3250000,R 3 047 000,Sold
L101866,Sandton,House,2.0,154.0,2025-04-03,2025-06-05,5565000,5499000,Sold
L102496,Faerie Glen,House,3.0,241.0,2024-09-08,,4175000,,Withdrawn
L103016,Sandton,Apartment,1.0,74.0,2024-05-30,2024-07-19,R 2 092 000.00,R 2 035 000,Sold
L104596,Lynnwood,House,3.0,196.0,2025-08-06,2025-10-03,R 4 479 000,R 4 326 000,Sold
L102010,Waterkloof,Townhouse,2.0,122.0,2025-10-16,2025-12-23,"R3,524,000","R3,524,000",Sold
L104086,Faerie Glen,Apartment,2.0,102.0,2024-10-16,2024-11-11,1570000,R 1 492 000,Sold
L100340,Waterkloof Ridge,Apartment,,54.0,2023-07-30,2023-08-23,R 1 544 000.00,1447000,Sold
L104252,Groenkloof,Townhouse,2.0,125.0,2025-10-03,2025-10-13,3074000,R 3 074 000,Sold
L101601,Waterkloof Ridge,Townhouse,3.0,170.0,2026-02-06,2026-02-16,R 4 502 000.00,R 4 028 000.00,Sold
L102796,  irene ,House,5.0,259.0,2023-05-06,2023-08-09,R 6 576 000,"R6,393,000",Sold
L105818,Menlo Park,House,5.0,386.0,2025-12-19,2026-01-29,R 8 937 000,8650000,Sold
L105957,Waterkloof,House,3.0,188.0,2025-12-20,2026-01-27,5821000,R 5 657 000,Sold
L100480,Lynnwood,Apartment,1.0,55.0,2024-06-27,2024-07-12,R 1 002 000.00,R 958 000.00,Sold
L103875,Lynnwood,House,2.0,122.0,2024-02-02,2024-04-07,R 2 987 000.00,R 2 984 000.00,Sold
L103725,Rooihuiskraal,Apartment,1.0,87.0,2024-06-26,2024-07-19,R 1 616 000,"R1,499,000",Sold
L104183,Faerie Glen,House,6.0,494.0,2024-11-28,2024-12-19,R 8 322 000,R 8 222 000.00,Sold
L102785,Centurion,House,6.0,453.0,2025-07-28,2025-09-08,R 8 616 000.00,8616000,Sold
L101523,Rooihuiskraal,House,2.0,235.0,2024-11-16,2025-02-15,"R3,556,000",R 3 556 000.00,Sold
L103621,Brooklyn,Apartment,,90.0,2023-04-21,2023-05-28,2044000,R 1 878 000.00,Sold
L104550,Waterkloof,Townhouse,1.0,164.0,2026-01-07,2026-02-18,R 4 243 000.00,R 3 982 000.00,Sold
L105424,Sandton,House,4.0,263.0,2024-01-12,2024-02-09,"R7,433,000",7150000,Sold
L105667,Bryanston,Townhouse,1.0,132.0,2023-10-10,2023-10-21,R 3 101 000.00,R 3 087 000.00,Sold
L105753,Rooihuiskraal,Apartment,3.0,129.0,2026-01-26,2026-03-21,R 2 059 000,R 1 987 000.00,Sold
L100799,Centurion,House,4.0,223.0,2024-12-20,2025-01-13,"R3,918,000",R 3 918 000,Sold
L101766,Sandton,Apartment,2.0,141.0,2024-07-15,2024-08-07,4460000,R 4 279 000,Sold
L105468,Faerie  Glen,Apartment,1.0,72.0,2023-07-17,2023-10-06,1221000,R 1 167 000,Sold
L103025,Waterkloof Ridge,House,2.0,160.0,2025-06-30,2025-07-22,"R6,273,000",6273000,Sold
L102453,Rooihuiskraal,Townhouse,4.0,263.0,2025-02-12,2025-03-29,R 3 614 000.00,R 3 525 000,Sold
L104424,Irene,Apartment,1.0,82.0,2026-04-15,2026-04-29,R 1 665 000,R 1 662 000.00,Sold
L105510,  waterkloof ridge ,House,6.0,477.0,2024-09-13,2024-11-07,R 16 663 000,16169000,Sold
L104950,Brooklyn,House,3.0,180.0,2023-03-14,2023-04-19,R 3 376 000.00,3201000,Sold
L103704,Waterkloof,House,6.0,364.0,2025-01-02,2025-01-23,13410000,"R12,752,000",Sold
L105718,Waterkloof Ridge,Apartment,2.0,85.0,2025-03-19,2025-05-04,"R2,491,000","R2,395,000",Sold
L100363,Waterkloof,House,5.0,312.0,2025-09-10,2025-09-28,"R8,859,000",R 8 625 000.00,Sold
L101271,Menlo Park,Townhouse,3.0,,2025-03-20,2025-04-27,"R4,531,000",R 4 342 000.00,Sold
L103379,Sandton,House,3.0,255.0,2024-01-19,2024-04-17,7133000,"R6,999,000",Sold
L102003,Centurion,House,3.0,250.0,2025-05-05,2025-08-10,4752000,R 4 646 000,Sold
L105499,Brooklyn,House,5.0,333.0,2025-12-23,2026-01-19,8148000,R 8 148 000,Sold
L104325,Faerie  Glen,House,3.0,5400.0,2025-10-26,2026-01-05,"R3,835,000",R 3 600 000,Sold
L105732,Centurion,Townhouse,2.0,110.0,2024-11-28,2025-01-09,R 1 806 000,R 1 737 000,Sold
L105054,Bryanston,House,5.0,334.0,2025-03-18,2025-04-23,R 8 084 000.00,"R7,899,000",Sold
L100347,Brooklyn,Apartment,2.0,128.0,2024-11-05,2024-11-17,R 2 909 000,2804000,Sold
L103350,Waterkloof,Apartment,1.0,113.0,2025-11-20,2026-01-08,"R3,267,000",3223000,Sold
L104870,Lynnwood,House,4.0,292.0,2026-04-17,2026-06-05,8046000,R 7 409 000,Sold
L103613,Bryanston,House,6.0,345.0,2023-02-13,2023-06-01,R 10 482 000.00,R 10 482 000,Sold
L105646,Irene,Apartment,1.0,93.0,2024-04-04,2024-05-04,"R1,319,000",R 1 285 000,Sold
L102562,Centurion,Apartment,1.0,75.0,2023-01-30,2023-03-08,"R1,315,000","R1,249,000",Sold
L103027,Bryanston,Apartment,1.0,123.0,2024-09-11,2024-11-03,3524000,3469000,Sold
L104260,Sandton,Apartment,1.0,59.0,2024-02-17,2024-03-25,R 1 730 000.00,1719000,Sold
L105605,Faerie Glen,House,6.0,342.0,2023-12-10,2024-01-25,"R5,781,000","R5,514,000",Sold
L101423,Menlo Park,House,4.0,263.0,2023-10-08,2023-11-06,R 5 319 000,R 5 265 000.00,Sold
L100656,Bryanston,Apartment,2.0,99.0,2024-09-02,2024-09-15,2922000,2812000,Sold
L103083,Rooihuiskraal,House,3.0,193.0,2026-04-02,2026-07-15,R 3 805 000.00,"R3,716,000",Sold
L105631,Groenkloof,House,5.0,345.0,2024-07-02,2024-08-02,R 9 107 000.00,R 9 107 000.00,Sold
L102102,Rooihuiskraal,Apartment,1.0,129.0,2023-12-30,2024-03-17,1558000,R 1 516 000,Sold
L100632,Waterkloof,Townhouse,2.0,156.0,2023-07-22,2023-08-21,R 3 651 000,3517000,Sold
L104955,Brooklyn,Townhouse,2.0,177.0,2025-10-16,2025-12-17,4248000,R 4 248 000.00,Sold
L102493,Sandton,Townhouse,1.0,169.0,2026-03-16,2026-04-18,"R5,828,000",5551000,Sold
L102665,Rooihuiskraal,Apartment,1.0,114.0,2024-07-08,2024-08-01,1807000,R 1 807 000.00,Sold
L104418,Waterkloof,House,5.0,363.0,2026-03-07,2026-05-09,10807000,"R10,764,000",Sold
L105515,Sandton,House,4.0,254.0,2025-12-13,2025-12-29,R 9 433 000.00,9045000,Sold
L104705,Brooklyn,Apartment,1.0,94.0,2024-11-27,,R 1 779 000.00,,Withdrawn
L104329,Sandton,Townhouse,3.0,171.0,2023-05-04,2023-07-07,4922000,4793000,Sold
L102334,Lynnwood,House,5.0,303.0,2024-09-29,2024-12-13,6780000,R 6 294 000.00,Sold
L103548,Waterkloof Ridge,House,3.0,306.0,2025-06-15,2025-06-20,R 10 472 000,"R9,750,000",Sold
L104680,Sandton,House,2.0,213.0,2023-05-24,2023-06-17,"R6,075,000",R 5 793 000,Sold
L102500,Waterkloof,House,4.0,255.0,2023-10-30,2024-01-22,"R6,083,000","R5,836,000",Sold
L103619,Sandton,Apartment,2.0,69.0,2026-03-15,,R 2 053 000,,Withdrawn
L101465,Centurion,House,5.0,245.0,2023-10-24,2024-01-18,"R4,740,000","R4,740,000",Sold
L104095,Menlo Park,Apartment,1.0,50.0,2026-02-12,2026-03-01,"R1,314,000",R 1 295 000,Sold
L105476,Groenkloof,House,4.0,234.0,2025-07-31,2025-08-27,"R6,895,000",R 6 501 000,Sold
L104940,Bryanston,Apartment,1.0,78.0,2023-10-12,2023-11-13,2061000,"R1,920,000",Sold
L100115,Bryanston,Apartment,1.0,65.0,2026-01-09,2026-03-08,R 1 847 000.00,R 1 830 000,Sold
L101821,Faerie Glen,Apartment,2.0,135.0,2024-09-08,2025-01-01,2414000,2380000,Sold
L101494,Lynnwood,Townhouse,1.0,106.0,2026-04-08,2026-05-14,R 2 201 000,"R2,185,000",Sold
L102401,Rooihuiskraal,House,,266.0,2025-10-02,2025-11-23,R 4 448 000.00,"R4,311,000",Sold
L103874,Sandton,House,6.0,427.0,2024-08-15,,R 15 374 000.00,,Withdrawn
L101232,Groenkloof,House,2.0,155.0,2023-05-15,2023-06-18,R 2 733 000.00,2732000,Sold
L102661,Lynnwood,House,6.0,725.0,2023-11-13,2023-12-14,"R14,451,000","R14,451,000",Sold
L102817,Irene,Apartment,2.0,75.0,2023-05-22,2023-06-06,R 1 239 000.00,1230000,Sold
L101195,Groenkloof,Townhouse,2.0,195.0,2024-05-28,2024-06-24,3787000,R 3 787 000.00,Sold
L105584,Centurion,Apartment,3.0,178.0,2024-11-19,2025-01-17,R 2 561 000,2496000,Sold
L101153,Groenkloof,Apartment,2.0,70.0,2024-05-28,2024-07-07,1435000,"R1,341,000",Sold
L103909,Bryanston,Apartment,1.0,89.0,2026-03-29,2026-04-09,"R2,944,000",R 2 849 000.00,Sold
L104850,Groenkloof,House,4.0,268.0,2025-09-01,2025-11-11,"R6,650,000",R 6 158 000.00,Sold
L105430,Menlo Pk,House,2.0,144.0,2025-06-05,2025-07-11,R 4 285 000.00,"R4,251,000",Sold
L100057,Irene,Apartment,1.0,125.0,2024-02-23,2024-04-23,R 2 034 000,R 1 959 000,Sold
L102653,Centurion,House,6.0,453.0,2026-01-08,2026-04-23,R 10 047 000,9640000,Sold
L103883,Lynnwood,House,3.0,195.0,2024-02-21,2024-04-13,R 4 291 000.00,R 4 218 000.00,Sold
L103061,Lynnwood,Townhouse,2.0,120.0,2025-08-12,2025-08-24,"R2,244,000",2244000,Sold
L105221,Irene,Apartment,1.0,93.0,2023-01-15,2023-02-16,R 1 490 000.00,R 1 483 000.00,Sold
L103164,Irene,House,2.0,191.0,2026-02-28,2026-05-08,R 4 323 000.00,4058000,Sold
L101735,Centurion,House,3.0,223.0,2025-04-07,2025-04-26,R 4 722 000.00,"R4,529,000",Sold
L102823,SANDTON,Apartment,1.0,83.0,2023-10-13,2023-11-05,2718000,"R2,703,000",Sold
L104520,Waterkloof,Townhouse,4.0,292.0,2026-03-30,2026-04-25,9190000,R 9 190 000.00,Sold
L102475,Waterkloof,House,4.0,221.0,2025-03-24,2025-04-08,"R7,157,000","R7,010,000",Sold
L102564,Irene,House,3.0,174.0,2024-06-30,2024-09-24,"R2,893,000",R 2 893 000.00,Sold
L105146,Bryanston,House,2.0,161.0,2023-08-09,2023-09-18,"R3,996,000","R3,994,000",Sold
L105832,Menlo Park,Apartment,3.0,134.0,2025-04-05,2025-04-18,R 3 310 000.00,3231000,Sold
L100707,Rooihuiskraal,House,3.0,176.0,2025-01-22,2025-03-14,2456000,R 2 353 000,Sold
L103046,Lynnwood,House,5.0,311.0,2024-10-26,,6517000,,Withdrawn
L105212,Sandton,House,4.0,236.0,2025-08-22,2025-09-19,R 8 545 000.00,8511000,Sold
L104661,Sandton,Apartment,1.0,84.0,2023-10-10,2023-11-20,"R2,522,000",2443000,Sold
L100072,Bryanston,House,3.0,197.0,2024-07-27,2024-08-20,"R6,794,000",R 6 733 000.00,Sold
L101190,Lynnwood,House,5.0,282.0,2025-07-01,2025-09-16,R 7 289 000,"R7,266,000",Sold
L102601,Centurion,House,4.0,259.0,2025-03-07,2025-04-20,"R5,368,000","R5,085,000",Sold
L101125,Faerie Glen,Townhouse,2.0,124.0,2025-06-25,2025-08-19,R 2 086 000.00,"R1,988,000",Sold
L101241,Menlo Park,House,6.0,640.0,2025-05-27,2025-07-31,R 14 145 000.00,R 13 569 000.00,Sold
L105477,Lynnwood,Apartment,1.0,73.0,2024-02-28,2024-03-25,"R1,712,000",R 1 712 000.00,Sold
L105041,Groenkloof,House,5.0,294.0,2024-01-17,2024-03-31,R 5 710 000.00,5436000,Sold
L103351,Waterkloof Ridge,House,4.0,342.0,2026-04-24,2026-05-15,R 12 696 000.00,"R12,696,000",Sold
L104008,Groenkloof,House,4.0,284.0,2023-10-10,2023-11-16,R 6 027 000.00,R 6 005 000.00,Sold
L101577,Bryanston,House,2.0,173.0,2025-08-03,2025-09-19,6299000,"R6,250,000",Sold
L103906,Bryanston,House,3.0,215.0,2024-09-25,2024-10-12,R 5 847 000.00,R 5 723 000,Sold
L103729,Rooihuiskraal,Townhouse,3.0,195.0,2023-07-11,2023-08-21,R 2 677 000.00,2460000,Sold
L101343,Irene,House,5.0,301.0,2026-01-27,2026-03-21,"R6,074,000",R 5 802 000,Sold
L103488,Groenkloof,Townhouse,2.0,119.0,2025-10-29,2025-11-04,2294000,2207000,Sold
L100440,BRYANSTON,House,2.0,196.0,2024-04-17,2024-05-09,R 5 697 000.00,R 5 470 000.00,Sold
L101100,Waterkloof,House,3.0,199.0,2024-03-21,2024-04-19,R 5 591 000,R 5 319 000,Sold
L102637,Groenkloof,House,3.0,197.0,2025-07-12,2025-08-31,5125000,R 4 878 000,Sold
L100228,Centurion,House,6.0,448.0,2026-03-11,2026-03-31,R 9 808 000,R 9 808 000.00,Sold
L100649,Waterkloof,House,2.0,130.0,2024-04-27,2024-05-22,3564000,"R3,460,000",Sold
L101546,Brooklyn,House,3.0,297.0,2023-10-30,2023-11-22,6147000,R 5 930 000.00,Sold
L104643,Waterkloof,Townhouse,1.0,77.0,2025-04-17,2025-05-14,R 2 144 000.00,2106000,Sold
L104660,Centurion,House,4.0,237.0,2024-06-30,2024-08-18,R 4 680 000,R 4 678 000,Sold
L102852,Bryanston,House,3.0,167.0,2023-02-06,2023-03-19,4472000,4464000,Sold
L103503,Centurion,House,2.0,165.0,2024-09-27,2024-10-17,R 3 757 000,R 3 592 000,Sold
L104392,Faerie Glen,Apartment,1.0,110.0,2024-09-28,,"R1,742,000",,Withdrawn
L100630,Sandton,Apartment,1.0,,2025-09-05,,2812000,,Withdrawn
L101249,Sandton,Apartment,2.0,121.0,2026-02-15,2026-03-02,4191000,R 4 053 000,Sold
L104168,  faerie glen ,Townhouse,4.0,285.0,2025-11-03,2025-12-07,5698000,R 5 241 000.00,Sold
L100482,Irene,Apartment,1.0,52.0,2024-11-04,2025-01-18,R 806 000.00,R 778 000.00,Sold
L101584,Irene,Apartment,1.0,58.0,2023-08-23,2023-12-07,"R1,059,000",R 1 059 000.00,Sold
L101462,Groenkloof,House,5.0,348.0,2024-12-06,2025-01-07,R 6 873 000,R 6 636 000,Sold
L103040,Menlo Park,House,5.0,291.0,2024-12-03,2024-12-11,7182000,R 7 100 000,Sold
L104697,LYNNWOOD,Apartment,2.0,91.0,2026-04-02,2026-04-27,R 2 501 000.00,"R2,434,000",Sold
L103273,Centurion,Apartment,2.0,70.0,2023-01-09,2023-03-23,R 943 000.00,907000,Sold
L103683,Faerie Glen,House,5.0,322.0,2024-12-27,2025-01-17,5353000,R 5 129 000,Sold
L104145,Brooklyn,Townhouse,2.0,,2024-08-26,2024-09-10,"R2,480,000","R2,421,000",Sold
L104296,Lynnwood,Apartment,1.0,94.0,2025-08-06,2025-09-09,1818000,R 1 756 000.00,Sold
L103225,Rooihuiskraal,Apartment,1.0,57.0,2025-01-16,2025-02-27,831000,R 791 000,Sold
L101072,Lynnwood,House,5.0,369.0,2023-10-13,,8829000,,Withdrawn
L102631,Faerie Glen,House,3.0,189.0,2023-12-27,2024-02-15,R 3 128 000.00,"R2,923,000",Sold
L101660,Groenkloof,House,5.0,319.0,2024-07-28,2024-09-17,R 7 355 000.00,"R7,017,000",Sold
L102425,Centurion,Apartment,1.0,61.0,2024-08-22,,R 1 116 000,,Withdrawn
L105151,Waterkloof,House,3.0,169.0,2023-09-29,2023-10-18,3417000,R 3 327 000.00,Sold
L103097,LYNNWOOD,House,4.0,285.0,2024-01-31,2024-03-09,R 6 611 000,6611000,Sold
L103976,Waterkloof,Apartment,2.0,124.0,2025-09-18,2025-10-16,3272000,3160000,Sold
L105471,Waterkloof,House,3.0,239.0,2023-11-30,2024-01-04,5448000,R 5 448 000.00,Sold
L105806,Centurion,Apartment,2.0,,2025-12-19,2026-01-13,R 1 617 000.00,R 1 577 000,Sold
L104453,Centurion,House,4.0,275.0,2023-01-18,2023-02-02,4384000,R 4 087 000.00,Sold
L104896,  brooklyn ,House,6.0,371.0,2023-10-04,2023-01-01,R 8 278 000,R 8 111 000,Sold
L101408,Bryanston,Apartment,1.0,66.0,2024-05-25,2024-06-19,1581000,1581000,Sold
L101845,Irene,House,1.0,131.0,2023-08-06,2023-10-25,2379000,2379000,Sold
L101798,Faerie Glen,House,3.0,209.0,2024-05-11,2024-07-06,3888000,3716000,Sold
L103957,Sandton,House,5.0,359.0,2026-03-26,2026-05-05,R 12 780 000.00,R 12 412 000.00,Sold
L101475,Faerie Glen,House,2.0,112.0,2026-02-22,2026-03-15,R 1 945 000.00,"R1,841,000",Sold
L100035,Groenkloof,Apartment,1.0,83.0,2026-01-15,2026-03-06,R 1 655 000.00,R 1 555 000.00,Sold
L100444,Brooklyn,House,3.0,197.0,2023-06-26,2023-07-22,R 3 759 000,"R3,616,000",Sold
L102359,Groenkloof,House,4.0,,2026-03-11,2026-04-14,R 6 010 000,R 5 936 000.00,Sold
L103654,Menlo Park,Apartment,1.0,56.0,2025-03-20,,R 1 384 000,,Withdrawn
L103179,Faerie Glen,House,2.0,190.0,2024-09-21,2024-10-19,R 4 017 000,"R3,838,000",Sold
L101286,Lynnwood,Apartment,,67.0,2025-01-05,2025-01-26,R 1 235 000,R 1 168 000,Sold
L104528,Brooklyn,House,5.0,,2024-05-04,2024-06-04,"R10,693,000",R 10 354 000.00,Sold
L103416,Irene,House,3.0,314.0,2026-03-01,2026-03-19,6433000,6183000,Sold
L102137,Rooihuiskraal,House,4.0,272.0,2023-03-13,2023-06-17,R 3 980 000,3747000,Sold
L102636,Lynnwood,House,4.0,183.0,2024-06-03,2024-06-25,4491000,R 4 231 000.00,Sold
L104016,Brooklyn,Apartment,1.0,76.0,2026-01-26,2026-02-17,R 1 757 000.00,R 1 655 000,Sold
L105909,Waterkloof Ridge,Apartment,1.0,70.0,2025-06-01,2025-07-23,"R2,049,000","R2,022,000",Sold
L101681,Bryanston,Apartment,1.0,123.0,2024-11-19,2025-01-18,R 3 306 000,3090000,Sold
L104440,Waterkloof,House,2.0,169.0,2024-03-16,2024-04-01,R 4 331 000,"R4,195,000",Sold
L101692,Brooklyn,House,5.0,288.0,2024-09-11,2024-09-19,6720000,"R6,720,000",Sold
L104507,GROENKLOOF,House,3.0,255.0,2023-01-19,2023-01-29,5115000,"R5,106,000",Sold
L104866,Brooklyn,House,3.0,260.0,2023-06-05,2023-07-17,"R5,342,000",5318000,Sold
L103635,Waterkloof,House,3.0,197.0,2025-10-15,2025-12-11,5387000,5387000,Sold
L100372,Menlo Park,Townhouse,3.0,218.0,2023-06-21,2023-07-22,R 4 065 000,"R4,065,000",Sold
L104691,Brooklyn,House,6.0,448.0,2024-04-16,2024-04-27,"R9,714,000",R 9 714 000,Sold
L100140,Faerie Glen,House,3.0,194.0,2026-01-22,2026-04-22,R 3 697 000,R 3 544 000,Sold
L105698,Bryanston,Apartment,1.0,106.0,2024-05-29,2024-06-15,2683000,"R2,666,000",Sold
L105021,Bryanston,Townhouse,2.0,156.0,2026-03-07,2026-06-15,"R5,062,000",4913000,Sold
L100714,Rooihuiskraal,Apartment,1.0,72.0,2023-01-12,2023-02-21,"R997,000",R 921 000,Sold
L103188,Waterkloof Ridge,Apartment,1.0,78.0,2024-11-24,2025-01-07,"R2,153,000",R 2 153 000,Sold
L105396,Menlo Park,Apartment,1.0,83.0,2026-01-21,2026-03-05,R 1 947 000,"R1,927,000",Sold
L104269,Rooihuiskraal,House,3.0,187.0,2025-05-27,2025-07-28,3077000,2985000,Sold
L100406,Brooklyn,Townhouse,4.0,217.0,2024-08-20,2024-10-04,R 5 619 000,R 5 215 000.00,Sold
L100020,Rooihuiskraal,Townhouse,4.0,236.0,2025-03-23,2025-04-20,R 4 880 000,R 4 624 000.00,Sold
L101004,Centurion,Townhouse,3.0,204.0,2023-07-05,2023-09-09,R 3 893 000,3879000,Sold
L102411,Sandton,House,3.0,204.0,2024-05-25,2024-07-04,"R6,185,000","R5,683,000",Sold
L102545,Menlo Park,House,3.0,141.0,2025-12-20,2026-01-17,R 3 198 000,R 2 960 000.00,Sold
L102390,Irene,Apartment,2.0,121.0,2025-09-08,2025-11-07,2692000,R 2 634 000.00,Sold
L105998,Bryanston,Apartment,1.0,70.0,2025-06-19,,R 1 970 000,,Withdrawn
L100042,Centurion,Apartment,2.0,118.0,2024-02-29,2024-04-17,R 1 987 000.00,R 1 975 000,Sold
L102830,Brooklyn,House,4.0,244.0,2026-01-19,2026-02-19,R 5 726 000,"R5,726,000",Sold
L103371,Waterkloof,House,4.0,185.0,2023-07-24,2023-08-15,R 4 690 000.00,"R4,658,000",Sold
L103022,Lynnwood,Townhouse,3.0,243.0,2025-07-28,2025-08-12,R 5 399 000.00,"R4,864,000",Sold
L103364,Menlo Park,Apartment,1.0,,2023-06-08,2023-06-18,1297000,R 1 274 000.00,Sold
L100011,SANDTON,Apartment,1.0,99.0,2023-11-07,2023-12-03,"R2,485,000",R 2 339 000,Sold
L101177,MENLO PARK,Townhouse,1.0,112.0,2024-09-04,2024-09-17,"R2,297,000",2297000,Sold
L101947,Sandton,House,3.0,187.0,2025-10-22,2025-12-02,R 5 833 000,5806000,Sold
L102501,Centurion,Apartment,1.0,104.0,2025-07-14,2025-07-24,2161000,R 2 132 000,Sold
L102863,Waterkloof Ridge,Apartment,2.0,131.0,2024-06-13,2024-07-31,R 3 053 000,R 3 053 000,Sold
L103865,Menlo Park,House,3.0,183.0,2024-12-08,2024-12-17,R 4 256 000,4159000,Sold
L101026,Sandton,Apartment,1.0,108.0,2023-06-25,2023-07-04,"R3,019,000",R 2 973 000,Sold
L103848,Brooklyn,House,,159.0,2025-08-02,2025-08-14,4058000,3988000,Sold
L102989,Irene,House,5.0,318.0,2025-01-22,2025-02-26,R 6 943 000.00,R 6 488 000,Sold
L100961,Lynnwood,House,5.0,317.0,2025-11-11,2025-12-18,"R6,837,000","R6,758,000",Sold
L102889,Waterkloof Ridge,House,3.0,236.0,2024-05-05,2024-05-30,R 7 565 000.00,R 6 943 000.00,Sold
L103015,Centurion,Apartment,1.0,,2025-08-08,2025-09-02,1389000,R 1 317 000.00,Sold
L103338,Brooklyn,Apartment,2.0,94.0,2023-02-22,2023-04-06,"R1,688,000",R 1 687 000.00,Sold
L104310,Faerie Glen Ext,House,2.0,166.0,2025-08-29,2025-09-15,3281000,"R3,006,000",Sold
L100735,CENTURION,Townhouse,5.0,250.0,2023-09-17,2023-11-29,"R4,731,000",4577000,Sold
L101440,Brooklyn,Townhouse,2.0,153.0,2025-09-23,2025-10-06,R 3 515 000,R 3 354 000.00,Sold
L102875,GROENKLOOF,House,4.0,271.0,2024-01-02,,R 6 365 000,,Withdrawn
L103986,Brooklyn,Apartment,2.0,95.0,2025-10-17,2025-11-19,R 2 098 000,R 2 011 000.00,Sold
L100916,Waterkloof,House,5.0,265.0,2024-01-13,2024-02-20,"R7,033,000",6662000,Sold
L105099,Bryanston,House,3.0,224.0,2023-01-27,2023-04-11,"R5,806,000",5806000,Sold
L104089,Groenkloof,House,3.0,257.0,2025-09-17,,"R5,899,000",,Withdrawn
L105648,Lynnwood,House,2.0,161.0,2023-10-20,2023-11-18,"R3,438,000",R 3 391 000.00,Sold
L104772,Waterkloof,House,4.0,283.0,2025-07-23,2025-09-21,R 8 078 000.00,R 8 078 000,Sold
L102772,Bryanston,Apartment,1.0,131.0,2025-01-06,2025-02-28,R 3 238 000.00,R 3 150 000,Sold
L101624,Lynnwood,House,5.0,359.0,2024-07-12,,"R8,328,000",,Withdrawn
L100308,Brooklyn,House,3.0,162.0,2025-02-18,2025-03-08,R 4 099 000.00,3974000,Sold
L100821,Irene,Townhouse,2.0,134.0,2025-04-10,2025-07-20,2432000,2335000,Sold
L101367,Waterkloof Ridge,Apartment,1.0,96.0,2023-06-23,2023-08-02,R 2 704 000.00,2676000,Sold
L103712,SANDTON,Apartment,2.0,68.0,2023-06-18,2023-09-19,"R1,841,000","R1,797,000",Sold
L105495,Brooklyn,House,5.0,372.0,2024-07-18,2024-08-14,R 8 625 000,R 8 397 000.00,Sold
L100850,GROENKLOOF,Townhouse,1.0,137.0,2025-07-25,2025-09-22,"R3,305,000",3138000,Sold
L101000,Waterkloof,Apartment,2.0,85.0,2026-01-12,2026-01-29,R 2 171 000.00,2171000,Sold
L105321,Centurion,House,4.0,264.0,2025-02-23,2025-03-17,R 5 683 000,R 5 683 000,Sold
L104114,Rooihuiskraal,House,2.0,145.0,2024-03-05,,R 2 663 000.00,,Withdrawn
L101637,Sandton,Townhouse,2.0,168.0,2023-12-23,2024-01-24,R 6 091 000,5878000,Sold
L101667,Brooklyn,House,3.0,166.0,2023-07-10,2023-08-18,R 3 841 000,"R3,550,000",Sold
L103173,Sandton,House,,251.0,2024-07-27,2024-09-04,"R8,090,000",R 7 936 000,Sold
L104647,Groenkloof,Apartment,1.0,93.0,2024-02-13,2024-03-25,R 1 632 000.00,R 1 564 000,Sold
L101347,Menlo Park,House,1.0,165.0,2025-01-07,2025-02-12,"R4,490,000",R 4 304 000.00,Sold
L104769,Centurion,Apartment,2.0,113.0,2023-03-01,,1583000,,Withdrawn
L103230,Lynnwood,House,3.0,165.0,2023-08-10,2023-10-12,R 3 137 000,R 3 030 000.00,Sold
L104290,Waterkloof,House,4.0,285.0,2025-11-07,2025-12-30,R 8 406 000,R 8 138 000.00,Sold
L104693,BRYANSTON,House,3.0,222.0,2023-01-14,2023-02-05,5596000,R 5 388 000,Sold
L103232,Faerie Glen,Apartment,1.0,87.0,2025-09-16,2025-10-13,R 1 535 000.00,R 1 504 000.00,Sold
L104998,Menlo Park,House,3.0,174.0,2023-03-02,2023-04-15,"R3,754,000","R3,486,000",Sold
L100703,Bryanston,House,2.0,146.0,2024-09-03,2024-10-13,R 4 326 000,R 4 143 000,Sold
L104871,Brooklyn,House,4.0,268.0,2025-07-29,2025-08-22,"R5,924,000","R5,924,000",Sold
L103291,Centurion,Apartment,2.0,97.0,2025-08-23,2025-10-02,1882000,R 1 733 000,Sold
L103673,Menlo Park,House,6.0,489.0,2025-09-07,2025-09-27,R 10 470 000,"R10,470,000",Sold
L102408,Menlo Park,Townhouse,5.0,277.0,2025-09-13,2025-10-14,R 6 878 000,R 6 878 000,Sold
L101327,Irene,House,4.0,219.0,2025-05-02,2025-07-01,"R4,604,000","R4,542,000",Sold
L105694,Centurion,House,5.0,454.0,2026-04-21,2026-08-04,R 9 638 000,R 9 393 000,Sold
L105008,Centurion,House,4.0,269.0,2023-07-27,,R 4 106 000,,Withdrawn
L105105,Lynnwood,House,2.0,201.0,2024-05-29,2024-07-02,R 4 612 000.00,R 4 243 000,Sold
L100986,Menlo Park,Apartment,1.0,91.0,2026-01-04,2026-01-28,R 1 964 000.00,1859000,Sold
L105546,Sandton,Apartment,1.0,52.0,2023-01-01,2023-02-10,R 1 275 000.00,R 1 229 000,Sold
L105253,Rooihuiskraal,House,4.0,292.0,2025-07-14,2025-07-30,R 4 281 000,R 4 230 000,Sold
L105061,Groenkloof,Apartment,1.0,80.0,2023-09-15,2023-11-03,"R1,327,000",R 1 193 000.00,Sold
L104049,Centurion,Apartment,2.0,122.0,2024-11-08,,R 2 021 000.00,,Withdrawn
L103485,Centurion,House,5.0,308.0,2025-02-04,2025-04-08,R 5 207 000.00,"R4,929,000",Sold
L102474,Menlo Park,House,3.0,215.0,2024-04-03,2024-05-25,R 4 706 000.00,4541000,Sold
L103873,Waterkloof Ridge,House,4.0,210.0,2025-11-01,2025-12-02,"R6,930,000",R 6 701 000,Sold
L101198,  brooklyn ,Apartment,2.0,132.0,2025-11-06,2025-12-13,"R3,478,000","R3,341,000",Sold
L104181,Waterkloof Ridge,Apartment,2.0,149.0,2024-08-23,2024-10-02,"R4,621,000",4597000,Sold
L101518,Groenkloof,House,3.0,145.0,2025-01-16,2025-02-22,2655000,"R2,455,000",Sold
L101799,Irene,House,3.0,,2024-03-01,2024-06-02,R 3 845 000,"R3,699,000",Sold
L101014,Menlo Park,House,3.0,210.0,2026-03-11,,R 5 515 000,,Withdrawn
L100128,Waterkloof Ridge,House,3.0,199.0,2023-05-21,2023-06-18,5194000,5086000,Sold
L101364,Lynnwood,House,3.0,234.0,2026-03-31,2026-05-11,5622000,5622000,Sold
L104698,Faerie Glen,Apartment,4.0,202.0,2023-03-11,2023-05-03,2828000,2745000,Sold
L100891,Sandton,House,2.0,284.0,2023-07-18,2023-09-14,R 8 198 000.00,"R8,096,000",Sold
L102793,  sandton ,Apartment,1.0,70.0,2023-06-17,2023-07-01,2110000,"R2,084,000",Sold
L105130,Brooklyn,House,4.0,365.0,2023-04-14,2023-04-28,"R6,643,000",R 6 387 000,Sold
L105826,Centurion,House,3.0,158.0,2024-03-17,2024-04-02,"R3,336,000",R 3 328 000.00,Sold
L105238,Lynnwood,Apartment,3.0,95.0,2024-09-02,2024-09-06,2009000,1977000,Sold
L103249,Lynnwood,Apartment,2.0,104.0,2023-02-26,2023-03-28,R 1 861 000,"R1,794,000",Sold
L101208,Brooklyn,House,1.0,88.0,2023-01-08,2023-01-28,R 1 902 000.00,1893000,Sold
L103868,Irene,House,2.0,236.0,2024-11-17,2025-01-05,"R4,301,000","R4,188,000",Sold
L104065,Rooihuiskraal,Townhouse,3.0,189.0,2023-10-18,2023-11-10,R 2 326 000.00,"R2,195,000",Sold
L100787,Menlo Park,Apartment,2.0,91.0,2023-03-08,2023-03-29,1608000,R 1 533 000.00,Sold
L101239,Waterkloof Ridge,Apartment,2.0,144.0,2026-04-10,2026-04-20,R 4 330 000.00,R 4 330 000,Sold
L102289,Brooklyn,House,3.0,228.0,2024-05-05,2024-06-15,4986000,R 4 883 000,Sold
L102740,Waterkloof Ridge,House,4.0,283.0,2025-03-02,2025-04-07,R 9 830 000.00,R 9 754 000,Sold
L100275,Lynnwood,Apartment,2.0,94.0,2025-07-01,,2045000,,Withdrawn
L101035,Centurion,Apartment,1.0,63.0,2024-02-02,2024-02-25,"R950,000",R 919 000.00,Sold
L101229,Waterkloof,Townhouse,1.0,140.0,2023-07-12,2023-08-10,4209000,"R4,052,000",Sold
L101008,  centurion ,House,5.0,321.0,2023-05-26,2023-07-01,R 5 672 000.00,R 5 672 000,Sold
L103828,Sandton,House,5.0,287.0,2026-02-15,2026-04-01,R 10 721 000,R 9 990 000.00,Sold
L102532,Centurion,House,3.0,206.0,2025-11-17,2025-12-22,4681000,"R4,461,000",Sold
L101058,Faerie Glen,Apartment,2.0,87.0,2025-05-23,2025-06-11,"R1,621,000","R1,534,000",Sold
L104535,Waterkloof Ridge,House,2.0,186.0,2025-10-23,2025-12-11,6191000,5626000,Sold
L100281,Groenkloof,House,5.0,435.0,2024-04-12,2024-06-17,"R8,649,000",R 8 649 000.00,Sold
L101043,Centurion,House,,156.0,2024-11-01,2024-12-18,"R3,638,000",R 3 440 000.00,Sold
L101316,Irene,Apartment,2.0,61.0,2024-08-17,2024-10-15,R 1 072 000,R 1 029 000,Sold
L100968,Faerie Glen,Apartment,1.0,55.0,2025-05-18,2025-06-19,R 926 000.00,R 886 000.00,Sold
L102381,Brooklyn,Apartment,2.0,105.0,2023-12-09,2024-02-05,2152000,1991000,Sold
L104877,Centurion,House,2.0,187.0,2024-03-27,2024-04-30,R 3 281 000,3103000,Sold
L101939,Waterkloof,Apartment,1.0,68.0,2024-03-24,2024-05-07,"R1,901,000",1852000,Sold
L105529,Bryanston,Apartment,1.0,58.0,2023-09-06,,R 1 499 000,,Withdrawn
L101274,Waterkloof Ridge,Apartment,1.0,83.0,2025-05-02,2025-06-03,"R2,091,000",2052000,Sold
L100619,Waterkloof,House,4.0,184.0,2024-03-02,2024-03-26,R 4 579 000,R 4 457 000.00,Sold
L104434,Irene,House,3.0,213.0,2023-05-17,2023-07-12,"R3,635,000",R 3 452 000,Sold
L101742,Waterkloof,Apartment,1.0,83.0,2023-08-26,2023-09-15,R 2 040 000,R 1 998 000.00,Sold
L101390,  sandton ,House,3.0,199.0,2023-03-26,2023-05-23,"R6,172,000",6172000,Sold
L105355,Sandton,House,2.0,,2025-05-25,,6076000,,Withdrawn
L101579,Bryanston,House,2.0,234.0,2023-11-24,2024-02-23,"R6,530,000",R 6 129 000.00,Sold
L101655,Lynnwood,Apartment,1.0,39.0,2023-07-14,2023-07-26,"R827,000",816000,Sold
L103568,Bryanston,House,3.0,199.0,2023-11-17,2024-01-06,R 5 680 000.00,5643000,Sold
L102352,Brooklyn,Apartment,1.0,126.0,2023-03-10,,2453000,,Withdrawn
L102212,Bryanston,Apartment,2.0,137.0,2024-05-24,2024-06-20,3420000,R 3 290 000,Sold
L100233,Irene,House,,144.0,2024-04-09,2024-06-06,"R3,380,000",R 3 193 000,Sold
L103178,Waterkloof,Apartment,,86.0,2023-09-02,2023-09-08,1789000,R 1 698 000,Sold
L103192,Faerie Glen,House,2.0,139.0,2026-04-26,2026-05-23,R 3 058 000,2989000,Sold
L101307,Centurion,Apartment,2.0,40.0,2025-03-19,2025-05-14,R 723 000,693000,Sold
L100575,Faerie Glen Ext,Apartment,1.0,71.0,2025-07-25,2025-09-07,"R1,353,000",R 1 353 000,Sold
L102360,Bryanston,House,3.0,184.0,2025-02-26,2025-03-31,R 4 780 000.00,R 4 780 000.00,Sold
L101280,Menlo Park,Apartment,1.0,82.0,2025-02-22,2025-03-13,"R1,695,000","R1,646,000",Sold
L105391,Menlo Park,House,4.0,402.0,2025-05-01,2025-06-13,R 10 170 000,R 10 170 000,Sold
L105058,  irene ,Townhouse,1.0,127.0,2025-02-20,2025-04-04,R 2 791 000,"R2,535,000",Sold
L101993,Waterkloof,Apartment,1.0,58.0,2025-12-13,2025-12-24,"R1,726,000","R1,661,000",Sold
L102639,Groenkloof,House,4.0,355.0,2023-02-19,2023-05-03,R 6 783 000.00,R 6 606 000,Sold
L100269,Waterkloof,House,3.0,186.0,2025-11-23,2025-12-25,R 5 421 000.00,R 5 421 000.00,Sold
L100629,Rooihuiskraal,Apartment,1.0,130.0,2025-03-30,2025-05-23,1901000,1882000,Sold
L104527,  centurion ,Apartment,1.0,98.0,2023-04-04,2023-05-08,1520000,R 1 496 000,Sold
L103081,Waterkloof Ridge,House,3.0,164.0,2023-05-13,2023-06-15,"R4,366,000",R 4 085 000.00,Sold
L103466,Irene,House,4.0,192.0,2025-02-02,2025-02-16,3985000,3878000,Sold
L105333,Groenkloof,House,2.0,148.0,2023-03-09,2023-04-09,"R2,833,000",R 2 833 000,Sold
L104023,Sandton,Townhouse,1.0,159.0,2024-06-28,2024-08-09,R 4 650 000.00,4564000,Sold
L102046,Lynnwood,Apartment,1.0,105.0,2024-12-28,2025-02-14,R 1 827 000.00,"R1,827,000",Sold
L104837,WATERKLOOF,Apartment,1.0,75.0,2024-05-17,2024-06-23,"R1,873,000","R1,873,000",Sold
L102113,Irene,Apartment,2.0,83.0,2023-02-01,2023-02-18,"R1,398,000","R1,319,000",Sold
L100027,Waterkloof,House,2.0,131.0,2023-03-15,2023-04-26,"R3,122,000",R 2 999 000,Sold
L102040,Brooklyn,House,4.0,267.0,2023-07-11,2023-08-15,R 5 523 000.00,"R5,413,000",Sold
L103928,Waterkloof Ridge,Apartment,1.0,56.0,2025-01-15,2025-03-01,R 1 618 000.00,R 1 554 000,Sold
L105526,Brooklyn,House,6.0,452.0,2024-03-18,2024-05-04,R 8 305 000.00,"R8,114,000",Sold
L103216,Menlo Park,Townhouse,4.0,236.0,2026-01-26,2026-03-19,R 5 102 000.00,R 5 102 000.00,Sold
L103814,Lynnwood,Townhouse,2.0,86.0,2024-10-18,2024-11-14,R 1 699 000,R 1 668 000,Sold
L100129,Irene,House,2.0,183.0,2024-01-31,2024-02-29,"R2,720,000",2618000,Sold
L105327,Sandton,House,4.0,270.0,2024-09-14,2024-10-29,R 8 269 000.00,R 8 013 000,Sold
L100156,Brooklyn,House,2.0,193.0,2023-08-11,2023-08-21,3980000,R 3 933 000.00,Sold
L100013,Bryanston,Apartment,1.0,81.0,2023-10-14,2023-10-29,R 2 024 000.00,"R1,916,000",Sold
L105239,Irene,House,3.0,,2023-06-25,2023-07-27,R 4 090 000.00,"R3,970,000",Sold
L101525,Groenkloof,House,5.0,287.0,2024-06-03,2024-07-05,R 6 815 000,R 6 815 000,Sold
L102365,CENTURION,Townhouse,2.0,151.0,2023-07-19,2023-08-09,2384000,R 2 382 000.00,Sold
L103052,Centurion,Townhouse,2.0,135.0,2025-01-01,2025-02-10,R 2 760 000.00,2693000,Sold
L104005,Groenkloof,House,2.0,182.0,2025-04-02,,R 3 848 000.00,,Withdrawn
L102340,Groenkloof,House,3.0,173.0,2025-08-15,2025-09-07,R 4 280 000.00,"R4,154,000",Sold
L100374,Groenkloof,House,1.0,112.0,2024-08-20,2024-10-09,2539000,2517000,Sold
L105624,Waterkloof,Apartment,1.0,97.0,2025-01-23,2025-03-19,R 2 560 000.00,2560000,Sold
L105902,Waterkloof Ridge,House,4.0,215.0,2024-11-07,2024-12-02,"R6,320,000","R6,320,000",Sold
L100939,Waterkloof Ridge,House,6.0,428.0,2023-09-16,2023-10-05,R 13 324 000.00,12643000,Sold
L105905,Bryanston,Apartment,,88.0,2024-07-09,2024-09-18,R 2 553 000,R 2 486 000,Sold
L102147,Sandton,House,2.0,116.0,2023-10-23,2023-11-16,"R3,628,000","R3,613,000",Sold
L103591,Menlo Park,House,2.0,132.0,2025-02-12,2025-04-14,R 3 273 000.00,R 2 914 000,Sold
L105549,Lynnwood,Apartment,1.0,75.0,2025-10-07,2025-11-02,"R1,764,000",1695000,Sold
L105138,Brooklyn,House,2.0,169.0,2026-03-12,2026-04-25,R 3 868 000.00,R 3 755 000,Sold
L103623,Bryanston,Apartment,1.0,104.0,2025-05-04,2025-07-13,"R3,475,000",3393000,Sold
L100529,MENLO PARK,House,4.0,304.0,2025-05-26,2025-07-08,"R6,313,000",R 5 754 000.00,Sold
L103714,Bryanston,House,3.0,,2026-03-11,2026-03-23,7039000,R 6 922 000.00,Sold
L101269,Faerie  Glen,House,4.0,352.0,2023-04-29,2023-06-04,R 5 286 000,R 4 970 000,Sold
L104281,Menlo Park,Apartment,1.0,81.0,2024-09-07,2024-09-26,R 1 753 000,1709000,Sold
L101394,Bryanston,Apartment,1.0,156.0,2024-02-11,2024-05-04,R 4 314 000.00,R 4 036 000.00,Sold
L104009,Irene,House,1.0,110.0,2023-02-17,2023-04-26,R 1 746 000.00,R 1 746 000.00,Sold
L101797,  brooklyn ,Apartment,1.0,82.0,2025-08-18,,1754000,,Withdrawn
L102979,Bryanston,Apartment,2.0,118.0,2026-04-20,2026-06-15,"R3,737,000","R3,737,000",Sold
L101441,Waterkloof,Apartment,1.0,82.0,2023-12-25,2024-01-05,"R1,574,000",R 1 548 000,Sold
L104568,Faerie Glen,House,4.0,264.0,2026-04-27,2026-05-25,"R5,098,000",R 5 057 000,Sold
L105964,CENTURION,House,3.0,219.0,2024-02-02,2024-03-16,R 3 396 000,"R3,396,000",Sold
L103811,Waterkloof Ridge,House,3.0,,2026-02-11,2026-03-21,R 6 814 000,R 6 814 000.00,Sold
L101273,Irene,House,4.0,240.0,2023-01-12,2023-03-08,R 4 662 000.00,4449000,Sold
L101712,Sandton,House,4.0,218.0,2023-10-23,2024-01-18,R 5 933 000,5788000,Sold
L100955,Bryanston,House,3.0,231.0,2024-11-21,2024-12-02,R 6 889 000,"R6,889,000",Sold
L104525,Faerie Glen,House,3.0,192.0,2023-09-04,2023-10-08,3211000,3072000,Sold
L104885,BRYANSTON,House,3.0,127.0,2023-06-02,2023-09-04,3764000,"R3,551,000",Sold
L105404,Faerie Glen,Apartment,2.0,109.0,2024-09-14,2024-10-29,1813000,1698000,Sold
L100403,Waterkloof Ridge,House,2.0,138.0,2025-07-01,2025-07-22,4421000,R 4 235 000.00,Sold
L102071,Lynnwood,House,5.0,263.0,2025-04-26,2025-05-22,6417000,R 6 414 000.00,Sold
L105812,Centurion,Townhouse,2.0,12000.0,2025-05-16,2025-07-07,R 1 840 000.00,"R1,827,000",Sold
L101977,Sandton,Townhouse,3.0,172.0,2025-02-01,2025-04-03,6743000,R 6 371 000,Sold
L100158,Centurion,House,4.0,246.0,2024-09-09,2024-11-01,5426000,5339000,Sold
L103888,Sandton,House,3.0,168.0,2023-01-18,2023-02-18,4400000,R 4 063 000,Sold
L100902,WATERKLOOF,Apartment,1.0,50.0,2024-06-23,2024-07-01,R 1 284 000,"R1,177,000",Sold
L100352,  irene ,Apartment,1.0,83.0,2024-05-09,2024-08-20,"R1,347,000",1289000,Sold
L104130,Centurion,Apartment,1.0,58.0,2023-12-18,2024-02-03,"R1,076,000",R 1 025 000,Sold
L100754,Centurion,House,4.0,299.0,2024-11-04,2024-11-13,R 6 595 000.00,6092000,Sold
L102971,Centurion,House,5.0,334.0,2025-11-26,2025-12-24,R 6 363 000.00,6101000,Sold
L102864,Lynnwood,House,3.0,286.0,2025-12-30,2026-01-24,R 6 471 000,R 6 231 000,Sold
L102920,  sandton ,House,1.0,116.0,2023-12-07,2024-01-08,R 3 289 000.00,R 3 074 000,Sold
L100311,Lynnwood,Apartment,2.0,105.0,2023-05-07,2023-07-02,R 1 897 000,1885000,Sold
L100661,Bryanston,Townhouse,2.0,152.0,2023-11-23,2024-01-15,R 3 403 000.00,3201000,Sold
L101989,Groenkloof,Apartment,1.0,62.0,2025-09-02,2025-10-15,R 1 162 000,R 1 109 000.00,Sold
L103665,Lynnwood,Apartment,1.0,89.0,2024-06-03,2024-06-25,R 2 007 000,R 2 007 000,Sold
L100306,Menlo Park,Apartment,1.0,59.0,2024-06-27,2024-08-15,R 1 140 000,"R1,095,000",Sold
L102335,Centurion,Apartment,1.0,78.0,2024-01-04,2024-02-01,R 1 454 000,R 1 417 000.00,Sold
L102356,Faerie Glen,Apartment,2.0,82.0,2023-11-08,2024-01-10,R 1 460 000,R 1 304 000,Sold
L103702,Irene,Townhouse,2.0,112.0,2024-12-09,2025-01-09,R 2 299 000,R 2 282 000,Sold
L103804,Waterkloof,House,3.0,212.0,2024-11-11,,4933000,,Withdrawn
L101927,Centurion,House,4.0,248.0,2025-07-22,2025-10-31,5600000,5490000,Sold
L103427,Bryanston,House,6.0,364.0,2024-04-13,2024-05-27,11385000,R 11 094 000,Sold
L100749,  bryanston ,Apartment,1.0,85.0,2023-08-10,2023-08-30,R 2 309 000.00,R 2 200 000,Sold
L103638,Rooihuiskraal,Apartment,2.0,64.0,2023-01-12,2023-05-06,R 997 000.00,944000,Sold
L104443,Sandton,Apartment,1.0,120.0,2024-01-22,2024-04-07,R 3 702 000,R 3 702 000,Sold
L101266,Groenkloof,House,3.0,202.0,2025-11-04,2025-12-09,R 4 549 000.00,4549000,Sold
L105314,Menlo Park,House,4.0,289.0,2026-04-28,2026-05-28,R 7 245 000,"R7,186,000",Sold
L105402,Menlo  Park,House,5.0,379.0,2023-05-17,2023-06-30,R 8 768 000.00,8667000,Sold
L103595,Sandton,House,3.0,175.0,2024-04-20,2024-07-02,6004000,"R5,889,000",Sold
L102134,Faerie Glen,House,4.0,258.0,2025-06-17,2025-07-23,R 4 691 000,R 4 609 000,Sold
L104109,Faerie Glen,House,6.0,427.0,2024-04-27,2024-06-13,"R6,797,000",R 6 393 000.00,Sold
L100514,Menlo Park,House,4.0,297.0,2025-10-27,2025-11-20,R 7 277 000,7152000,Sold
L105466,Rooihuiskraal,House,6.0,549.0,2025-08-07,2025-09-26,R 8 527 000,"R8,103,000",Sold
L100409,Sandton,House,5.0,254.0,2024-09-23,2024-11-10,9257000,8675000,Sold
L104558,Waterkloof,Apartment,1.0,100.0,2025-03-22,2025-04-28,R 2 471 000.00,R 2 471 000.00,Sold
L104103,Brooklyn,Apartment,1.0,84.0,2025-10-12,2025-12-17,2275000,R 2 218 000.00,Sold
L100964,Sandton,House,6.0,370.0,2025-09-25,2025-10-11,12636000,R 12 179 000,Sold
L105946,Waterkloof,House,3.0,260.0,2025-09-17,,"R9,080,000",,Withdrawn
L100207,Centurion,House,3.0,193.0,2024-12-30,2025-01-21,R 3 533 000.00,"R3,369,000",Sold
L100458,Rooihuiskraal,House,3.0,221.0,2025-02-22,2025-03-14,4365000,4286000,Sold
L102054,Menlo Park,Townhouse,3.0,186.0,2023-06-08,2023-09-07,R 3 550 000,3528000,Sold
L102430,Bryanston,House,4.0,333.0,2023-09-20,2023-10-02,R 10 147 000.00,R 10 147 000.00,Sold
L100250,  centurion ,Apartment,2.0,95.0,2023-08-13,2023-11-06,R 1 529 000,R 1 494 000.00,Sold
L105216,Menlo Park,Townhouse,1.0,156.0,2024-05-25,2024-06-17,R 3 468 000,R 3 468 000,Sold
L101107,Lynnwood,Apartment,2.0,153.0,2024-09-06,2024-10-08,3212000,R 3 175 000.00,Sold
L104957,Brooklyn,Apartment,1.0,50.0,2023-02-27,2023-03-26,R 1 088 000.00,"R1,088,000",Sold
L101713,Bryanston,House,5.0,355.0,2023-02-16,2023-03-11,R 9 602 000.00,R 9 602 000,Sold
L103911,Lynnwood,Apartment,2.0,104.0,2025-02-03,,R 2 138 000.00,,Withdrawn
L100715,Groenkloof,Apartment,1.0,68.0,2023-10-17,,"R1,276,000",,Withdrawn
L100552,Groenkloof,Apartment,1.0,84.0,2024-02-18,2024-02-28,1495000,R 1 434 000,Sold
L101439,Sandton,Townhouse,1.0,110.0,2023-10-10,2023-11-02,R 3 129 000.00,R 3 066 000.00,Sold
L102270,Irene,House,4.0,305.0,2024-12-21,2025-01-26,R 6 711 000,R 6 515 000.00,Sold
L103144,Bryanston,House,4.0,278.0,2024-03-31,2024-06-02,R 7 891 000,R 7 876 000.00,Sold
L105841,Menlo Park,Apartment,1.0,59.0,2024-07-28,2024-11-06,"R1,326,000",R 1 286 000.00,Sold
L101925,Waterkloof,House,3.0,222.0,2025-08-20,2025-10-11,R 6 825 000.00,R 6 763 000,Sold
L100634,Waterkloof,Apartment,1.0,12000.0,2025-07-15,,R 1 600 000.00,,Withdrawn
L100316,Menlo Park,House,4.0,0.0,2024-09-24,2024-10-28,"R5,043,000",R 4 847 000.00,Sold
L105745,Waterkloof,Townhouse,4.0,230.0,2025-11-21,2025-12-16,6249000,6011000,Sold
L100427,Bryanston,House,6.0,347.0,2025-11-16,2026-02-26,R 10 270 000.00,R 9 700 000,Sold
L104536,Centurion,Apartment,2.0,,2024-02-13,2024-03-27,"R1,556,000",1521000,Sold
L100105,Centurion,Townhouse,3.0,265.0,2023-04-19,2023-05-24,4212000,4124000,Sold
L103041,Sandton,House,3.0,230.0,2025-01-11,2025-02-09,R 6 731 000.00,R 5 797 000.00,Sold
L104238,Faerie Glen,House,3.0,207.0,2024-01-04,2024-01-09,3506000,R 3 281 000.00,Sold
L102169,Faerie Glen,House,3.0,213.0,2024-08-13,2024-09-10,3340000,R 3 170 000.00,Sold
L101709,Brooklyn,Apartment,1.0,92.0,2026-02-06,2026-03-11,R 2 589 000.00,2589000,Sold
L100089,  faerie glen ,Apartment,2.0,82.0,2023-05-28,,1195000,,Withdrawn
L102241,Waterkloof,Townhouse,1.0,182.0,2023-08-13,,R 4 806 000.00,,Withdrawn
L103174,Centurion,Townhouse,3.0,240.0,2023-09-21,2023-10-23,"R4,133,000",3992000,Sold
L104561,Brooklyn,House,4.0,262.0,2024-07-01,2024-08-21,R 5 526 000,R 5 393 000,Sold
L101949,Sandton,Townhouse,2.0,179.0,2023-02-11,2023-03-04,"R4,634,000",4434000,Sold
L104044,Faerie Glen Ext,House,4.0,243.0,2023-09-22,,4535000,,Withdrawn
L102848,Rooihuiskraal,Apartment,2.0,69.0,2024-05-28,2024-06-16,R 1 033 000,953000,Sold
L100001,Lynnwood,House,6.0,445.0,2024-09-21,2024-11-01,8867000,8867000,Sold
L104337,Waterkloof,Townhouse,2.0,,2024-10-22,2024-12-04,3939000,"R3,939,000",Sold
L100935,Groenkloof,Apartment,1.0,75.0,2023-05-22,2023-06-30,1379000,R 1 379 000,Sold
L105230,Rooihuiskraal,House,3.0,217.0,2024-03-22,2024-05-22,R 3 463 000.00,3338000,Sold
L102720,Faerie Glen,Apartment,1.0,67.0,2025-01-07,,R 1 240 000,,Withdrawn
L100591,Lynnwood,Apartment,1.0,55.0,2025-07-17,2025-08-17,R 1 198 000,R 1 198 000.00,Sold
L104581,Rooihuiskraal,House,6.0,393.0,2025-12-09,,R 8 108 000,,Withdrawn
L102936,Menlo Park,House,3.0,224.0,2024-10-08,2024-10-28,5143000,R 5 143 000.00,Sold
L102448,Irene,House,5.0,364.0,2025-10-01,2025-11-10,8361000,7893000,Sold
L101576,Rooihuiskraal,Townhouse,2.0,142.0,2025-03-15,2025-03-28,"R1,993,000",1896000,Sold
L105101,Brooklyn,House,6.0,396.0,2023-12-24,2024-01-14,8229000,R 7 924 000,Sold
L100213,Rooihuiskraal,Apartment,1.0,91.0,2025-04-27,2025-05-07,R 1 360 000.00,R 1 342 000,Sold
L100778,Rooihuiskraal,House,3.0,165.0,2024-09-19,2024-11-02,"R2,832,000",R 2 560 000,Sold
L103496,Centurion,House,2.0,191.0,2025-07-29,2025-11-26,"R4,388,000",R 4 388 000,Sold
L104792,Brooklyn,House,6.0,346.0,2024-12-15,2024-12-23,R 7 915 000.00,R 7 548 000.00,Sold
L102043,SANDTON,House,5.0,326.0,2024-06-22,2024-08-05,R 12 378 000,11806000,Sold
L105544,Faerie Glen,House,5.0,,2024-07-03,,R 5 374 000.00,,Withdrawn
L101567,Waterkloof,Apartment,1.0,85.0,2024-09-05,2024-10-15,R 2 156 000,2156000,Sold
L100165,Menlo Park,Apartment,1.0,75.0,2024-01-29,2024-02-12,1576000,1576000,Sold
L103566,Bryanston,House,3.0,195.0,2024-09-24,2024-09-29,R 5 600 000,R 5 600 000,Sold
L104677,Waterkloof Ridge,Apartment,1.0,90.0,2024-02-20,2024-04-16,2063000,R 2 063 000.00,Sold
L105817,Groenkloof,House,5.0,356.0,2024-05-25,,R 9 767 000.00,,Withdrawn
L102013,Lynnwood,House,5.0,440.0,2024-12-11,2024-12-26,R 10 190 000,"R10,066,000",Sold
L100273,Irene,House,5.0,336.0,2024-08-06,2024-09-10,R 6 543 000.00,6037000,Sold
L103860,Lynnwood,House,2.0,175.0,2024-12-22,2025-01-25,"R3,575,000",3519000,Sold
L104167,Lynnwood,Apartment,1.0,56.0,2024-04-02,2024-04-18,R 1 079 000,"R1,074,000",Sold
L104878,Menlo Park,House,5.0,331.0,2026-01-31,2026-02-28,"R7,884,000",R 7 884 000,Sold
L103788,Menlo Park,House,2.0,123.0,2023-09-19,2023-10-12,2431000,2431000,Sold
L100394,Waterkloof,Apartment,2.0,71.0,2025-04-06,2025-05-26,R 1 692 000,R 1 605 000.00,Sold
L100583,Lynnwood,House,3.0,221.0,2025-05-20,2025-06-15,"R4,852,000",R 4 662 000.00,Sold
L102531,Centurion,House,2.0,174.0,2024-09-12,2024-11-20,"R3,369,000",R 3 081 000,Sold
L105671,Bryanston,Apartment,1.0,84.0,2024-04-27,2024-05-19,"R2,047,000",R 1 929 000,Sold
L105851,Bryanston,House,2.0,233.0,2025-03-27,2025-05-07,R 7 786 000.00,R 7 786 000,Sold
L100520,Bryanston,Townhouse,3.0,176.0,2025-04-13,2025-06-14,R 6 246 000.00,6246000,Sold
L101763,Waterkloof Ridge,House,2.0,,2025-04-15,,R 4 993 000,,Withdrawn
L101875,Rooihuiskraal,House,4.0,242.0,2024-01-28,2024-04-03,R 3 662 000.00,"R3,662,000",Sold
L103965,Waterkloof Ridge,House,5.0,312.0,2025-09-07,2025-10-14,R 9 728 000.00,"R9,728,000",Sold
L103344,Faerie Glen,Apartment,2.0,129.0,2024-11-30,2025-01-27,"R2,273,000",R 2 101 000,Sold
L102253,Irene,Apartment,1.0,62.0,2025-01-23,2025-03-26,"R911,000",881000,Sold
L103224,  waterkloof ridge ,House,6.0,460.0,2023-10-15,2023-12-16,"R13,932,000",13797000,Sold
L100526,Sandton,House,2.0,199.0,2024-04-23,2024-06-04,7658000,7645000,Sold
L102946,Menlo Park,House,3.0,261.0,2026-02-13,2026-03-10,"R5,997,000","R5,955,000",Sold
L104473,WATERKLOOF,Apartment,2.0,75.0,2026-02-22,2026-04-16,"R1,578,000",R 1 564 000.00,Sold
L103899,Groenkloof,Townhouse,3.0,173.0,2024-06-25,2024-08-29,"R3,745,000","R3,725,000",Sold
L100692,Brooklyn,Townhouse,2.0,173.0,2026-02-22,2026-03-16,4256000,4036000,Sold
L105783,Bryanston,Apartment,2.0,86.0,2024-03-10,2024-04-08,R 2 025 000.00,2021000,Sold
L104444,Waterkloof Ridge,House,,413.0,2023-11-04,2023-12-07,9695000,"R9,673,000",Sold
L103633,Lynnwood,House,1.0,150.0,2024-09-01,2024-09-29,R 2 926 000.00,"R2,797,000",Sold
L101050,Centurion,Townhouse,3.0,222.0,2023-01-03,,R 3 486 000.00,,Withdrawn
L100590,Sandton,House,4.0,255.0,2024-05-14,2024-07-04,R 9 738 000.00,"R9,482,000",Sold
L100519,Bryanston,House,4.0,261.0,2025-07-16,,"R8,173,000",,Withdrawn
L103380,Brooklyn,House,3.0,230.0,2025-12-22,2026-01-30,R 6 372 000,"R6,372,000",Sold
L103676,Menlo Park,Apartment,1.0,126.0,2023-05-13,2023-07-16,R 2 605 000,2537000,Sold
L105034,Irene,Apartment,1.0,101.0,2024-04-07,2024-05-05,"R1,635,000",R 1 573 000.00,Sold
L101607,Brooklyn,House,3.0,212.0,2023-06-28,2023-07-22,"R4,420,000",4420000,Sold
L103610,Centurion,Townhouse,4.0,228.0,2024-05-07,2024-06-09,4468000,"R4,299,000",Sold
L105838,Lynnwood,Apartment,3.0,118.0,2025-02-11,2025-03-18,R 2 161 000,R 2 122 000,Sold
L101809,Waterkloof,House,5.0,317.0,2023-06-29,2023-08-01,R 9 389 000,R 9 153 000,Sold
L100791,Lynnwood,House,2.0,196.0,2024-04-02,2024-04-19,R 4 268 000.00,R 4 070 000.00,Sold
L100792,Menlo Park,Apartment,2.0,94.0,2023-01-06,2023-03-06,R 1 637 000.00,R 1 620 000,Sold
L105406,Menlo Park,Apartment,1.0,123.0,2023-04-23,2023-05-17,R 2 048 000,R 2 048 000.00,Sold
L101855,Sandton,Apartment,1.0,71.0,2023-03-15,2023-03-24,R 1 932 000,"R1,769,000",Sold
L101980,Bryanston,House,4.0,0.0,2025-06-26,2025-07-24,R 8 416 000.00,8236000,Sold
L103233,Waterkloof Ridge,Townhouse,1.0,137.0,2023-04-10,2023-05-25,R 3 451 000,3315000,Sold
L103598,Sandton,Apartment,1.0,75.0,2024-01-18,2024-01-30,"R1,992,000",R 1 913 000,Sold
L100933,Rooihuiskraal,Apartment,1.0,109.0,2023-12-16,2024-01-24,R 1 465 000,R 1 384 000.00,Sold
L103963,Brooklyn,Townhouse,3.0,,2023-11-21,2023-12-23,R 3 577 000.00,"R3,451,000",Sold
L105679,Menlo Park,House,3.0,152.0,2023-03-01,2023-04-18,R 3 180 000.00,3180000,Sold
L104179,Bryanston,Apartment,1.0,69.0,2023-08-18,2023-10-20,R 1 569 000,R 1 569 000,Sold
L104026,Centurion,Townhouse,2.0,171.0,2025-06-08,2025-07-06,3329000,R 3 203 000.00,Sold
L104116,IRENE,Townhouse,1.0,106.0,2023-10-20,2023-12-04,R 1 807 000,R 1 807 000.00,Sold
L100988,Menlo Park,House,3.0,245.0,2025-08-01,2025-09-14,"R5,901,000",5557000,Sold
L104713,Sandton,House,6.0,412.0,2023-06-26,2023-07-14,R 14 737 000,"R14,482,000",Sold
L103453,Waterkloof,Apartment,2.0,105.0,2024-07-12,2024-07-29,R 2 373 000,2373000,Sold
L105583,CENTURION,House,4.0,258.0,2025-08-05,2025-09-06,R 5 913 000,R 5 830 000.00,Sold
L103778,Rooihuiskraal,Apartment,1.0,58.0,2025-12-31,2026-01-19,"R927,000",R 901 000,Sold
L105241,Brooklyn,House,2.0,147.0,2025-01-12,2025-02-09,R 3 988 000,R 3 929 000,Sold
L103093,SANDTON,House,3.0,180.0,2026-04-10,2026-06-07,R 8 011 000,"R7,735,000",Sold
L103155,Menlo Park,Townhouse,1.0,91.0,2026-04-11,2026-04-21,R 2 422 000.00,R 2 304 000,Sold
L103201,Sandton,Townhouse,3.0,185.0,2025-01-20,2025-04-13,R 6 089 000,R 6 039 000,Sold
L105895,Rooihuiskraal,House,4.0,308.0,2024-08-14,2024-10-07,R 4 741 000.00,R 4 528 000.00,Sold
L101098,Bryanston,House,2.0,225.0,2025-03-26,2025-05-05,"R6,335,000",R 6 022 000.00,Sold
L105076,Faerie Glen Ext,House,2.0,199.0,2024-12-09,2025-01-17,3758000,"R3,668,000",Sold
L102844,Groenkloof,Apartment,2.0,82.0,2023-05-27,2023-07-12,R 1 542 000.00,R 1 489 000.00,Sold
L100886,Lynnwood,House,5.0,342.0,2025-08-29,2025-10-21,"R7,813,000","R7,813,000",Sold
L105545,Brooklyn,Apartment,2.0,91.0,2024-07-08,2024-07-11,R 1 838 000,R 1 831 000.00,Sold
L104738,Waterkloof Ridge,Apartment,3.0,177.0,2025-03-01,,R 4 826 000,,Withdrawn
L100515,Groenkloof,House,3.0,179.0,2023-01-06,2023-03-19,R 2 697 000,2578000,Sold
L105642,Rooihuiskraal,House,3.0,218.0,2024-08-10,2024-09-08,"R3,302,000",R 3 048 000,Sold
L101453,Sandton,Apartment,2.0,125.0,2025-11-24,2026-01-19,R 3 753 000.00,R 3 569 000,Sold
L103553,Faerie Glen,House,3.0,213.0,2024-06-11,2024-09-13,R 4 590 000,"R4,559,000",Sold
L103609,Brooklyn,House,5.0,269.0,2024-12-22,2024-12-28,"R8,213,000",7611000,Sold
L102506,SANDTON,Apartment,3.0,169.0,2023-01-01,2023-02-09,R 5 132 000,R 5 132 000.00,Sold
L102994,Irene,House,4.0,260.0,2024-09-25,2024-11-21,5251000,5165000,Sold
L103999,Groenkloof,House,3.0,223.0,2024-07-20,2024-08-16,R 4 123 000,R 4 074 000.00,Sold
L105797,Sandton,House,6.0,578.0,2023-02-18,2023-03-29,R 16 009 000.00,R 15 020 000,Sold
L100906,Faerie Glen,Apartment,2.0,65.0,2024-05-23,2024-07-30,1200000,"R1,183,000",Sold
L100028,  groenkloof ,Townhouse,3.0,175.0,2024-08-31,2024-09-23,3040000,2861000,Sold
L102507,Sandton,House,3.0,225.0,2023-10-28,,"R7,735,000",,Withdrawn
L102428,Centurion,Townhouse,2.0,160.0,2023-08-04,2023-09-16,R 2 640 000,R 2 453 000,Sold
L100762,Waterkloof,Townhouse,1.0,,2023-01-28,2023-02-23,R 2 733 000.00,"R2,733,000",Sold
L103747,Bryanston,Townhouse,2.0,111.0,2025-12-25,2026-03-04,3413000,"R3,413,000",Sold
L100284,  irene ,Apartment,2.0,121.0,2026-01-29,2026-03-10,2381000,"R2,247,000",Sold
L100686,Lynnwood,Townhouse,3.0,,2025-01-20,2025-02-28,R 3 925 000,R 3 739 000,Sold
L102353,Faerie Glen,House,4.0,335.0,2024-08-30,2024-10-12,"R5,413,000",R 5 191 000,Sold
L104917,Centurion,Apartment,1.0,87.0,2024-11-26,2025-01-08,R 1 626 000,"R1,626,000",Sold
L100021,Menlo Park,Townhouse,3.0,181.0,2026-03-06,2026-05-02,4362000,R 4 326 000,Sold
L102752,Bryanston,Apartment,1.0,58.0,2025-09-25,2025-10-12,1571000,1539000,Sold
L100885,Menlo Park,Townhouse,2.0,160.0,2024-06-08,2024-07-01,"R3,650,000",R 3 650 000,Sold
L100917,Waterkloof Ridge,Apartment,1.0,101.0,2025-08-25,2025-09-25,"R2,979,000","R2,887,000",Sold
L101040,Waterkloof Ridge,Apartment,1.0,67.0,2026-03-28,2026-05-02,R 2 318 000,R 2 254 000.00,Sold
L101265,Rooihuiskraal,House,4.0,231.0,2026-03-03,2026-06-09,R 4 136 000,R 3 934 000.00,Sold
L105595,Centurion,House,3.0,155.0,2023-05-24,2023-06-23,R 2 613 000.00,R 2 409 000.00,Sold
L100277,Faerie Glen,Apartment,,74.0,2025-09-30,2025-12-01,R 1 063 000.00,1019000,Sold
L102084,Centurion,House,4.0,210.0,2023-12-31,2024-01-22,"R3,981,000",3825000,Sold
L101245,Brooklyn,Townhouse,3.0,160.0,2025-07-22,2025-08-13,3398000,R 3 284 000.00,Sold
L102382,Groenkloof,House,6.0,471.0,2023-10-15,2023-11-06,R 9 567 000.00,R 9 022 000.00,Sold
L100571,Bryanston,House,4.0,246.0,2023-09-03,,"R7,334,000",,Withdrawn
L101435,Sandton,House,4.0,265.0,2025-06-09,2025-08-01,"R8,950,000",8629000,Sold
L103902,Centurion,Apartment,2.0,52.0,2023-08-14,2023-10-20,808000,"R774,000",Sold
L101247,Groenkloof,House,2.0,166.0,2024-12-10,2024-12-16,3663000,"R3,380,000",Sold
L103526,Waterkloof Ridge,House,4.0,317.0,2024-05-01,2024-06-04,8737000,R 8 719 000.00,Sold
L102514,Brooklyn,House,4.0,276.0,2024-07-04,,R 7 368 000,,Withdrawn
L101007,Menlo Park,House,4.0,299.0,2025-12-12,2026-01-20,"R8,170,000","R8,056,000",Sold
L104543,Faerie Glen,Apartment,1.0,,2025-08-31,2025-10-11,R 1 725 000,R 1 654 000,Sold
L105292,Bryanston,House,5.0,433.0,2023-04-02,2023-04-20,"R12,775,000",11728000,Sold
L102064,Lynnwood,Townhouse,4.0,220.0,2025-05-23,2025-08-23,"R4,716,000",R 4 626 000,Sold
L104823,Centurion,House,2.0,170.0,2023-01-02,2023-01-19,R 2 952 000,"R2,814,000",Sold
L101690,Rooihuiskraal,House,5.0,335.0,2024-07-29,2024-09-04,4407000,4334000,Sold
L105273,Bryanston,House,6.0,457.0,2025-06-15,2025-06-30,R 14 306 000.00,"R13,020,000",Sold
L101985,Sandton,House,3.0,183.0,2024-04-18,2024-05-30,R 5 284 000.00,5261000,Sold
L100294,Bryanston,House,4.0,227.0,2025-05-21,,7152000,,Withdrawn
L101547,Rooihuiskraal,House,2.0,130.0,2023-02-04,2023-02-22,R 1 909 000,1775000,Sold
L102012,Waterkloof Ridge,Apartment,1.0,117.0,2024-08-29,2024-10-22,R 3 042 000.00,R 2 986 000,Sold
L100588,Groenkloof,Apartment,1.0,92.0,2023-07-18,2023-08-23,"R1,831,000","R1,751,000",Sold
L103329,Brooklyn,Apartment,,81.0,2025-08-08,2025-08-20,1883000,R 1 851 000,Sold
L102403,Bryanston,Apartment,2.0,76.0,2023-01-01,2023-01-20,R 1 725 000,R 1 725 000,Sold
L102129,  waterkloof ,House,3.0,272.0,2024-03-01,2024-04-05,R 7 731 000,R 7 731 000,Sold
L103998,Menlo Park,House,3.0,268.0,2024-03-03,2024-03-23,R 7 728 000.00,"R7,728,000",Sold
L105350,  sandton ,House,4.0,317.0,2024-01-12,2024-03-08,11323000,11323000,Sold
L103741,Groenkloof,House,2.0,221.0,2024-03-12,2024-05-22,"R4,342,000","R4,161,000",Sold
L103508,Centurion,Apartment,1.0,77.0,2024-10-08,2024-11-30,"R1,192,000",R 1 176 000.00,Sold
L102719,Faerie Glen,House,2.0,217.0,2023-04-22,2023-06-20,R 4 023 000.00,R 3 758 000,Sold
L104521,  lynnwood ,Apartment,1.0,77.0,2024-10-18,2024-11-21,R 1 704 000,1586000,Sold
L105567,Groenkloof,Apartment,1.0,,2025-09-17,2025-11-27,R 1 824 000.00,"R1,677,000",Sold
L105573,Bryanston,Townhouse,2.0,104.0,2025-11-15,2025-12-03,R 2 944 000,2906000,Sold
L100556,Brooklyn,Apartment,2.0,85.0,2024-06-15,2024-07-14,R 1 913 000,R 1 875 000,Sold
L102469,Menlo Park,House,6.0,412.0,2025-06-28,2025-08-16,R 10 801 000.00,R 10 340 000,Sold
L103738,Rooihuiskraal,Apartment,1.0,63.0,2025-09-19,2025-11-27,811000,R 760 000,Sold
L104286,Sandton,Townhouse,3.0,176.0,2023-02-16,2023-03-28,R 4 846 000,4846000,Sold
L105454,Sandton,Apartment,2.0,79.0,2024-06-03,2024-08-31,R 2 751 000,R 2 652 000.00,Sold
L101716,Menlo Park,House,3.0,158.0,2025-10-27,2025-12-07,R 3 929 000,R 3 929 000.00,Sold
L102604,Waterkloof,Apartment,1.0,55.0,2025-12-24,,"R1,300,000",,Withdrawn
L105040,Brooklyn,Townhouse,3.0,112.0,2025-12-06,2026-01-04,"R2,994,000",R 2 988 000.00,Sold
L101704,Lynnwood,House,6.0,349.0,2026-04-18,,7801000,,Withdrawn
L102139,Bryanston,House,3.0,247.0,2025-01-29,2025-02-05,"R7,239,000",R 7 118 000.00,Sold
L103239,Menlo Park,Townhouse,2.0,176.0,2025-05-10,2025-06-07,R 4 122 000,4122000,Sold
L102383,Waterkloof,House,5.0,394.0,2026-04-03,2026-05-18,11573000,R 10 902 000,Sold
L104311,Rooihuiskraal,House,5.0,300.0,2025-08-06,2025-10-24,R 5 359 000.00,R 5 024 000.00,Sold
L101285,Sandton,Townhouse,2.0,154.0,2024-01-29,2024-04-02,3970000,3883000,Sold
L105202,Groenkloof,Apartment,1.0,55.0,2026-01-07,2026-01-15,R 851 000.00,R 804 000.00,Sold
L105462,Waterkloof Ridge,Apartment,3.0,204.0,2025-07-16,2025-08-06,R 4 811 000.00,R 4 485 000.00,Sold
L103930,Faerie Glen,House,5.0,361.0,2024-11-16,2024-12-16,7192000,R 7 093 000.00,Sold
L104622,Centurion,Townhouse,3.0,128.0,2025-04-27,2025-05-29,R 2 531 000.00,R 2 331 000,Sold
L101591,Waterkloof,Townhouse,6.0,345.0,2025-02-06,2025-02-20,"R9,383,000","R8,883,000",Sold
L105414,Centurion,Townhouse,2.0,242.0,2024-07-02,2024-08-08,R 4 634 000.00,R 4 634 000.00,Sold
L102162,Lynnwood,House,3.0,159.0,2024-05-09,2024-07-08,R 3 496 000.00,"R3,436,000",Sold
L102396,Brooklyn,House,2.0,170.0,2024-06-28,2024-07-27,R 4 265 000.00,4080000,Sold
L100317,Centurion,Apartment,1.0,116.0,2023-05-26,2023-06-20,R 1 918 000.00,1871000,Sold
L105488,Lynnwood,House,6.0,517.0,2025-01-22,2025-02-23,R 10 743 000.00,R 10 743 000,Sold
L103111,Brooklyn,House,3.0,183.0,2023-05-24,2023-07-09,"R3,762,000",R 3 711 000,Sold
L104036,Menlo Pk,Townhouse,3.0,222.0,2024-08-09,2024-08-29,R 4 961 000,"R4,961,000",Sold
L100795,Menlo Park,Apartment,2.0,78.0,2024-03-31,2024-04-27,1645000,R 1 618 000.00,Sold
L103020,Lynnwood,House,5.0,395.0,2024-06-10,2024-07-30,"R9,384,000","R9,161,000",Sold
L101711,Menlo Park,Apartment,1.0,60.0,2025-02-05,2025-03-02,"R1,150,000",R 1 101 000,Sold
L103387,Sandton,Apartment,1.0,62.0,2023-09-24,2023-10-31,R 2 197 000,R 2 078 000.00,Sold
L100036,Waterkloof Ridge,Townhouse,1.0,100.0,2024-09-20,2024-10-10,"R2,589,000",2589000,Sold
L104549,Brooklyn,House,5.0,,2024-05-05,2024-05-23,R 7 007 000.00,7007000,Sold
L100913,Sandton,Apartment,1.0,73.0,2023-10-04,2023-11-30,R 2 137 000,2046000,Sold
L103972,Faerie Glen,Townhouse,1.0,102.0,2024-08-02,2024-08-20,R 1 988 000,1920000,Sold
L104133,Faerie Glen,Apartment,1.0,66.0,2026-03-12,2026-05-15,R 1 238 000.00,R 1 209 000,Sold
L100974,Menlo Park,Apartment,2.0,160.0,2025-03-19,2025-04-29,3364000,3318000,Sold
L100983,Lynnwood,Apartment,2.0,103.0,2023-11-09,2023-12-26,"R1,553,000",R 1 553 000.00,Sold
L104989,Waterkloof Ridge,Townhouse,2.0,151.0,2023-12-05,2024-02-07,"R4,096,000",R 4 096 000.00,Sold
L101418,Bryanston,House,2.0,158.0,2023-10-22,,3947000,,Withdrawn
L101560,Sandton,Townhouse,,213.0,2024-09-27,2024-10-21,R 6 378 000,"R6,319,000",Sold
L104135,Waterkloof,House,6.0,443.0,2025-07-08,2025-08-09,R 13 193 000,R 13 193 000.00,Sold
L104937,CENTURION,Apartment,1.0,60.0,2024-01-01,2024-02-20,1164000,"R1,164,000",Sold
L104265,Faerie Glen,House,2.0,235.0,2025-10-26,2025-11-28,"R5,221,000",R 4 653 000,Sold
L101355,Waterkloof,House,1.0,111.0,2025-03-07,2025-04-14,3202000,R 3 113 000.00,Sold
L105811,Waterkloof,House,2.0,207.0,2025-02-20,2025-03-05,R 5 380 000,5056000,Sold
L100987,Waterkloof,House,4.0,260.0,2025-09-24,2025-10-12,"R7,294,000","R7,268,000",Sold
L102682,Groenkloof,Apartment,1.0,49.0,2023-12-30,2024-01-22,930000,905000,Sold
L101640,Rooihuiskraal,House,3.0,247.0,2024-02-22,2024-04-24,3467000,R 3 227 000.00,Sold
L101290,Lynnwood,House,1.0,145.0,2025-05-17,2025-06-08,R 3 490 000,R 3 300 000.00,Sold
L103681,Groenkloof,House,4.0,212.0,2023-05-18,2023-05-21,"R3,809,000",R 3 503 000.00,Sold
L101380,Lynnwood,House,5.0,335.0,2023-09-13,2023-10-07,R 7 183 000,R 6 561 000,Sold
L101933,Bryanston,House,4.0,293.0,2024-12-10,2024-12-31,9136000,R 8 993 000.00,Sold
L105142,Menlo Park,Apartment,2.0,97.0,2024-12-14,2025-01-20,"R2,224,000",2207000,Sold
L103160,Sandton,House,4.0,293.0,2023-08-01,2023-08-25,R 9 380 000.00,9048000,Sold
L102030,Waterkloof,Apartment,1.0,95.0,2025-07-02,2025-07-20,R 2 268 000.00,2250000,Sold
L100892,Brooklyn,House,4.0,275.0,2024-02-18,2024-02-29,"R5,694,000",R 5 609 000,Sold
L104069,Groenkloof,House,4.0,247.0,2024-12-09,2025-01-17,"R4,891,000",4781000,Sold
L104255,Waterkloof,House,5.0,297.0,2024-12-11,2024-12-22,8186000,8186000,Sold
L100002,Bryanston,Apartment,1.0,94.0,2025-01-16,2025-03-14,R 2 884 000,2884000,Sold
L102109,Groenkloof,Apartment,1.0,72.0,2023-12-09,2024-01-29,R 1 233 000,R 1 233 000.00,Sold
L100849,Sandton,Townhouse,3.0,242.0,2023-10-14,2023-12-13,R 8 083 000,7888000,Sold
L102737,Faerie Glen,House,4.0,323.0,2025-03-29,2025-04-28,5973000,"R5,931,000",Sold
L102466,Bryanston,House,6.0,341.0,2024-07-07,2024-09-26,R 11 846 000,R 11 846 000.00,Sold
L101914,Groenkloof,Townhouse,5.0,269.0,2024-04-02,2024-05-22,R 5 406 000,"R5,359,000",Sold
L101596,Groenkloof,House,3.0,,2024-08-04,2024-08-27,R 5 282 000,5007000,Sold
L101913,Faerie Glen,Apartment,2.0,96.0,2023-11-18,,R 1 682 000,,Withdrawn
L105761,Sandton,House,3.0,237.0,2023-01-13,2023-02-16,6429000,"R6,325,000",Sold
L102736,Groenkloof,House,2.0,126.0,2023-01-12,2023-02-05,R 2 758 000.00,R 2 602 000.00,Sold
L100726,Brooklyn,House,5.0,299.0,2025-08-18,2025-09-16,6566000,"R6,002,000",Sold
L100053,Centurion,House,4.0,322.0,2026-01-03,2026-02-09,R 6 230 000.00,R 5 783 000.00,Sold
L101796,Irene,House,5.0,358.0,2023-06-21,2023-07-06,7963000,"R7,811,000",Sold
L103845,FAERIE GLEN,Apartment,1.0,71.0,2024-06-06,2024-07-14,1188000,R 1 156 000.00,Sold
L102553,Sandton,Apartment,2.0,73.0,2024-10-05,2024-11-03,R 2 490 000,R 2 490 000,Sold
L102800,Sandton,House,3.0,206.0,2023-01-04,2023-01-18,6105000,R 5 833 000.00,Sold
L100936,Sandton,Townhouse,3.0,270.0,2023-12-03,2024-01-01,7636000,R 7 562 000,Sold
L105038,Bryanston,Apartment,1.0,112.0,2024-02-03,2024-03-11,R 2 802 000,R 2 613 000,Sold
L100824,Bryanston,Apartment,2.0,97.0,2025-06-04,2025-08-05,"R2,957,000","R2,957,000",Sold
L104321,Faerie Glen,House,4.0,246.0,2024-08-28,2024-12-12,R 4 889 000,"R4,843,000",Sold
L103401,Bryanston,Apartment,2.0,103.0,2025-11-23,2025-12-28,3093000,R 2 936 000,Sold
L101389,Waterkloof,House,5.0,422.0,2024-09-14,2024-11-02,R 11 436 000,"R10,985,000",Sold
L103564,Sandton,Apartment,1.0,54.0,2024-09-14,2024-10-11,1552000,"R1,471,000",Sold
L100884,Groenkloof,Townhouse,1.0,138.0,2024-07-13,,"R2,781,000",,Withdrawn
L101868,Faerie Glen,Apartment,2.0,149.0,2023-07-06,2023-08-30,2417000,R 2 343 000.00,Sold
L100010,Menlo Park,Apartment,2.0,91.0,2024-05-17,2024-06-02,R 1 623 000,"R1,600,000",Sold
L103415,Brooklyn,Apartment,2.0,129.0,2024-07-18,2024-08-10,2609000,R 2 481 000.00,Sold
L101463,Menlo Park,Townhouse,2.0,169.0,2023-05-01,2023-06-01,3247000,R 3 233 000.00,Sold
L100806,Centurion,House,3.0,188.0,2023-12-24,2024-02-29,R 3 342 000,3275000,Sold
L104894,Centurion,Apartment,1.0,53.0,2024-12-30,2025-01-27,"R895,000",R 857 000,Sold
L104068,Sandton,House,4.0,283.0,2025-06-19,2025-07-13,9614000,R 9 125 000.00,Sold
L102108,Menlo Park,Apartment,2.0,123.0,2025-01-03,2025-03-04,R 2 258 000,2094000,Sold
L105159,Brooklyn,House,3.0,203.0,2023-12-03,2023-12-25,R 5 480 000.00,R 5 200 000.00,Sold
L103263,Lynnwood,Apartment,1.0,66.0,2025-11-04,2025-12-25,R 1 249 000.00,"R1,203,000",Sold
L102234,Centurion,Townhouse,3.0,,2023-05-25,2023-06-22,R 2 840 000,"R2,671,000",Sold
L100963,Waterkloof Ridge,House,5.0,,2025-02-23,2025-04-28,R 9 809 000,9697000,Sold
L104494,Brooklyn,Townhouse,4.0,219.0,2023-05-02,2023-05-25,R 4 665 000.00,R 4 665 000.00,Sold
L102632,Bryanston,House,6.0,439.0,2025-07-22,2025-09-17,"R11,495,000","R11,495,000",Sold
L100704,BROOKLYN,House,4.0,242.0,2023-07-31,2023-09-03,R 4 811 000,R 4 811 000.00,Sold
L100431,ROOIHUISKRAAL,House,4.0,227.0,2023-03-27,2023-04-16,"R3,236,000",3218000,Sold
L104388,Centurion,House,2.0,178.0,2024-09-09,2024-10-01,3328000,3102000,Sold
L100145,Brooklyn,Apartment,2.0,114.0,2024-03-19,2024-04-15,R 2 328 000.00,R 2 314 000.00,Sold
L102033,Lynnwood,House,1.0,192.0,2025-04-17,2025-05-06,"R4,008,000",R 3 974 000,Sold
L105418,Waterkloof Ridge,Apartment,1.0,54.0,2025-02-23,2025-04-08,"R1,465,000",1434000,Sold
L101165,Bryanston,House,2.0,167.0,2025-01-03,2025-01-07,R 5 040 000.00,R 4 873 000,Sold
L103500,Lynnwood,Apartment,1.0,60.0,2025-12-15,2026-01-09,R 1 381 000,R 1 328 000.00,Sold
L102050,Sandton,House,4.0,259.0,2025-04-10,2025-07-19,"R8,051,000",7885000,Sold
L103760,Sandton,Townhouse,2.0,122.0,2023-08-30,2023-12-01,R 3 699 000,"R3,530,000",Sold
L102624,Irene,House,2.0,207.0,2024-08-01,2024-09-01,4631000,"R4,391,000",Sold
L104484,Bryanston,House,,216.0,2024-12-20,2025-01-12,"R6,409,000","R5,931,000",Sold
L104435,Irene,Townhouse,3.0,217.0,2025-03-15,2025-04-27,3940000,R 3 862 000,Sold
L104868,Lynnwood,Apartment,2.0,80.0,2024-05-06,2024-05-23,R 1 836 000.00,1650000,Sold
L105798,Centurion,House,6.0,343.0,2024-02-08,2024-03-04,R 6 975 000.00,R 6 597 000.00,Sold
L104361,Faerie Glen,House,6.0,426.0,2024-08-15,,R 6 729 000,,Withdrawn
L102424,Sandton,House,2.0,105.0,2025-06-25,2025-08-14,3769000,3462000,Sold
L101262,Menlo Park,House,4.0,230.0,2025-02-27,2025-03-21,R 5 755 000,R 5 531 000.00,Sold
L101771,Rooihuiskraal,House,,522.0,2025-10-28,2026-02-11,"R8,195,000",R 8 061 000,Sold
L103511,Centurion,House,2.0,184.0,2025-11-17,2025-12-21,3169000,R 3 147 000,Sold
L100271,Groenkloof,House,4.0,259.0,2024-09-23,2024-10-23,R 5 380 000.00,R 5 380 000.00,Sold
L100244,Irene,House,5.0,323.0,2023-12-23,2024-01-17,R 5 468 000.00,5468000,Sold
L105934,Brooklyn,Townhouse,2.0,141.0,2023-07-01,2023-08-13,3289000,R 3 232 000.00,Sold
L104572,Groenkloof,House,3.0,175.0,2024-05-04,2024-07-28,R 3 780 000,R 3 622 000.00,Sold
L102032,Menlo Park,Apartment,1.0,76.0,2025-11-22,2025-12-03,"R1,919,000",R 1 840 000.00,Sold
L104827,Lynnwood,House,6.0,316.0,2025-07-25,,7061000,,Withdrawn
L100813,Irene,House,4.0,230.0,2024-10-03,2024-10-21,"R4,067,000",3673000,Sold
L103810,Irene,House,3.0,,2023-04-23,2023-05-13,4320000,"R4,082,000",Sold
L104963,Brooklyn,Apartment,2.0,76.0,2025-03-30,2025-05-17,"R1,554,000","R1,520,000",Sold
L101804,CENTURION,House,3.0,187.0,2024-08-18,2024-10-17,R 4 007 000,R 3 721 000,Sold
L104346,Rooihuiskraal,House,2.0,192.0,2024-10-20,2025-01-29,"R2,625,000",R 2 625 000.00,Sold
L102461,Centurion,Apartment,2.0,90.0,2024-07-09,2024-08-02,R 1 709 000,1706000,Sold
L100545,Lynnwood,Apartment,1.0,43.0,2023-12-05,2024-02-15,R 886 000.00,R 839 000,Sold
L103241,Irene,House,6.0,405.0,2025-01-12,2025-03-08,R 6 301 000.00,R 5 988 000,Sold
L100738,Lynnwood,Apartment,1.0,70.0,2024-09-02,2024-09-25,R 1 332 000,"R1,311,000",Sold
L100310,Lynnwood,House,4.0,,2025-02-13,2025-03-12,4723000,R 4 486 000,Sold
L103521,Bryanston,Apartment,2.0,67.0,2024-07-08,2024-08-14,R 1 792 000,R 1 792 000.00,Sold
L101131,Faerie Glen Ext,Apartment,2.0,,2023-08-26,2023-09-17,R 1 059 000.00,R 981 000,Sold
L101871,Lynnwood,House,5.0,235.0,2023-12-02,2023-12-10,4203000,R 3 924 000.00,Sold
L104111,Bryanston,House,4.0,197.0,2023-03-10,2023-04-06,R 4 824 000.00,4769000,Sold
L102769,Sandton,House,3.0,,2025-03-11,2025-05-21,R 7 876 000,R 7 876 000,Sold
L100920,Waterkloof Ridge,Apartment,2.0,58.0,2023-04-22,2023-07-05,R 1 473 000.00,"R1,473,000",Sold
L103587,Faerie Glen,House,4.0,189.0,2025-02-13,2025-05-24,R 3 309 000.00,R 3 309 000.00,Sold
L103959,Lynnwood,House,3.0,170.0,2026-01-09,2026-02-06,3567000,3480000,Sold
L100038,Brooklyn,House,3.0,252.0,2026-02-08,,6025000,,Withdrawn
L104459,Bryanston,Apartment,2.0,112.0,2024-03-13,2024-03-30,3119000,"R3,119,000",Sold
L104278,Brooklyn,House,4.0,280.0,2025-10-30,2025-12-26,"R7,334,000",R 6 637 000,Sold
L102983,Irene,Apartment,3.0,90.0,2025-08-03,2025-11-03,R 1 885 000.00,"R1,794,000",Sold
L104745,Waterkloof,House,3.0,170.0,2026-01-29,2026-02-23,R 4 833 000,4570000,Sold
L102667,Waterkloof,Apartment,2.0,87.0,2024-01-23,2024-03-18,R 2 148 000.00,R 2 148 000.00,Sold
L103223,Centurion,Apartment,1.0,12000.0,2024-08-14,2024-08-30,1738000,R 1 676 000,Sold
L101182,WATERKLOOF,Apartment,1.0,59.0,2026-01-03,2026-01-29,1484000,R 1 441 000,Sold
L100614,Brooklyn,Townhouse,2.0,165.0,2023-01-17,2023-02-26,R 3 801 000,3759000,Sold
L101657,Bryanston,Apartment,1.0,74.0,2025-06-21,2025-08-19,R 2 184 000.00,"R2,020,000",Sold
L101466,Lynnwood,House,5.0,,2025-02-19,2025-03-26,R 10 553 000,R 8 996 000.00,Sold
L104497,Faerie Glen,Apartment,1.0,59.0,2023-01-06,2023-03-03,"R701,000","R701,000",Sold
L103042,Rooihuiskraal,House,5.0,273.0,2025-11-12,2025-12-27,"R4,779,000",R 4 490 000.00,Sold
L100934,Rooihuiskraal,Apartment,2.0,74.0,2023-11-20,2023-12-04,1029000,R 970 000.00,Sold
L102419,Sandton,House,4.0,182.0,2026-01-03,2026-02-15,6917000,R 6 917 000.00,Sold
L105516,Groenkloof,Townhouse,2.0,141.0,2024-11-24,2025-02-01,"R2,899,000","R2,899,000",Sold
L104951,Centurion,Townhouse,4.0,182.0,2025-08-26,2025-09-22,R 3 143 000.00,"R2,870,000",Sold
L100826,Irene,House,2.0,157.0,2026-02-11,2026-06-11,R 3 295 000.00,R 3 295 000,Sold
L101521,Faerie Glen,House,3.0,247.0,2025-09-20,2025-10-03,"R4,728,000",4728000,Sold
L102930,Irene,Apartment,1.0,72.0,2023-08-28,2023-11-02,R 1 059 000.00,R 1 059 000,Sold
L104232,  centurion ,House,4.0,267.0,2024-09-28,2024-11-02,"R4,737,000",4649000,Sold
L100628,Faerie Glen,House,4.0,278.0,2024-11-03,2024-12-18,R 5 288 000,R 5 062 000,Sold
L104430,  brooklyn ,House,2.0,206.0,2023-12-23,2024-01-25,"R4,609,000",R 4 532 000,Sold
L103853,LYNNWOOD,House,4.0,229.0,2024-04-28,2024-06-02,R 4 935 000.00,"R4,935,000",Sold
L100390,Centurion,House,4.0,258.0,2023-12-10,2024-02-06,R 4 962 000.00,"R4,794,000",Sold
L104345,Sandton,Apartment,2.0,106.0,2025-01-18,2025-03-28,R 3 450 000,R 3 450 000.00,Sold
L105966,Rooihuiskraal,Apartment,1.0,65.0,2025-06-30,2025-09-19,R 970 000,R 947 000.00,Sold
L103990,Sandton,House,5.0,330.0,2025-06-09,2025-07-24,13023000,"R12,478,000",Sold
L100400,Brooklyn,House,4.0,,2024-11-12,2024-11-29,R 5 201 000,5053000,Sold
L103359,Centurion,House,1.0,132.0,2023-03-20,2023-04-18,2367000,R 2 328 000,Sold
L100046,Menlo Park,House,3.0,269.0,2025-08-21,2025-09-10,R 6 293 000.00,R 6 143 000.00,Sold
L105865,Menlo Park,Apartment,1.0,114.0,2025-10-05,2025-11-22,"R2,316,000",R 2 217 000,Sold
L103754,  lynnwood ,Apartment,1.0,74.0,2026-03-12,2026-06-27,R 1 823 000.00,1810000,Sold
L103642,Bryanston,Townhouse,1.0,126.0,2023-02-13,2023-03-31,R 3 000 000.00,"R2,890,000",Sold
L103726,Sandton,House,6.0,460.0,2025-10-09,2025-11-03,R 15 725 000,R 15 545 000,Sold
L105938,Centurion,House,3.0,214.0,2024-05-05,2024-06-14,R 3 356 000,3148000,Sold
L102421,Groenkloof,Apartment,1.0,102.0,2025-06-01,2025-06-07,R 2 100 000,2026000,Sold
L101750,Centurion,Apartment,1.0,90.0,2024-04-15,2024-05-27,"R1,274,000",1260000,Sold
L105912,Faerie Glen,Townhouse,1.0,100.0,2025-11-24,,"R1,621,000",,Withdrawn
L105004,Waterkloof,Apartment,2.0,86.0,2023-01-03,2023-01-16,"R2,104,000",2004000,Sold
L104062,Groenkloof,Apartment,3.0,120.0,2024-03-01,2024-05-07,"R2,170,000",2091000,Sold
L100338,Waterkloof,House,3.0,183.0,2024-02-03,2024-03-09,R 5 095 000.00,R 4 907 000.00,Sold
L100215,Centurion,House,3.0,239.0,2023-05-06,,R 5 235 000,,Withdrawn
L103663,Centurion,Apartment,2.0,53.0,2023-02-21,2023-04-03,"R835,000",R 794 000,Sold
L101341,Bryanston,House,4.0,272.0,2023-11-29,2023-12-24,5861000,R 5 861 000.00,Sold
L105590,Lynnwood,House,3.0,214.0,2025-03-16,2025-05-23,R 4 312 000.00,R 4 098 000,Sold
L103894,Sandton,House,3.0,291.0,2025-05-11,2025-06-24,R 12 144 000,R 12 144 000,Sold
L103640,Brooklyn,Apartment,2.0,129.0,2023-10-14,,"R2,571,000",,Withdrawn
L100329,Brooklyn,House,3.0,205.0,2023-03-27,2023-04-11,3543000,"R3,343,000",Sold
L103004,Waterkloof,House,4.0,245.0,2025-03-05,2025-03-17,R 6 906 000.00,R 6 593 000.00,Sold
L105842,Brooklyn,Apartment,1.0,49.0,2025-12-12,2026-01-12,"R1,013,000",998000,Sold
L103115,CENTURION,Apartment,1.0,103.0,2026-04-21,2026-04-28,1834000,"R1,797,000",Sold
L105965,Brooklyn,House,3.0,194.0,2026-02-02,2026-03-18,"R5,544,000",R 5 364 000.00,Sold
L102322,Lynnwood,House,4.0,297.0,2025-04-19,,"R6,297,000",,Withdrawn
L104197,Bryanston,Apartment,2.0,95.0,2026-01-28,2026-02-28,R 3 287 000.00,R 3 251 000,Sold
L103549,Bryanston,House,,290.0,2025-11-30,2025-12-31,"R10,632,000",R 10 596 000,Sold
L101458,Sandton,House,6.0,,2026-02-05,2026-03-15,12818000,R 11 893 000.00,Sold
L100171,Faerie Glen,House,,286.0,2025-07-20,2025-09-08,R 4 929 000.00,"R4,847,000",Sold
L104203,Irene,House,5.0,321.0,2023-10-21,2023-12-30,"R6,130,000",R 5 958 000,Sold
L105117,Rooihuiskraal,House,4.0,280.0,2023-06-27,2023-10-08,3981000,R 3 518 000.00,Sold
L103569,Brooklyn,Apartment,1.0,74.0,2025-10-16,2025-11-08,1747000,R 1 658 000,Sold
L104226,Irene,Apartment,1.0,128.0,2024-07-04,2024-09-01,R 1 983 000,R 1 924 000,Sold
L104984,Brooklyn,Apartment,2.0,109.0,2024-08-23,2024-10-04,"R2,380,000",2380000,Sold
L105033,Faerie Glen Ext,House,6.0,489.0,2025-01-13,2025-03-06,R 9 165 000.00,R 8 427 000.00,Sold
L100938,Bryanston,House,5.0,376.0,2025-07-08,2025-09-02,"R11,644,000","R11,536,000",Sold
L100060,Centurion,Apartment,1.0,108.0,2024-12-21,2025-03-02,"R2,043,000",R 1 912 000.00,Sold
L101240,  bryanston ,Apartment,1.0,45.0,2025-01-08,2025-02-23,1079000,1079000,Sold
L105106,Groenkloof,Apartment,1.0,70.0,2025-08-15,2025-09-15,"R1,596,000",1468000,Sold
L102120,Brooklyn,House,5.0,307.0,2023-11-25,2024-01-04,"R6,594,000",R 6 525 000,Sold
L101524,Centurion,House,2.0,162.0,2025-09-05,2025-09-19,R 3 555 000.00,R 3 503 000.00,Sold
L100153,Faerie Glen,House,5.0,371.0,2024-06-06,2024-07-31,"R7,480,000","R7,179,000",Sold
L100481,Groenkloof,House,3.0,228.0,2025-03-29,2025-05-19,R 5 863 000,"R5,626,000",Sold
L104460,Lynnwood,Townhouse,2.0,130.0,2025-09-24,2025-10-12,R 3 047 000.00,R 3 027 000.00,Sold
L103920,Groenkloof,House,6.0,434.0,2024-01-31,2024-04-04,R 7 737 000,R 7 493 000.00,Sold
L101762,Groenkloof,House,2.0,142.0,2024-07-07,2024-08-15,R 2 950 000.00,"R2,950,000",Sold
L100750,  brooklyn ,House,3.0,306.0,2023-10-14,2023-11-06,R 6 512 000,"R6,156,000",Sold
L101785,Bryanston,Townhouse,3.0,152.0,2023-12-04,2024-03-27,R 4 411 000.00,4088000,Sold
L104501,Lynnwood,House,4.0,263.0,2025-06-16,2025-07-13,"R6,196,000",R 5 986 000.00,Sold
L102711,Brooklyn,House,2.0,207.0,2024-11-06,2024-11-19,"R5,452,000",R 5 296 000,Sold
L104939,Groenkloof,Townhouse,3.0,205.0,2026-02-11,2026-03-16,"R5,630,000",R 5 390 000,Sold
L104193,Bryanston,House,4.0,219.0,2025-08-22,2025-09-13,R 6 141 000.00,R 5 797 000.00,Sold
L101333,Sandton,Apartment,1.0,92.0,2023-03-24,2023-04-29,"R2,641,000","R2,626,000",Sold
L105439,Groenkloof,Apartment,1.0,57.0,2024-02-10,,R 1 181 000.00,,Withdrawn
L102854,Rooihuiskraal,House,,212.0,2023-06-24,2023-09-16,"R2,843,000",2784000,Sold
L100186,Menlo Park,Apartment,1.0,71.0,2023-11-14,2023-12-20,R 1 237 000,1237000,Sold
L101136,Lynnwood,House,1.0,81.0,2024-04-11,2024-06-28,R 1 691 000.00,R 1 602 000.00,Sold
L102058,Waterkloof Ridge,Apartment,2.0,87.0,2025-12-17,2026-01-25,2327000,2192000,Sold
L105119,Faerie Glen,Apartment,1.0,70.0,2024-01-03,2024-02-09,1096000,1090000,Sold
L100148,Lynnwood,Townhouse,2.0,129.0,2023-01-23,2023-03-20,3050000,3047000,Sold
L104124,Sandton,House,,,2024-04-23,2024-06-28,R 6 717 000.00,R 6 717 000,Sold
L103363,Irene,House,2.0,190.0,2023-06-30,2023-08-13,R 3 070 000,R 3 070 000.00,Sold
L104788,Waterkloof Ridge,House,2.0,164.0,2025-03-27,2025-04-17,4406000,R 4 286 000,Sold
L102866,  lynnwood ,House,4.0,243.0,2024-09-01,2024-11-13,R 4 292 000.00,4145000,Sold
L103776,  centurion ,House,2.0,137.0,2024-02-29,2024-03-31,R 2 657 000,2539000,Sold
L101386,Centurion,House,3.0,246.0,2023-08-30,2023-10-11,R 4 379 000.00,R 4 251 000.00,Sold
L105780,Sandton,House,2.0,158.0,2026-02-24,2026-03-13,"R5,251,000",5093000,Sold
L105992,Sandton,Apartment,3.0,136.0,2023-07-06,2023-08-02,3813000,3813000,Sold
L103629,Groenkloof,Apartment,1.0,68.0,2024-09-19,2024-10-17,1356000,"R1,351,000",Sold
L105501,Faerie Glen,House,4.0,288.0,2023-08-21,2023-09-14,4641000,4467000,Sold
L104797,Lynnwood,House,1.0,94.0,2023-08-24,2023-09-02,R 2 146 000,2068000,Sold
L103028,Irene,House,5.0,392.0,2025-03-18,2025-05-16,7630000,"R7,393,000",Sold
L102969,Groenkloof,House,5.0,302.0,2024-04-24,2024-08-22,6287000,6161000,Sold
L105307,Brooklyn,Apartment,1.0,54.0,2025-01-13,2025-02-25,"R1,299,000",R 1 292 000,Sold
L101708,Bryanston,House,5.0,294.0,2026-03-20,2026-04-28,8925000,8502000,Sold
L102953,Sandton,Townhouse,2.0,162.0,2024-07-05,2024-07-15,R 4 740 000.00,R 4 719 000.00,Sold
L100454,Waterkloof Ridge,Apartment,1.0,59.0,2025-05-27,2025-06-09,R 1 743 000,R 1 743 000.00,Sold
L100609,Lynnwood,House,6.0,397.0,2025-03-23,2025-05-10,"R8,873,000","R8,318,000",Sold
L104263,Bryanston,House,4.0,260.0,2026-03-09,2026-03-20,9073000,R 8 936 000,Sold
L104826,GROENKLOOF,Apartment,1.0,66.0,2026-02-15,2026-03-26,"R1,545,000","R1,442,000",Sold
L105178,Faerie Glen,Townhouse,1.0,78.0,2023-06-06,2023-07-17,R 1 162 000,R 1 062 000,Sold
L102074,Menlo Park,Townhouse,2.0,178.0,2025-10-10,2025-11-02,4525000,R 4 525 000,Sold
L104052,  faerie glen ,Apartment,1.0,81.0,2023-12-05,2024-01-02,1123000,R 1 094 000,Sold
L105548,Centurion,House,,156.0,2025-08-16,2025-09-23,R 2 880 000.00,"R2,697,000",Sold
L101622,Rooihuiskraal,House,2.0,164.0,2023-04-06,2023-06-14,2591000,R 2 437 000.00,Sold
L104683,Centurion,Apartment,1.0,129.0,2024-01-03,2024-01-26,R 2 262 000,2189000,Sold
L105352,Centurion,House,4.0,236.0,2025-11-21,2025-12-13,R 5 101 000,R 5 101 000.00,Sold
L100040,Lynnwood,House,2.0,168.0,2026-04-11,2026-05-20,R 3 853 000,"R3,515,000",Sold
L102089,Lynnwood,House,4.0,264.0,2026-03-14,2026-04-05,R 7 768 000.00,"R7,119,000",Sold
L103924,Groenkloof,House,3.0,229.0,2025-01-03,2025-03-02,R 6 253 000,6100000,Sold
L102175,Irene,Townhouse,2.0,197.0,2023-06-08,2023-07-09,"R3,545,000",R 3 491 000,Sold
L100074,Waterkloof,Apartment,1.0,50.0,2023-12-24,2024-01-24,R 1 051 000.00,1008000,Sold
L104889,Sandton,House,4.0,259.0,2025-01-16,2025-03-09,"R9,279,000",R 9 026 000.00,Sold
L103821,Irene,Townhouse,3.0,178.0,2025-03-30,2025-05-31,"R3,208,000",R 3 076 000.00,Sold
L102657,Irene,House,4.0,265.0,2023-03-22,2023-05-13,"R4,618,000",R 4 553 000,Sold
L103180,Sandton,House,5.0,291.0,2025-08-23,2025-09-28,10541000,9794000,Sold
L102076,Sandton,House,,133.0,2025-10-15,2025-11-02,R 4 189 000.00,R 4 189 000.00,Sold
L100441,Groenkloof,Townhouse,2.0,125.0,2025-05-26,2025-06-17,R 2 811 000.00,"R2,767,000",Sold
L102051,Waterkloof,Apartment,1.0,56.0,2023-03-23,2023-01-01,R 1 228 000.00,R 1 228 000,Sold
L102541,Lynnwood,House,2.0,172.0,2024-01-01,2024-01-20,R 3 678 000,"R3,375,000",Sold
L101301,Irene,Apartment,1.0,97.0,2023-06-12,2023-07-20,R 1 567 000,R 1 492 000,Sold
L103430,Irene,House,4.0,304.0,2023-11-24,2023-12-01,R 5 908 000,"R5,750,000",Sold
L101304,Bryanston,House,6.0,380.0,2024-03-05,2024-03-18,R 10 192 000.00,10192000,Sold
L100236,Lynnwood,House,3.0,193.0,2025-05-20,2025-05-26,R 4 595 000.00,R 4 369 000.00,Sold
L105644,Irene,Apartment,2.0,110.0,2024-11-23,2024-12-19,R 2 289 000.00,R 2 227 000.00,Sold
L102599,Sandton,House,3.0,196.0,2025-03-10,2025-03-24,R 7 311 000.00,R 6 619 000.00,Sold
L104616,Waterkloof Ridge,House,2.0,140.0,2025-09-02,2025-09-06,4489000,"R4,161,000",Sold
L102573,Bryanston,House,3.0,224.0,2026-01-03,2026-03-31,R 6 420 000,R 6 139 000,Sold
L103280,Centurion,Townhouse,2.0,134.0,2023-04-12,2023-05-20,R 2 175 000.00,R 2 139 000,Sold
L103186,Centurion,Apartment,2.0,134.0,2025-12-24,,R 2 383 000,,Withdrawn
L103953,Centurion,House,4.0,240.0,2023-11-14,2023-12-18,R 4 202 000.00,R 4 170 000,Sold
L102768,Bryanston,Apartment,1.0,57.0,2024-02-07,2024-02-23,1494000,1494000,Sold
L104831,Brooklyn,House,3.0,179.0,2024-12-29,2025-01-16,"R4,114,000","R3,969,000",Sold
L104223,Groenkloof,Apartment,3.0,85.0,2024-06-17,2024-08-03,R 1 925 000,R 1 811 000.00,Sold
L102106,Centurion,House,6.0,572.0,2023-02-08,2023-03-16,7741000,"R7,329,000",Sold
L102679,Menlo Park,Apartment,2.0,75.0,2023-02-20,2023-03-06,"R1,364,000",R 1 306 000,Sold
L102761,SANDTON,House,6.0,471.0,2023-11-12,2024-01-21,R 14 732 000,R 13 958 000.00,Sold
L104688,Bryanston,House,1.0,115.0,2024-06-03,2024-06-22,R 3 385 000.00,3244000,Sold
L101387,Brooklyn,House,6.0,547.0,2023-12-20,2024-01-08,R 11 163 000.00,"R11,163,000",Sold
L105740,Centurion,Apartment,,97.0,2025-05-08,2025-06-04,R 1 909 000,1764000,Sold
L105532,Faerie Glen,House,2.0,291.0,2025-08-08,2025-09-12,R 6 362 000.00,5801000,Sold
L101279,Irene,Apartment,1.0,109.0,2024-08-18,,"R1,872,000",,Withdrawn
L105997,Bryanston,House,5.0,289.0,2024-01-05,2024-02-22,"R7,294,000",7128000,Sold
L101555,Rooihuiskraal,Townhouse,3.0,138.0,2023-01-19,2023-02-07,2274000,R 2 122 000.00,Sold
L105527,Groenkloof,Apartment,1.0,104.0,2023-10-01,2023-10-12,1773000,"R1,773,000",Sold
L103190,Groenkloof,House,6.0,339.0,2025-09-25,2025-11-20,R 8 233 000.00,7475000,Sold
L104566,Rooihuiskraal,House,5.0,366.0,2023-09-08,,R 5 051 000,,Withdrawn
L104802,Waterkloof,Apartment,1.0,72.0,2025-03-31,2025-05-09,R 1 864 000,"R1,864,000",Sold
L105735,Sandton,Townhouse,3.0,250.0,2023-01-04,2023-01-31,R 6 271 000.00,"R5,966,000",Sold
L104841,Lynnwood,Apartment,2.0,66.0,2026-01-25,2026-02-12,R 1 372 000.00,1372000,Sold
L103594,Waterkloof,House,4.0,243.0,2025-07-22,2025-08-13,"R8,519,000",R 8 392 000,Sold
L101920,Faerie Glen,Apartment,1.0,,2023-06-02,2023-09-15,R 1 469 000.00,"R1,361,000",Sold
L100513,Brooklyn,Apartment,1.0,102.0,2025-05-05,2025-06-27,R 2 571 000,2531000,Sold
L104177,  sandton ,Apartment,1.0,146.0,2024-08-26,2024-12-12,R 4 417 000.00,"R4,417,000",Sold
L101308,Waterkloof,House,3.0,224.0,2023-05-19,2023-09-08,R 5 669 000,5628000,Sold
L100914,Sandton,Apartment,3.0,103.0,2026-03-06,2026-04-25,R 3 306 000.00,3306000,Sold
L103452,Waterkloof,Apartment,2.0,85.0,2025-11-25,,2315000,,Withdrawn
L103695,Lynnwood,House,3.0,176.0,2023-09-10,2023-10-25,R 3 166 000.00,3006000,Sold
L104242,Lynnwood,House,5.0,308.0,2023-06-21,2023-09-26,R 5 433 000.00,"R5,003,000",Sold
L103156,Waterkloof,House,1.0,190.0,2026-04-22,2026-05-24,R 5 569 000.00,"R5,269,000",Sold
L102198,Brooklyn,House,4.0,247.0,2023-09-19,2023-11-10,4511000,R 4 511 000.00,Sold
L100774,Waterkloof,House,2.0,170.0,2023-11-01,2024-01-22,R 4 082 000,"R4,082,000",Sold
L104425,Menlo Park,House,2.0,164.0,2023-04-16,2023-04-30,R 3 081 000,3054000,Sold
L100943,Lynnwood,Apartment,1.0,77.0,2023-09-19,2023-10-25,"R1,390,000",1360000,Sold
L100822,Brooklyn,House,5.0,396.0,2023-04-26,2023-05-29,"R8,528,000",R 8 509 000.00,Sold
L104277,Bryanston,House,4.0,371.0,2023-11-02,2023-12-09,R 11 273 000,R 11 070 000.00,Sold
L100164,  faerie glen ,Townhouse,2.0,183.0,2023-09-15,2023-09-26,"R3,126,000",R 3 126 000,Sold
L104547,Brooklyn,House,5.0,354.0,2026-04-24,2026-06-05,R 10 689 000,"R10,620,000",Sold
L103983,Brooklyn,Apartment,2.0,136.0,2023-01-01,2023-02-17,"R2,624,000",R 2 390 000.00,Sold
L102538,Waterkloof,House,4.0,289.0,2026-04-14,2026-05-05,"R7,884,000",R 7 884 000,Sold
L105835,Waterkloof Ridge,Apartment,2.0,102.0,2023-10-29,,R 2 896 000.00,,Withdrawn
L101311,Sandton,House,3.0,233.0,2024-07-27,2024-08-24,"R6,810,000",R 6 809 000.00,Sold
L105556,Brooklyn,House,1.0,150.0,2023-12-08,2024-02-15,R 2 994 000.00,R 2 966 000,Sold
L105094,Sandton,House,3.0,170.0,2024-09-20,2024-10-24,R 5 693 000.00,5693000,Sold
L104828,Rooihuiskraal,Apartment,1.0,73.0,2026-04-17,2026-04-30,1243000,"R1,229,000",Sold
L103300,Sandton,Apartment,2.0,156.0,2024-10-21,2024-12-14,"R4,868,000",4749000,Sold
L103310,Sandton,House,3.0,190.0,2024-12-26,2025-04-09,R 6 821 000.00,"R6,721,000",Sold
L100327,Faerie Glen,Apartment,1.0,55.0,2025-05-23,2025-08-06,R 948 000,"R948,000",Sold
L102490,Sandton,House,2.0,235.0,2025-02-21,2025-05-02,R 7 696 000.00,R 7 472 000,Sold
L105729,Brooklyn,House,3.0,225.0,2023-07-04,2023-07-12,"R4,938,000",R 4 903 000,Sold
L104408,Bryanston,Apartment,1.0,57.0,2023-08-14,2023-10-05,R 1 551 000.00,"R1,499,000",Sold
L100832,LYNNWOOD,House,3.0,276.0,2024-10-29,2024-11-17,R 7 272 000,"R6,992,000",Sold
L103079,Brooklyn,House,4.0,249.0,2025-12-31,,5529000,,Withdrawn
L103462,Waterkloof,House,3.0,238.0,2024-01-15,2024-02-01,"R7,136,000",R 7 112 000.00,Sold
L105932,Brooklyn,House,5.0,264.0,2026-04-02,2026-05-07,"R8,112,000","R8,112,000",Sold
L100054,Centurion,House,6.0,464.0,2023-09-23,2023-10-24,9604000,"R9,604,000",Sold
L104064,Waterkloof Rdg,Apartment,1.0,67.0,2023-10-19,2023-12-23,R 1 753 000.00,R 1 717 000.00,Sold
L103451,Faerie Glen,House,4.0,221.0,2026-04-20,2026-05-03,5138000,R 4 780 000.00,Sold
L101901,Waterkloof,Apartment,1.0,63.0,2024-04-17,2024-06-19,R 1 437 000.00,"R1,437,000",Sold
L101481,Waterkloof,Townhouse,2.0,97.0,2025-12-08,,"R2,573,000",,Withdrawn
L104873,Irene,House,3.0,165.0,2023-06-28,,"R3,107,000",,Withdrawn
L104895,Faerie Glen,Townhouse,3.0,231.0,2025-04-12,2025-06-09,R 4 184 000,"R3,901,000",Sold
L104150,Brooklyn,House,4.0,334.0,2023-04-25,2023-06-03,6743000,6692000,Sold
L103335,Menlo Park,Apartment,1.0,83.0,2026-01-31,2026-02-16,R 1 670 000,R 1 609 000.00,Sold
L104926,Groenkloof,Apartment,2.0,67.0,2024-05-01,2024-07-07,R 1 366 000,R 1 366 000,Sold
L100946,Centurion,Apartment,1.0,72.0,2025-08-12,2025-10-05,R 1 502 000,R 1 464 000.00,Sold
L103293,Faerie Glen,House,2.0,166.0,2025-01-27,2025-05-05,R 2 783 000.00,R 2 523 000,Sold
L102161,Brooklyn,Apartment,2.0,111.0,2024-06-16,2024-07-11,R 2 348 000.00,R 2 301 000.00,Sold
L105697,Sandton,House,4.0,203.0,2023-10-27,2023-12-05,"R6,054,000",R 5 923 000.00,Sold
L103057,Groenkloof,Townhouse,2.0,215.0,2025-01-06,2025-05-06,R 3 713 000,R 3 604 000.00,Sold
L100768,Waterkloof Ridge,Apartment,1.0,90.0,2024-01-17,2024-02-26,"R2,500,000",R 2 500 000.00,Sold
L105749,Sandton,Apartment,1.0,101.0,2024-05-22,2024-06-22,"R3,456,000",3244000,Sold
L103495,Bryanston,House,4.0,245.0,2024-06-21,2024-08-07,"R6,047,000",R 6 047 000,Sold
L100285,Lynnwood,Apartment,2.0,153.0,2025-11-07,2025-12-05,R 2 915 000,"R2,839,000",Sold
L105459,Waterkloof,House,5.0,306.0,2024-08-20,2024-09-20,R 8 010 000,R 7 785 000.00,Sold
L104524,Centurion,Townhouse,2.0,204.0,2024-08-30,,R 3 312 000,,Withdrawn
L105436,  bryanston ,House,,187.0,2026-01-09,2026-03-22,R 5 269 000.00,R 5 111 000.00,Sold
L102332,Bryanston,House,5.0,287.0,2025-06-14,2025-06-27,8297000,8202000,Sold
L102717,Sandton,House,4.0,228.0,2024-05-24,2024-08-18,7739000,R 7 658 000,Sold
L102079,Waterkloof,Townhouse,3.0,241.0,2026-04-17,2026-05-29,R 7 568 000.00,7388000,Sold
L103389,Brooklyn,House,5.0,402.0,2023-08-20,2023-10-04,R 8 719 000,R 8 719 000.00,Sold
L100722,Waterkloof,House,4.0,220.0,2024-01-09,2024-02-01,R 5 971 000.00,R 5 878 000,Sold
L100951,Brooklyn,Townhouse,1.0,107.0,2025-04-17,2025-05-21,2456000,2406000,Sold
L105322,Bryanston,House,6.0,516.0,2024-03-15,2024-04-29,"R16,159,000",R 15 074 000,Sold
L102262,Lynnwood,Apartment,1.0,83.0,2024-07-18,2024-08-18,"R1,524,000",R 1 487 000,Sold
L100989,Rooihuiskraal,House,5.0,309.0,2025-02-20,2025-04-14,"R5,755,000",5472000,Sold
L103212,Rooihuiskraal,House,6.0,373.0,2024-12-29,2025-02-15,5765000,R 5 342 000.00,Sold
L101759,Sandton,Apartment,1.0,121.0,2024-01-16,2024-02-14,"R4,601,000",4340000,Sold
L105726,Centurion,House,,162.0,2026-04-27,,"R3,286,000",,Withdrawn
L104422,Irene,House,2.0,118.0,2025-01-07,2025-03-16,"R2,139,000",R 2 054 000,Sold
L101724,Faerie Glen,Apartment,1.0,71.0,2025-10-09,2025-11-26,"R1,097,000",R 1 093 000.00,Sold
L100341,Sandton,Townhouse,3.0,205.0,2024-09-22,2024-11-14,"R8,062,000",R 7 656 000.00,Sold
L103701,Brooklyn,House,2.0,170.0,2024-08-20,2024-09-15,4031000,"R4,031,000",Sold
L104243,Faerie Glen Ext,House,5.0,330.0,2023-12-09,2024-01-15,R 5 120 000,4877000,Sold
L100688,Rooihuiskraal,Apartment,2.0,117.0,2024-12-04,2025-01-02,1639000,1573000,Sold
L103432,Sandton,Apartment,1.0,89.0,2023-05-24,2023-07-13,2773000,"R2,686,000",Sold
L104944,Faerie Glen,Townhouse,4.0,5400.0,2024-09-19,2024-12-05,R 3 334 000,R 3 186 000.00,Sold
L100966,Sandton,House,3.0,188.0,2025-07-11,2025-09-05,6286000,R 6 286 000,Sold
L105775,Waterkloof,House,4.0,187.0,2025-09-24,2025-11-17,5788000,"R5,757,000",Sold
L102203,Groenkloof,Apartment,1.0,66.0,2023-07-23,2023-09-05,"R1,100,000",R 1 062 000,Sold
L102713,Waterkloof Ridge,Apartment,2.0,124.0,2023-09-16,2023-11-09,"R2,631,000",R 2 626 000.00,Sold
L104757,Sandton,House,3.0,220.0,2026-01-04,2026-01-24,7349000,R 7 349 000.00,Sold
L105381,Centurion,House,5.0,362.0,2026-01-18,2026-02-19,R 6 613 000,R 6 613 000.00,Sold
L105822,Centurion,Apartment,1.0,103.0,2024-08-13,2024-10-14,R 1 749 000,R 1 706 000.00,Sold
L103572,Brooklyn,House,4.0,264.0,2025-07-14,2025-08-26,R 6 816 000,R 6 558 000.00,Sold
L104805,Centurion,Apartment,,54.0,2025-12-27,2026-01-10,"R986,000",R 939 000,Sold
L101990,Waterkloof,Apartment,1.0,77.0,2024-05-29,2024-07-23,"R1,805,000",R 1 779 000.00,Sold
L104120,Sandton,House,6.0,340.0,2024-04-12,2024-05-16,"R13,640,000",R 12 641 000,Sold
L104759,Sandton,Townhouse,1.0,108.0,2024-08-19,2024-08-24,R 3 703 000.00,"R3,522,000",Sold
L105011,Faerie Glen,Apartment,1.0,91.0,2025-03-26,2025-04-30,R 1 512 000,R 1 496 000.00,Sold
L105337,Centurion,House,5.0,338.0,2023-05-19,2023-06-09,R 5 808 000.00,5534000,Sold
L104971,Waterkloof,Townhouse,3.0,163.0,2025-04-02,2025-05-09,4035000,4035000,Sold
L100811,Waterkloof,House,3.0,262.0,2025-06-01,2025-06-12,R 6 812 000,R 6 812 000,Sold
L103600,Brooklyn,House,3.0,313.0,2023-05-31,2023-09-13,R 6 118 000,R 6 118 000,Sold
L102245,Groenkloof,House,4.0,262.0,2024-04-13,2024-05-17,R 4 920 000.00,R 4 857 000,Sold
L102083,Groenkloof,Apartment,1.0,68.0,2024-07-22,2024-08-03,"R1,345,000",R 1 316 000.00,Sold
L105035,Groenkloof,Townhouse,3.0,231.0,2023-02-21,2023-05-19,R 2 753 000,R 2 693 000,Sold
L100385,Sandton,Apartment,1.0,104.0,2023-04-15,2023-05-22,"R2,669,000",R 2 569 000,Sold
L105328,Lynnwood,Apartment,1.0,90.0,2023-07-07,2023-08-31,1656000,1568000,Sold
L105580,Centurion,House,3.0,222.0,2023-02-21,2023-03-04,R 3 644 000.00,R 3 581 000.00,Sold
L100536,Faerie Glen Ext,House,4.0,232.0,2024-01-30,2024-03-03,R 3 871 000,R 3 714 000,Sold
L105704,Faerie Glen,House,2.0,215.0,2025-12-13,2026-02-23,"R3,786,000",3754000,Sold
L104212,Lynnwood,House,3.0,234.0,2023-11-29,2023-12-22,R 5 568 000.00,R 5 432 000.00,Sold
L103507,Rooihuiskraal,House,2.0,230.0,2023-04-24,2023-06-29,R 2 697 000,R 2 562 000.00,Sold
L100201,Sandton,House,4.0,240.0,2023-06-27,2023-07-15,8113000,8113000,Sold
L101332,Faerie Glen,House,3.0,197.0,2023-09-27,2023-11-11,"R3,126,000",3126000,Sold
L103502,Waterkloof,Apartment,1.0,94.0,2024-09-30,2024-10-24,R 2 539 000.00,"R2,397,000",Sold
L102708,Groenkloof,House,2.0,121.0,2023-06-12,2023-07-14,2870000,R 2 799 000,Sold
L104662,Lynnwood,Townhouse,4.0,181.0,2023-03-17,2023-04-13,R 3 784 000.00,R 3 588 000.00,Sold
L104021,Groenkloof,House,5.0,365.0,2025-12-22,2026-01-26,R 7 338 000.00,R 7 110 000.00,Sold
L101854,Bryanston,House,,136.0,2024-11-24,2024-12-28,R 3 691 000.00,"R3,493,000",Sold
L100746,Menlo Park,Apartment,2.0,124.0,2024-06-24,2024-07-10,R 2 963 000,R 2 872 000,Sold
L102872,Waterkloof,House,4.0,361.0,2025-03-18,2025-04-18,11243000,11088000,Sold
L103030,Rooihuiskraal,House,5.0,302.0,2023-06-05,2023-07-07,R 4 340 000.00,R 4 191 000.00,Sold
L101205,Waterkloof,House,6.0,512.0,2026-01-21,2026-04-04,"R13,805,000",13805000,Sold
L101645,Lynnwood,House,2.0,144.0,2023-03-20,2023-04-18,R 2 720 000.00,2680000,Sold
L103417,Rooihuiskraal,Apartment,1.0,87.0,2026-02-20,2026-05-12,"R1,363,000","R1,305,000",Sold
L103476,Bryanston,House,4.0,249.0,2024-03-13,2024-04-09,R 6 790 000.00,R 6 790 000,Sold
L102861,Faerie Glen,House,4.0,200.0,2026-03-13,2026-05-25,R 4 417 000,R 4 176 000,Sold
L101792,Groenkloof,House,6.0,514.0,2024-06-25,2024-09-20,11911000,R 11 645 000,Sold
L103797,Rooihuiskraal,House,3.0,217.0,2024-04-19,2024-06-28,"R3,362,000",R 3 216 000.00,Sold
L103368,Waterkloof Ridge,Apartment,1.0,102.0,2023-07-10,2023-09-05,2392000,R 2 309 000,Sold
L103367,Centurion,Apartment,1.0,88.0,2025-05-27,2025-07-15,1766000,1766000,Sold
L103533,Groenkloof,House,2.0,149.0,2025-03-15,2025-04-11,R 3 233 000.00,R 3 200 000,Sold
L105359,Bryanston,House,4.0,289.0,2025-02-12,2025-03-21,R 7 536 000.00,"R7,083,000",Sold
L103449,Bryanston,House,4.0,293.0,2025-10-27,2025-11-17,R 8 004 000.00,7407000,Sold
L100603,Centurion,House,3.0,220.0,2024-07-05,2024-09-14,R 4 242 000,R 4 185 000,Sold
L103056,Irene,Apartment,1.0,96.0,2023-05-31,2023-06-23,R 1 551 000.00,1433000,Sold
L105312,Menlo Park,Apartment,1.0,76.0,2025-11-28,2025-12-23,"R1,628,000",1548000,Sold
L100126,Menlo Park,House,2.0,178.0,2024-03-31,2024-04-07,"R4,375,000","R4,056,000",Sold
L103876,Waterkloof,Apartment,1.0,74.0,2024-12-26,2025-01-16,R 1 752 000,1745000,Sold
L102935,Lynnwood,Townhouse,3.0,177.0,2025-06-15,2025-07-05,"R4,112,000",R 3 945 000,Sold
L104451,Sandton,Townhouse,2.0,157.0,2026-03-28,2026-05-02,R 5 034 000.00,R 4 842 000,Sold
L103531,Waterkloof,Apartment,2.0,133.0,2025-01-25,2025-03-20,R 3 342 000.00,3342000,Sold
L102730,Waterkloof,House,1.0,154.0,2025-10-14,2025-11-20,4166000,R 4 049 000.00,Sold
L100827,Brooklyn,Apartment,1.0,69.0,2026-02-27,2026-04-11,"R1,557,000",R 1 511 000,Sold
L101639,  centurion ,House,2.0,135.0,2024-10-05,2025-01-01,"R2,679,000",2507000,Sold
L100984,Groenkloof,House,3.0,171.0,2025-01-28,2025-02-23,R 3 501 000.00,"R3,393,000",Sold
L103281,Waterkloof,Townhouse,4.0,216.0,2023-06-08,2023-06-26,R 5 665 000.00,"R5,564,000",Sold
L104213,Waterkloof  Ridge,Apartment,1.0,72.0,2025-07-23,2025-10-11,R 2 586 000.00,"R2,487,000",Sold
L102188,  brooklyn ,Apartment,1.0,60.0,2024-09-29,2024-11-05,"R1,342,000",R 1 342 000,Sold
L105871,Brooklyn,Apartment,1.0,69.0,2023-02-02,2023-02-25,"R1,270,000",1270000,Sold
L102443,Faerie Glen,House,5.0,329.0,2025-03-22,2025-07-19,5967000,"R5,865,000",Sold
L100362,  waterkloof ridge ,House,4.0,336.0,2023-05-11,2023-06-15,R 10 150 000.00,R 10 034 000,Sold
L102349,Waterkloof,House,3.0,135.0,2023-06-06,2023-07-09,R 3 039 000,3039000,Sold
L100345,Rooihuiskraal,Apartment,,77.0,2023-12-17,2024-04-01,961000,R 923 000,Sold
L100814,Waterkloof Ridge,House,3.0,237.0,2026-03-19,,"R7,652,000",,Withdrawn
L104807,Irene,House,6.0,404.0,2025-06-16,2025-07-07,9705000,"R9,131,000",Sold
L103205,Lynnwood,Apartment,2.0,128.0,2024-05-28,2024-06-23,2768000,2735000,Sold
L105075,Brooklyn,House,5.0,353.0,2026-04-11,2026-04-19,R 9 118 000,R 8 733 000,Sold
L105860,  irene ,Townhouse,1.0,91.0,2024-06-21,2024-10-19,"R1,831,000",1756000,Sold
L103325,  bryanston ,House,2.0,148.0,2026-02-06,2026-03-11,R 4 936 000.00,R 4 820 000,Sold
L104106,Centurion,House,6.0,481.0,2024-10-26,,R 9 892 000,,Withdrawn
L102116,Brooklyn,Apartment,2.0,61.0,2025-10-20,2025-11-28,1280000,"R1,228,000",Sold
L101834,Groenkloof,Apartment,1.0,98.0,2024-12-25,2025-02-02,R 2 145 000.00,R 2 022 000,Sold
L100793,Waterkloof,Apartment,2.0,137.0,2023-09-29,2023-12-02,R 3 390 000.00,"R3,225,000",Sold
L104657,Waterkloof Ridge,Apartment,1.0,69.0,2026-03-19,2026-04-21,R 2 185 000.00,R 2 112 000.00,Sold
L102674,Irene,House,6.0,391.0,2026-01-11,2026-01-21,R 7 762 000.00,R 7 762 000.00,Sold
L100094,Brooklyn,Townhouse,3.0,254.0,2025-06-27,2025-08-02,R 6 060 000,"R6,013,000",Sold
L104225,Bryanston,Apartment,3.0,165.0,2024-08-25,2024-10-20,R 4 238 000.00,R 4 238 000,Sold
L103756,Brooklyn,Apartment,1.0,79.0,2023-07-16,2023-08-28,R 1 873 000.00,R 1 863 000,Sold
L102891,Sandton,Apartment,1.0,73.0,2023-12-25,2024-01-21,R 2 532 000.00,2485000,Sold
L102371,Menlo Pk,House,3.0,216.0,2023-11-24,2024-02-11,"R4,529,000",R 4 151 000,Sold
L105062,Brooklyn,House,5.0,306.0,2023-11-26,2023-12-31,"R6,749,000",R 6 541 000.00,Sold
L105415,Lynnwood,Apartment,2.0,74.0,2024-02-23,2024-06-03,R 1 386 000,R 1 311 000.00,Sold
L103228,Centurion,Apartment,1.0,99.0,2026-04-07,2026-04-25,R 2 266 000.00,R 2 036 000,Sold
L105447,Menlo Park,House,5.0,307.0,2025-01-13,2025-02-27,"R5,379,000",R 5 253 000.00,Sold
L102853,Menlo Park,Apartment,1.0,61.0,2026-03-28,2026-07-26,R 1 477 000.00,R 1 477 000.00,Sold
L102912,Faerie Glen,Apartment,1.0,80.0,2024-07-29,2024-08-30,1495000,R 1 465 000.00,Sold
L101865,  bryanston ,House,6.0,415.0,2024-07-29,2024-09-16,R 12 184 000,11878000,Sold
L104612,Centurion,Apartment,2.0,168.0,2025-08-25,2025-09-25,3226000,R 3 158 000.00,Sold
L101857,Brooklyn,House,4.0,255.0,2023-04-04,2023-05-12,"R4,856,000",R 4 650 000.00,Sold
L102645,Bryanston,House,5.0,381.0,2025-08-03,2025-10-07,13480000,R 12 697 000,Sold
L102243,Brooklyn,House,2.0,203.0,2024-10-18,2024-11-30,R 5 145 000.00,"R5,080,000",Sold
L102336,Bryanston,Apartment,1.0,67.0,2023-04-08,2023-05-27,1493000,1477000,Sold
L100950,Faerie Glen,Apartment,1.0,84.0,2024-03-28,2024-04-11,1422000,1373000,Sold
L103068,Centurion,Apartment,1.0,155.0,2023-05-09,2023-05-26,2757000,2678000,Sold
L101120,Centurion,House,4.0,289.0,2024-09-07,2024-10-03,6186000,"R6,084,000",Sold
L102597,Lynnwood,Apartment,1.0,78.0,2024-09-16,2024-10-11,R 1 799 000.00,R 1 756 000,Sold
L102204,Menlo Pk,House,6.0,491.0,2026-01-05,2026-02-01,R 13 633 000,R 13 107 000.00,Sold
L100419,Sandton,Apartment,1.0,62.0,2023-06-30,2023-07-24,"R2,166,000",1977000,Sold
L100922,Irene,House,2.0,150.0,2025-07-18,2025-09-24,2956000,R 2 782 000,Sold
L101254,Waterkloof Ridge,House,6.0,479.0,2025-08-05,2025-08-19,R 15 574 000,R 14 880 000,Sold
L100477,Irene,House,4.0,274.0,2026-03-24,2026-04-18,R 6 353 000.00,R 6 246 000.00,Sold
L102035,Rooihuiskraal,Apartment,1.0,77.0,2024-06-29,2024-09-04,R 1 206 000.00,R 1 145 000,Sold
L101202,Bryanston,House,6.0,397.0,2026-03-05,2026-03-24,11371000,"R10,859,000",Sold
L102626,IRENE,House,5.0,365.0,2024-12-25,2025-01-03,6430000,"R6,344,000",Sold
L105885,Waterkloof,House,3.0,267.0,2025-02-27,,"R7,071,000",,Withdrawn
L101970,Menlo Park,Apartment,2.0,94.0,2024-02-09,2024-03-02,R 1 661 000.00,"R1,638,000",Sold
L103110,Brooklyn,Townhouse,3.0,141.0,2025-11-15,2025-12-21,R 3 630 000.00,3630000,Sold
L104018,Waterkloof,House,4.0,180.0,2024-04-21,2024-05-23,R 4 891 000.00,4687000,Sold
L102151,Waterkloof,House,2.0,142.0,2025-11-19,2025-12-16,3454000,R 3 454 000,Sold
L103687,Sandton,Apartment,1.0,100.0,2025-01-12,2025-02-28,3414000,"R3,248,000",Sold
L104916,Centurion,House,3.0,239.0,2026-01-05,2026-03-04,4496000,4386000,Sold
L101997,Menlo Park,House,4.0,218.0,2025-10-17,2025-12-09,R 5 331 000.00,4852000,Sold
L104033,Faerie Glen,House,6.0,431.0,2024-04-03,,R 7 153 000,,Withdrawn
L103917,Faerie Glen,House,6.0,517.0,2025-07-02,2025-09-26,8752000,R 8 197 000.00,Sold
L103054,Irene,Apartment,2.0,82.0,2024-09-04,2024-10-16,"R1,476,000","R1,381,000",Sold
L101248,Bryanston,Apartment,1.0,67.0,2024-01-03,2024-03-04,"R1,709,000",1709000,Sold
L102192,Centurion,House,4.0,361.0,2023-06-20,2023-07-15,R 6 766 000.00,6766000,Sold
L102712,Brooklyn,Apartment,1.0,69.0,2024-02-17,2024-03-08,"R1,718,000",R 1 594 000.00,Sold
L100992,Rooihuiskraal,Townhouse,2.0,115.0,2023-03-18,2023-06-13,1320000,R 1 194 000.00,Sold
L102190,Waterkloof Ridge,Apartment,1.0,134.0,2024-07-12,2024-07-20,4327000,R 4 292 000.00,Sold
L104670,Groenkloof,House,3.0,249.0,2024-06-13,2024-06-27,5898000,R 5 898 000,Sold
L103762,Waterkloof,Apartment,1.0,50.0,2025-10-21,2025-11-11,1233000,1233000,Sold
L103597,Bryanston,House,2.0,158.0,2023-07-29,2023-08-25,R 3 598 000.00,R 3 598 000.00,Sold
L104711,Brooklyn,House,3.0,209.0,2025-08-01,2025-08-21,R 5 606 000,R 5 606 000,Sold
L101318,Centurion,House,4.0,265.0,2024-04-24,2024-06-14,R 5 867 000.00,5867000,Sold
L101863,Faerie Glen,House,6.0,351.0,2024-11-27,2024-12-31,"R5,843,000",R 5 554 000.00,Sold
L102343,Brooklyn,House,3.0,223.0,2023-07-18,2023-07-26,R 4 767 000,R 4 767 000.00,Sold
L102449,Irene,Apartment,2.0,69.0,2024-12-08,,"R1,236,000",,Withdrawn
L102136,Menlo Park,Apartment,1.0,114.0,2023-06-19,2023-08-03,R 2 148 000.00,2124000,Sold
L101065,Sandton,Apartment,1.0,70.0,2024-04-01,2024-05-21,R 2 185 000,2172000,Sold
L103316,CENTURION,Townhouse,3.0,273.0,2026-03-16,2026-04-08,R 4 577 000,R 4 437 000.00,Sold
L104227,Groenkloof,House,4.0,272.0,2023-09-25,2023-11-03,R 6 538 000.00,"R6,404,000",Sold
L102621,Sandton,Apartment,2.0,130.0,2024-11-27,2024-12-28,"R4,437,000",4248000,Sold
L100077,Centurion,House,3.0,163.0,2025-05-27,2025-07-18,R 2 745 000,"R2,745,000",Sold
L102898,Irene,House,3.0,217.0,2024-05-19,2024-06-18,"R3,873,000","R3,873,000",Sold
L104820,Centurion,Townhouse,4.0,225.0,2023-03-05,2023-04-22,R 4 044 000,"R4,044,000",Sold
L101314,Waterkloof,House,1.0,187.0,2023-05-18,2023-07-09,R 4 457 000,R 4 315 000.00,Sold
L105331,Centurion,Townhouse,1.0,173.0,2024-08-09,2024-09-14,"R3,079,000",R 3 079 000.00,Sold
L100872,Sandton,House,4.0,287.0,2026-02-26,2026-04-24,"R12,468,000",R 12 145 000,Sold
L103850,Lynnwood,House,4.0,264.0,2023-01-15,2023-01-25,R 5 831 000,R 5 831 000.00,Sold
L105850,Sandton,House,6.0,409.0,2023-01-06,2023-02-21,R 9 633 000,9337000,Sold
L102965,Faerie Glen Ext,House,3.0,258.0,2023-11-17,2024-01-25,"R3,385,000","R3,385,000",Sold
L103391,Centurion,Apartment,1.0,150.0,2024-02-07,2024-04-29,"R2,358,000","R2,358,000",Sold
L102560,Irene,House,,172.0,2023-12-25,2024-02-14,R 2 975 000.00,R 2 975 000.00,Sold
L105993,Sandton,House,5.0,347.0,2024-12-05,2024-12-10,10913000,"R10,303,000",Sold
L102635,Lynnwood,House,3.0,166.0,2024-02-08,2024-03-06,"R3,255,000","R3,253,000",Sold
L103530,Waterkloof,House,2.0,220.0,2024-03-31,2024-05-07,R 6 678 000,R 6 480 000,Sold
L100375,Waterkloof Rdg,House,6.0,415.0,2023-07-31,2023-09-30,"R10,523,000",R 10 444 000.00,Sold
L101908,Rooihuiskraal,House,2.0,176.0,2023-09-27,2023-10-18,R 2 307 000,"R2,221,000",Sold
L104429,Waterkloof,Apartment,1.0,58.0,2024-01-29,2024-03-14,"R1,258,000",R 1 228 000,Sold
L105282,Sandton,House,3.0,213.0,2023-05-09,2023-05-20,"R6,990,000",R 6 909 000.00,Sold
L105340,Menlo Park,Apartment,1.0,95.0,2023-05-03,2023-05-24,R 2 343 000.00,2314000,Sold
L104027,Centurion,House,4.0,222.0,2026-03-06,2026-04-06,4686000,4412000,Sold
L101604,Brooklyn,Townhouse,2.0,117.0,2024-10-06,2024-12-14,"R2,668,000",R 2 668 000.00,Sold
L101118,Brooklyn,House,5.0,356.0,2024-07-28,2024-08-16,"R7,515,000",R 7 257 000.00,Sold
L103677,Irene,Apartment,,64.0,2024-09-06,2024-09-27,1000000,R 1 000 000,Sold
L103490,Irene,House,3.0,252.0,2025-07-28,2025-10-01,R 5 160 000,R 5 028 000.00,Sold
L105950,Menlo Park,Apartment,2.0,116.0,2024-05-28,2024-06-16,R 2 617 000.00,2518000,Sold
L102958,Brooklyn,House,4.0,331.0,2023-07-19,2023-08-13,R 6 360 000,6229000,Sold
L101994,Lynnwood,House,3.0,201.0,2023-10-12,2023-11-23,4569000,R 4 461 000.00,Sold
L103143,Waterkloof,Apartment,1.0,57.0,2023-03-18,2023-05-17,R 1 259 000,"R1,217,000",Sold
L105306,Sandton,House,3.0,237.0,2025-10-24,2025-12-03,R 8 727 000.00,R 8 475 000.00,Sold
L102376,Bryanston,Apartment,2.0,54.0,2025-01-15,2025-02-19,"R1,358,000","R1,345,000",Sold
L101342,Faerie Glen,Apartment,1.0,91.0,2024-09-15,2024-10-22,"R1,485,000","R1,388,000",Sold
L100320,Sandton,House,3.0,196.0,2023-02-07,2023-03-21,4732000,R 4 732 000.00,Sold
L101619,WATERKLOOF,Apartment,2.0,100.0,2023-12-22,2024-02-09,R 2 310 000.00,R 2 201 000.00,Sold
L103713,Rooihuiskraal,Apartment,1.0,66.0,2026-01-14,,975000,,Withdrawn
L102060,Sandton,Apartment,1.0,84.0,2024-05-05,2024-05-25,R 2 511 000,"R2,397,000",Sold
L102219,  menlo park ,Apartment,3.0,129.0,2023-06-04,2023-06-29,"R2,423,000",R 2 337 000.00,Sold
L101673,Waterkloof Ridge,House,1.0,166.0,2026-02-08,2026-02-13,R 4 608 000.00,4423000,Sold
L100260,Waterkloof  Ridge,Townhouse,3.0,161.0,2023-02-08,2023-04-21,4225000,"R3,994,000",Sold
L105394,LYNNWOOD,Apartment,2.0,76.0,2025-03-17,2025-05-17,R 1 992 000,1890000,Sold
L102039,Rooihuiskraal,Apartment,2.0,144.0,2023-09-05,2023-12-06,"R2,096,000",R 2 069 000,Sold
L104785,Bryanston,Apartment,1.0,121.0,2024-06-25,2024-07-05,R 3 332 000,R 3 254 000.00,Sold
L100901,Brooklyn,House,,184.0,2023-12-05,2024-02-11,R 3 697 000.00,R 3 461 000,Sold
L103744,Waterkloof Ridge,Apartment,1.0,102.0,2024-07-17,2024-09-03,R 2 623 000.00,R 2 623 000.00,Sold
L102026,Bryanston,House,4.0,281.0,2024-02-02,2024-02-26,R 7 956 000,"R7,671,000",Sold
L104234,Waterkloof,Apartment,1.0,,2024-10-18,2024-11-04,"R1,503,000","R1,503,000",Sold
L101917,Centurion,House,2.0,207.0,2026-03-21,2026-04-05,R 4 842 000,4842000,Sold
L101828,Sandton,Apartment,1.0,,2025-03-29,2025-06-12,3641000,R 3 617 000,Sold
L101573,Bryanston,House,5.0,423.0,2025-05-13,2025-07-06,R 11 155 000.00,R 11 155 000,Sold
L104415,Rooihuiskraal,Townhouse,2.0,191.0,2026-03-19,2026-05-24,2953000,R 2 790 000,Sold
L104749,Waterkloof Ridge,House,4.0,295.0,2023-07-25,2023-08-27,"R8,297,000",R 8 098 000,Sold
L105360,Centurion,Apartment,2.0,,2024-12-12,2025-01-23,R 2 280 000.00,"R2,221,000",Sold
L104654,Lynnwood,House,5.0,,2024-02-01,2024-02-25,R 7 385 000.00,"R7,385,000",Sold
L104208,Lynnwood,House,4.0,197.0,2024-09-05,2024-12-24,"R4,503,000",R 4 272 000,Sold
L104627,Menlo Park,House,4.0,238.0,2024-08-09,2024-09-13,R 5 175 000,4907000,Sold
L100224,Brooklyn,House,3.0,235.0,2025-04-21,,R 5 640 000.00,,Withdrawn
L100723,Sandton,House,2.0,229.0,2024-10-07,2024-12-23,8407000,"R8,407,000",Sold
L105483,Menlo Park,Apartment,1.0,57.0,2024-09-08,2024-11-04,"R1,066,000",1054000,Sold
L101141,Rooihuiskraal,Apartment,2.0,129.0,2025-04-05,,R 1 892 000.00,,Withdrawn
L102762,Waterkloof Ridge,House,6.0,354.0,2024-02-27,2024-05-02,R 11 490 000.00,R 11 490 000.00,Sold
L100846,Lynnwood,House,4.0,311.0,2023-05-19,2023-06-04,"R7,058,000",R 6 875 000,Sold
L104289,Irene,House,4.0,315.0,2024-11-22,,R 5 853 000.00,,Withdrawn
L105042,Menlo Park,Apartment,2.0,95.0,2023-12-29,2024-01-11,1758000,R 1 758 000,Sold
L102551,Faerie Glen,Apartment,2.0,108.0,2026-02-25,2026-03-24,R 2 147 000.00,"R2,036,000",Sold
L102928,Menlo Park,House,6.0,333.0,2023-12-14,2024-01-22,7936000,"R7,526,000",Sold
L100117,Centurion,House,3.0,206.0,2024-04-17,2024-06-03,R 3 550 000,R 3 476 000.00,Sold
L100645,Bryanston,House,,202.0,2023-05-07,2023-06-04,R 5 989 000.00,"R5,889,000",Sold
L100003,Centurion,House,2.0,156.0,2024-03-05,2024-03-09,"R3,005,000",2888000,Sold
L104170,Sandton,House,6.0,325.0,2024-05-05,2024-05-30,R 9 048 000.00,8391000,Sold
L100467,Sandton,Apartment,1.0,85.0,2023-04-01,2023-04-19,R 1 889 000.00,R 1 788 000,Sold
L100005,Sandton,House,3.0,168.0,2023-04-02,2023-06-06,4660000,"R4,301,000",Sold
L100919,Faerie Glen,Apartment,1.0,85.0,2023-06-11,2023-08-09,"R1,378,000","R1,315,000",Sold
L102595,Sandton,Apartment,2.0,127.0,2023-10-05,2023-11-22,R 4 097 000,3886000,Sold
L104324,Groenkloof,House,6.0,497.0,2025-02-25,2025-03-11,"R10,070,000",R 9 805 000,Sold
L101063,Irene,House,3.0,213.0,2024-11-10,2024-11-22,"R4,151,000",4018000,Sold
L102590,Rooihuiskraal,House,5.0,341.0,2026-02-08,2026-03-16,R 4 910 000,R 4 891 000,Sold
L100242,Brooklyn,House,3.0,210.0,2024-10-14,2024-10-22,"R4,842,000",4572000,Sold
L105313,Centurion,House,6.0,326.0,2026-04-22,,R 7 300 000,,Withdrawn
L101160,Waterkloof,Apartment,1.0,67.0,2026-04-13,2026-05-30,1689000,R 1 655 000,Sold
L102870,Irene,House,6.0,313.0,2023-07-17,2023-08-15,"R5,166,000",5132000,Sold
L103735,Sandton,Apartment,1.0,70.0,2025-10-02,2025-12-26,R 2 418 000.00,"R2,327,000",Sold
L102397,GROENKLOOF,Apartment,1.0,144.0,2023-01-13,2023-01-26,"R2,354,000",R 2 187 000,Sold
L103517,Groenkloof,House,6.0,313.0,2023-08-23,2023-09-05,6995000,6995000,Sold
L103421,Menlo Park,House,4.0,252.0,2023-09-02,,R 5 754 000.00,,Withdrawn
L102563,Faerie Glen,House,3.0,195.0,2023-01-05,2023-03-29,R 2 840 000.00,2621000,Sold
L101605,Brooklyn,Townhouse,3.0,322.0,2023-05-06,2023-06-20,R 7 352 000,R 7 313 000.00,Sold
L105897,Bryanston,House,3.0,224.0,2025-09-14,2025-10-12,R 6 922 000,"R6,922,000",Sold
L102324,Brooklyn,Apartment,1.0,70.0,2024-04-13,2024-05-20,1541000,1541000,Sold
L102709,Centurion,House,6.0,395.0,2025-09-03,2023-01-01,"R9,080,000",R 9 080 000,Sold
L105366,Lynnwood,House,4.0,345.0,2024-07-22,2024-09-10,7093000,R 6 826 000,Sold
L101312,Irene,House,6.0,435.0,2023-07-27,2023-08-11,8532000,R 8 276 000,Sold
L103448,Menlo Park,House,6.0,459.0,2023-05-01,,R 8 954 000.00,,Withdrawn
L103812,Irene,Apartment,2.0,117.0,2025-12-13,2026-01-15,R 2 344 000,2344000,Sold
L105687,Groenkloof,House,5.0,356.0,2025-01-18,2025-03-16,7124000,R 6 762 000.00,Sold
L102362,Lynnwood,House,5.0,311.0,2023-07-14,2023-07-28,R 6 200 000,R 6 044 000,Sold
L101975,Groenkloof,Townhouse,1.0,93.0,2023-02-11,2023-03-17,"R1,411,000","R1,348,000",Sold
L103514,Sandton,House,3.0,171.0,2024-04-23,2024-05-19,R 6 266 000.00,R 6 266 000,Sold
L101761,Groenkloof,Townhouse,2.0,200.0,2023-05-07,2023-07-18,"R3,383,000",R 3 210 000,Sold
L102739,Irene,Apartment,3.0,197.0,2025-02-09,2025-02-23,R 3 386 000,R 3 288 000.00,Sold
L105695,Brooklyn,Apartment,2.0,91.0,2024-06-19,2024-07-04,1738000,R 1 652 000.00,Sold
L102472,Centurion,House,6.0,413.0,2025-03-21,2025-05-28,"R9,458,000",8955000,Sold
L104007,Groenkloof,Townhouse,2.0,111.0,2023-10-22,2024-01-05,R 2 333 000,R 2 333 000,Sold
L104718,Faerie Glen,House,3.0,193.0,2024-02-26,2024-04-19,R 2 628 000,2475000,Sold
L101493,Rooihuiskraal,House,2.0,148.0,2025-10-30,2025-12-15,"R2,093,000",R 2 054 000.00,Sold
L104206,Groenkloof,House,6.0,416.0,2024-12-25,2025-02-13,R 11 117 000,R 10 631 000,Sold
L102158,Lynnwood,House,4.0,,2026-01-23,2026-03-04,R 6 124 000.00,R 6 124 000.00,Sold
L101169,Waterkloof Ridge,House,2.0,175.0,2025-02-12,2025-04-20,5365000,"R5,300,000",Sold
L105520,Lynnwood,House,3.0,180.0,2025-12-27,2026-04-17,R 4 007 000,3529000,Sold
L100232,  sandton ,Apartment,3.0,109.0,2023-05-16,2023-06-11,R 2 776 000.00,2500000,Sold
L100066,Faerie Glen,House,2.0,138.0,2023-06-16,2023-09-20,"R2,495,000",2495000,Sold
L101603,Bryanston,Apartment,1.0,119.0,2025-03-06,2025-03-21,3317000,"R3,226,000",Sold
L103283,Waterkloof Ridge,House,4.0,328.0,2025-06-16,2025-08-14,9924000,R 9 594 000.00,Sold
L103596,Bryanston,House,4.0,202.0,2025-02-08,2025-05-09,5818000,R 5 651 000,Sold
L104632,Menlo Park,Townhouse,2.0,156.0,2023-12-15,2024-01-29,3309000,"R3,218,000",Sold
L100125,Faerie Glen,House,3.0,271.0,2025-04-30,2025-05-22,5264000,"R5,131,000",Sold
L101296,Waterkloof Ridge,Apartment,2.0,81.0,2023-03-02,2023-05-05,2305000,R 2 305 000.00,Sold
L101976,Lynnwood,Apartment,1.0,81.0,2023-08-16,2023-08-28,R 1 459 000,1412000,Sold
L105521,Brooklyn,House,4.0,230.0,2024-04-03,2024-05-03,R 4 937 000,R 4 928 000.00,Sold
L105478,Irene,Apartment,2.0,117.0,2024-11-17,2024-12-26,R 2 428 000,2327000,Sold
L102075,Faerie Glen,House,6.0,421.0,2025-01-25,2025-04-25,7483000,7080000,Sold
L104580,Centurion,Apartment,1.0,72.0,2024-05-22,2024-07-13,R 1 117 000,R 1 095 000.00,Sold
L103086,Groenkloof,House,5.0,336.0,2023-07-05,2023-08-06,R 7 563 000,7563000,Sold
L105296,Sandton,Apartment,1.0,70.0,2024-03-12,2024-05-10,R 1 900 000.00,1818000,Sold
L103345,Centurion,Apartment,1.0,91.0,2023-09-11,2023-10-15,"R1,468,000",R 1 467 000.00,Sold
L105458,Groenkloof,Townhouse,2.0,,2023-02-25,2023-03-25,R 2 406 000.00,"R2,337,000",Sold
L102797,Menlo Park,Apartment,1.0,79.0,2025-01-11,2025-01-22,1532000,"R1,516,000",Sold
L100918,Brooklyn,House,3.0,264.0,2025-01-01,2025-01-12,R 5 307 000,R 5 305 000,Sold
L101646,Brooklyn,House,3.0,188.0,2025-02-10,2025-02-18,"R3,880,000",R 3 783 000,Sold
L105122,Lynnwood,Apartment,1.0,128.0,2025-04-26,2025-05-23,R 2 550 000.00,2420000,Sold
L105126,Lynnwood,House,5.0,309.0,2023-01-24,2023-03-26,R 5 125 000.00,R 4 925 000,Sold
L104978,Bryanston,House,3.0,214.0,2025-08-24,2025-10-23,R 6 051 000,5805000,Sold
L104621,Sandton,House,4.0,246.0,2023-02-12,2023-04-22,R 6 992 000.00,"R6,475,000",Sold
L100364,Centurion,Apartment,1.0,97.0,2025-03-06,2025-04-06,1891000,R 1 847 000.00,Sold
L103287,Lynnwood,Apartment,1.0,67.0,2023-06-30,2023-08-19,R 1 173 000.00,R 1 056 000.00,Sold
L102125,Menlo Park,House,3.0,238.0,2024-12-19,,"R5,075,000",,Withdrawn
L104123,Menlo Park,House,2.0,120.0,2023-09-08,2023-10-04,2701000,2615000,Sold
L104569,Irene,Townhouse,3.0,189.0,2024-10-08,2024-11-06,"R3,974,000",R 3 949 000,Sold
L100525,Menlo Park,Townhouse,3.0,139.0,2024-07-11,2024-07-24,R 3 252 000,R 3 154 000.00,Sold
L104821,Brooklyn,House,,172.0,2024-02-28,2024-03-30,"R3,892,000","R3,732,000",Sold
L100055,Rooihuiskraal,House,6.0,448.0,2024-08-02,2024-09-25,"R7,107,000",R 6 791 000.00,Sold
L100638,Rooihuiskraal,Apartment,2.0,96.0,2025-01-22,2025-03-10,1720000,1719000,Sold
L100302,Faerie Glen,House,4.0,167.0,2024-06-27,2024-08-17,2772000,2648000,Sold
L102766,Lynnwood,Apartment,1.0,102.0,2025-05-07,2025-06-22,R 2 178 000,R 2 014 000,Sold
L101276,Groenkloof,House,2.0,112.0,2025-05-26,2025-06-19,3215000,3213000,Sold
L104720,Lynnwood,House,4.0,231.0,2025-02-02,2025-03-31,R 5 681 000.00,R 5 142 000,Sold
L102055,Lynnwood,Apartment,1.0,58.0,2024-07-28,2024-09-14,"R1,176,000",1176000,Sold
L105145,Bryanston,Apartment,1.0,77.0,2023-10-20,2023-11-13,1736000,R 1 692 000.00,Sold
L104432,Bryanston,House,2.0,193.0,2024-11-10,,R 5 579 000,,Withdrawn
L103644,Waterkloof,Apartment,1.0,87.0,2025-04-03,2025-05-17,"R2,178,000","R2,116,000",Sold
L104143,Menlo Park,House,2.0,202.0,2025-04-18,,"R5,210,000",,Withdrawn
L102878,FAERIE GLEN,House,3.0,281.0,2025-04-01,2025-07-03,5928000,R 5 928 000.00,Sold
L104202,Waterkloof Ridge,House,4.0,322.0,2024-08-07,2024-09-11,R 9 201 000,R 9 089 000.00,Sold
L105175,  waterkloof ,House,4.0,331.0,2023-12-14,2024-01-28,R 7 654 000,"R7,387,000",Sold
L102286,Bryanston,House,,478.0,2025-04-12,2025-04-27,R 13 893 000.00,"R13,766,000",Sold
L102261,Sandton,House,6.0,357.0,2025-03-05,2025-03-11,12374000,12148000,Sold
L105240,Waterkloof Ridge,Apartment,1.0,100.0,2023-08-08,2023-08-24,2446000,"R2,376,000",Sold
L102296,Centurion,Apartment,2.0,96.0,2025-04-30,2025-05-20,1895000,"R1,794,000",Sold
L101753,Bryanston,Apartment,1.0,108.0,2025-08-29,2025-11-04,"R4,106,000","R3,999,000",Sold
L105197,Menlo Park,House,2.0,136.0,2024-09-27,2024-10-08,3446000,3328000,Sold
L101968,Lynnwood,House,5.0,353.0,2026-04-24,2026-05-12,R 8 012 000.00,7269000,Sold
L105302,Centurion,Townhouse,3.0,185.0,2025-03-24,2025-05-12,"R3,618,000",R 3 549 000.00,Sold
L103117,Centurion,Apartment,1.0,100.0,2025-11-01,2025-12-05,R 1 807 000.00,"R1,747,000",Sold
L102393,Waterkloof,Apartment,1.0,72.0,2025-11-23,2026-01-05,R 1 927 000,R 1 801 000,Sold
L100523,Irene,House,6.0,382.0,2024-07-23,2024-08-25,"R8,762,000",R 8 272 000.00,Sold
L103900,Waterkloof Ridge,House,4.0,317.0,2023-09-18,,R 8 761 000.00,,Withdrawn
L105700,Bryanston,House,3.0,201.0,2025-10-25,2025-12-18,5384000,"R5,384,000",Sold
L104699,Rooihuiskraal,Apartment,,88.0,2025-11-13,2026-01-01,"R1,227,000","R1,225,000",Sold
L101699,Centurion,Apartment,1.0,58.0,2025-01-20,2025-03-02,1030000,1014000,Sold
L103122,Menlo Park,Apartment,1.0,102.0,2025-02-17,2025-04-07,2146000,R 2 131 000.00,Sold
L104156,Sandton,House,4.0,228.0,2025-05-15,2025-06-24,7347000,6867000,Sold
L101969,Faerie Glen Ext,House,5.0,332.0,2024-04-24,2024-05-12,6267000,R 6 267 000,Sold
L100671,Irene,House,6.0,395.0,2024-08-17,2024-09-06,R 10 217 000.00,9730000,Sold
L104188,  waterkloof ,House,1.0,111.0,2024-11-05,2024-12-25,2663000,"R2,508,000",Sold
L100666,Rooihuiskraal,Apartment,2.0,95.0,2023-07-07,2023-08-01,"R1,299,000",R 1 212 000,Sold
L105288,Brooklyn,House,3.0,293.0,2023-09-22,2023-10-13,6374000,"R6,129,000",Sold
L101887,Groenkloof,House,3.0,207.0,2025-10-04,2025-11-08,"R4,066,000",R 4 007 000,Sold
L103266,Groenkloof,House,4.0,276.0,2025-11-08,2025-11-18,R 6 142 000.00,"R5,962,000",Sold
L100280,Waterkloof,Apartment,1.0,127.0,2024-05-26,2024-07-05,"R3,629,000","R3,390,000",Sold
L101719,Bryanston,House,6.0,503.0,2024-11-20,2025-01-16,16332000,"R16,239,000",Sold
L102947,Rooihuiskraal,Apartment,1.0,118.0,2023-06-03,2023-06-08,R 1 390 000.00,1345000,Sold
L104455,Menlo Park,Apartment,1.0,72.0,2024-01-31,2024-03-18,R 1 313 000.00,R 1 313 000,Sold
L100899,Faerie Glen,Townhouse,1.0,111.0,2024-06-30,2024-09-04,"R1,628,000",R 1 563 000,Sold
L105928,Bryanston,Apartment,1.0,56.0,2024-02-11,2024-04-04,"R1,488,000",1454000,Sold
L100760,Centurion,House,2.0,120.0,2023-03-16,2023-03-28,"R2,019,000",1927000,Sold
L101906,Lynnwood,Apartment,1.0,103.0,2025-09-22,2025-10-16,R 2 254 000,"R2,164,000",Sold
L104042,Waterkloof Rdg,Apartment,1.0,71.0,2023-04-11,2023-05-08,R 1 907 000,R 1 876 000,Sold
L103823,Waterkloof,House,2.0,152.0,2023-01-17,2023-02-16,R 3 452 000,R 3 452 000,Sold
L104138,Centurion,House,4.0,195.0,2024-11-10,2024-12-15,R 3 422 000,R 3 416 000,Sold
L103818,Centurion,House,2.0,139.0,2025-07-12,2025-09-04,R 2 218 000.00,R 2 218 000,Sold
L104300,Lynnwood,House,3.0,193.0,2024-11-12,2024-12-07,"R4,978,000",R 4 854 000,Sold
L102593,Waterkloof Ridge,House,2.0,118.0,2024-06-12,2024-07-29,"R2,758,000",2676000,Sold
L104164,Centurion,House,3.0,208.0,2025-04-18,2025-06-25,R 4 348 000,R 4 143 000,Sold
L103031,Waterkloof,Townhouse,2.0,163.0,2025-10-30,2025-11-15,R 3 952 000.00,R 3 945 000,Sold
L103579,  waterkloof ,House,4.0,223.0,2025-02-02,,"R6,611,000",,Withdrawn
L102832,Lynnwood,House,4.0,300.0,2023-04-27,2023-05-24,7381000,R 7 022 000,Sold
L103472,Faerie Glen,House,3.0,237.0,2025-04-01,2025-04-22,"R4,648,000",4346000,Sold
L100137,Faerie Glen,House,4.0,261.0,2023-04-15,2023-05-28,R 3 807 000.00,3807000,Sold
L104892,Lynnwood,Apartment,2.0,102.0,2025-03-19,2025-04-14,1982000,R 1 982 000.00,Sold
L102180,ROOIHUISKRAAL,House,2.0,141.0,2024-11-01,2025-01-30,R 2 005 000,R 1 807 000,Sold
L102128,Waterkloof,Apartment,1.0,103.0,2026-02-23,2026-03-23,R 2 497 000.00,"R2,400,000",Sold
L103177,  menlo park ,House,5.0,356.0,2025-03-10,,8258000,,Withdrawn
L104854,Waterkloof,Townhouse,2.0,113.0,2024-08-05,2024-08-19,2807000,2791000,Sold
L104637,Centurion,Townhouse,2.0,184.0,2025-01-24,2025-03-28,R 3 144 000.00,"R3,115,000",Sold
L105115,Sandton,House,6.0,525.0,2025-10-17,2025-11-23,"R15,760,000",14595000,Sold
L105632,Lynnwood,House,3.0,174.0,2024-10-12,2024-12-03,"R2,959,000",R 2 847 000.00,Sold
L104261,Bryanston,Townhouse,6.0,363.0,2025-11-17,2025-11-27,R 11 009 000,"R11,009,000",Sold
L104344,Centurion,House,2.0,181.0,2025-11-06,2025-12-29,R 4 066 000,"R4,021,000",Sold
L101331,Faerie Glen,Townhouse,1.0,118.0,2024-06-24,2024-09-23,R 2 037 000.00,R 1 978 000.00,Sold
L102017,Waterkloof,Apartment,2.0,84.0,2025-07-09,2025-08-17,R 2 111 000.00,R 2 085 000,Sold
L104542,Sandton,House,6.0,388.0,2026-02-20,2026-03-06,R 13 840 000.00,"R13,368,000",Sold
L102482,Waterkloof  Ridge,Apartment,1.0,66.0,2024-02-09,2024-02-26,1947000,"R1,800,000",Sold
L101358,Centurion,House,5.0,308.0,2024-09-26,2024-10-15,R 5 566 000.00,R 5 566 000,Sold
L101329,Groenkloof,House,1.0,166.0,2023-08-31,2023-12-03,R 4 300 000.00,R 4 295 000.00,Sold
L103193,Centurion,House,3.0,181.0,2024-01-29,2024-03-10,R 2 909 000,"R2,865,000",Sold
L102150,Centurion,House,4.0,231.0,2025-05-06,2025-05-30,4794000,R 4 794 000.00,Sold
L104530,Rooihuiskraal,Apartment,1.0,37.0,2026-01-24,2026-02-27,R 574 000.00,"R541,000",Sold
L102122,Brooklyn,Apartment,1.0,58.0,2026-01-25,2026-02-16,1366000,R 1 366 000,Sold
L104673,Brooklyn,Apartment,1.0,93.0,2024-06-05,2024-09-13,2131000,R 2 131 000.00,Sold
L103981,Lynnwood,House,5.0,332.0,2025-05-31,2025-07-08,R 7 840 000.00,7840000,Sold
L101252,Waterkloof Ridge,Apartment,1.0,76.0,2024-07-02,2024-07-18,1756000,"R1,657,000",Sold
L103278,Menlo Park,House,4.0,275.0,2024-09-09,2024-11-03,R 5 657 000.00,R 5 435 000.00,Sold
L103374,Faerie Glen Ext,Apartment,1.0,56.0,2025-05-29,2025-07-06,R 1 197 000,R 1 157 000.00,Sold
L102814,Waterkloof,Townhouse,2.0,103.0,2024-01-29,2024-03-27,2656000,2636000,Sold
L104719,Waterkloof Ridge,Apartment,2.0,63.0,2024-07-06,2024-07-22,R 1 813 000.00,"R1,720,000",Sold
L101848,Lynnwood,House,4.0,335.0,2025-05-26,2025-07-24,R 7 597 000,"R6,975,000",Sold
L104858,Waterkloof,Apartment,1.0,87.0,2023-11-17,2023-12-03,2435000,R 2 345 000,Sold
L103037,Waterkloof,Apartment,3.0,168.0,2024-05-20,2024-06-05,"R4,506,000",R 4 454 000.00,Sold
L100388,Waterkloof Ridge,Townhouse,1.0,118.0,2024-05-13,,R 2 594 000,,Withdrawn
L100235,Rooihuiskraal,House,3.0,270.0,2025-05-23,2025-07-24,R 4 631 000,R 4 287 000,Sold
L101077,Faerie Glen,Townhouse,3.0,201.0,2025-11-04,2025-12-20,3522000,"R3,480,000",Sold
L101984,Irene,Apartment,2.0,99.0,2024-07-05,2024-07-30,R 2 327 000,"R2,279,000",Sold
L104363,Sandton,Apartment,2.0,137.0,2025-10-15,2025-11-25,"R4,745,000",R 4 585 000.00,Sold
L103962,Centurion,House,6.0,361.0,2023-07-07,2023-07-23,"R5,626,000",5626000,Sold
L100770,Brooklyn,House,2.0,196.0,2024-09-01,2024-10-07,R 5 957 000,R 5 957 000.00,Sold
L102165,Brooklyn,Apartment,1.0,58.0,2023-12-09,2024-01-11,R 1 195 000.00,R 1 195 000.00,Sold
L104533,FAERIE GLEN,Apartment,2.0,63.0,2025-10-08,2025-12-06,R 1 073 000.00,R 1 000 000.00,Sold
L100673,Centurion,House,3.0,187.0,2023-04-23,2023-05-24,"R3,202,000",R 3 145 000.00,Sold
L100249,Lynnwood,House,1.0,173.0,2026-04-27,2026-05-21,R 5 266 000.00,R 5 266 000,Sold
L101574,WATERKLOOF RIDGE,House,3.0,200.0,2025-11-08,,R 6 432 000,,Withdrawn
L103419,Bryanston,Townhouse,1.0,101.0,2023-07-13,,2864000,,Withdrawn
L102081,Groenkloof,Apartment,,88.0,2026-03-31,2026-05-01,R 1 829 000,1813000,Sold
L101823,Irene,House,3.0,225.0,2023-12-14,2024-02-14,R 3 295 000,"R3,288,000",Sold
L105657,Rooihuiskraal,Apartment,1.0,78.0,2024-06-19,2024-07-24,R 1 190 000.00,"R1,120,000",Sold
L105849,Rooihuiskraal,House,4.0,363.0,2023-05-08,2023-07-30,5920000,"R5,756,000",Sold
L104544,Menlo Pk,House,2.0,177.0,2024-11-09,2024-12-11,"R3,759,000",R 3 458 000,Sold
L100716,Irene,Apartment,1.0,67.0,2026-01-22,2026-05-17,1428000,"R1,395,000",Sold
L105449,Lynnwood,House,3.0,227.0,2023-07-18,2023-08-24,R 5 014 000.00,R 4 757 000.00,Sold
L105707,Bryanston,House,2.0,213.0,2023-12-02,2024-02-20,R 5 534 000.00,"R5,534,000",Sold
L102048,Waterkloof Rdg,House,6.0,499.0,2024-10-16,,R 15 656 000.00,,Withdrawn
L105264,Menlo Park,House,3.0,235.0,2025-10-16,2025-12-08,"R4,642,000",4642000,Sold
L104178,Centurion,House,3.0,242.0,2023-12-22,2024-01-21,R 4 181 000,4015000,Sold
L104809,Irene,Townhouse,3.0,149.0,2026-02-03,2026-04-27,"R3,355,000",R 3 198 000,Sold
L102724,Groenkloof,House,4.0,298.0,2023-03-09,2023-05-15,"R6,714,000",R 6 483 000,Sold
L105525,Sandton,Apartment,2.0,114.0,2024-11-12,2024-12-17,"R3,343,000",3343000,Sold
L101460,Rooihuiskraal,House,5.0,308.0,2024-01-24,2024-04-16,"R4,175,000",4102000,Sold
L101668,Waterkloof,Apartment,3.0,125.0,2025-11-30,2026-01-13,3207000,3177000,Sold
L102756,Bryanston,House,3.0,245.0,2023-08-19,2023-10-16,"R6,469,000",6388000,Sold
L102000,Bryanston,Apartment,1.0,72.0,2023-10-13,2023-10-27,"R1,937,000",1937000,Sold
L104571,  bryanston ,House,3.0,163.0,2023-07-10,2023-09-03,R 3 994 000,3967000,Sold
L104613,Lynnwood,House,3.0,252.0,2023-11-21,2023-12-25,R 4 471 000.00,4432000,Sold
L100404,Sandton,House,4.0,242.0,2024-02-21,2024-03-09,"R7,471,000",7031000,Sold
L100384,Menlo Pk,House,4.0,223.0,2024-11-26,2024-12-19,R 4 078 000.00,R 4 077 000,Sold
L105490,Menlo Park,House,6.0,446.0,2025-10-04,2025-12-07,R 9 450 000.00,R 8 890 000.00,Sold
L102152,Rooihuiskraal,Apartment,2.0,93.0,2023-01-23,2023-03-09,R 1 131 000,1104000,Sold
L101633,Centurion,Apartment,1.0,61.0,2026-03-03,2026-04-11,"R1,213,000",1146000,Sold
L105601,Waterkloof,House,3.0,253.0,2023-03-12,2023-03-25,R 6 736 000.00,6735000,Sold
L104784,Sandton,Townhouse,2.0,131.0,2025-04-19,,R 3 241 000.00,,Withdrawn
L103925,  irene ,Townhouse,2.0,119.0,2025-11-30,2025-12-20,R 2 356 000.00,R 2 310 000.00,Sold
L105336,Centurion,House,6.0,481.0,2026-02-10,2026-02-17,R 9 840 000.00,R 9 751 000,Sold
L104158,Lynnwood,House,4.0,270.0,2024-04-11,2024-04-27,R 5 569 000.00,R 5 455 000.00,Sold
L104948,Centurion,House,6.0,389.0,2023-06-20,2023-07-25,R 6 819 000.00,R 6 457 000.00,Sold
L105358,Menlo Park,House,5.0,300.0,2025-11-11,2025-12-27,R 7 884 000,R 7 884 000,Sold
L100223,Sandton,House,3.0,243.0,2024-06-05,2024-07-21,"R7,635,000","R7,009,000",Sold
L102193,Waterkloof,Townhouse,,208.0,2023-03-12,2023-04-14,R 5 520 000,R 5 520 000.00,Sold
L103136,Bryanston,House,1.0,123.0,2023-11-22,2023-12-23,"R3,644,000",R 3 644 000,Sold
L104469,Brooklyn,House,3.0,243.0,2023-08-28,2023-10-05,"R5,185,000",R 4 950 000.00,Sold
L101824,Centurion,Townhouse,1.0,115.0,2026-04-09,2026-05-08,2313000,2167000,Sold
L105920,Lynnwood,Apartment,1.0,58.0,2023-01-11,,R 1 118 000.00,,Withdrawn
L105124,Faerie Glen,Townhouse,1.0,122.0,2025-04-22,2025-06-30,R 2 459 000.00,R 2 253 000.00,Sold
L104972,Menlo Park,Townhouse,3.0,235.0,2024-05-08,2024-05-30,"R6,066,000",5873000,Sold
L100797,Groenkloof,House,3.0,226.0,2023-04-24,2023-06-16,"R4,026,000",R 3 870 000.00,Sold
L102871,Lynnwood,Apartment,2.0,114.0,2024-08-28,2024-09-24,2333000,"R2,332,000",Sold
L100009,Lynnwood,Apartment,1.0,107.0,2023-08-01,2023-09-01,R 2 341 000.00,R 2 340 000,Sold
L101944,Bryanston,Apartment,2.0,115.0,2023-04-17,,"R2,924,000",,Withdrawn
L101838,Rooihuiskraal,Apartment,1.0,111.0,2024-09-02,,1568000,,Withdrawn
L104804,Bryanston,Apartment,2.0,125.0,2025-09-30,2025-12-03,R 3 652 000,R 3 652 000,Sold
L100255,Centurion,Townhouse,1.0,106.0,2025-03-17,2025-05-01,2338000,R 2 181 000.00,Sold
L104485,Brooklyn,Apartment,2.0,74.0,2025-09-22,2025-10-14,R 1 792 000.00,R 1 772 000,Sold
L105507,Lynnwood,House,4.0,202.0,2025-12-05,2026-02-16,"R5,032,000",R 4 988 000.00,Sold
L101581,Menlo Park,Apartment,1.0,58.0,2025-03-05,,"R1,248,000",,Withdrawn
L102956,Groenkloof,Apartment,1.0,115.0,2024-09-23,2024-11-01,R 2 810 000,R 2 808 000.00,Sold
L100924,Groenkloof,House,5.0,260.0,2025-11-13,2025-12-10,R 6 880 000,"R6,827,000",Sold
L105412,Menlo Park,Apartment,1.0,79.0,2025-08-31,2025-09-15,R 1 914 000,1825000,Sold
L102508,Faerie  Glen,Townhouse,4.0,206.0,2026-02-10,2026-05-12,"R3,255,000",3066000,Sold
L105024,Centurion,House,3.0,188.0,2023-06-16,2023-06-27,R 3 842 000,R 3 512 000.00,Sold
L105320,Waterkloof,House,6.0,501.0,2024-10-27,2024-11-24,"R14,181,000",13425000,Sold
L103775,Faerie Glen,House,3.0,236.0,2025-12-29,2026-04-18,3617000,"R3,608,000",Sold
L104835,Bryanston,House,2.0,144.0,2025-06-19,2025-09-22,R 4 714 000.00,4564000,Sold
L104136,Faerie Glen,Apartment,3.0,164.0,2023-10-12,2023-11-12,R 2 369 000.00,2224000,Sold
L104964,Brooklyn,House,2.0,152.0,2023-09-15,2023-10-03,3368000,R 3 110 000.00,Sold
L102779,Waterkloof Ridge,House,2.0,133.0,2026-04-23,2026-06-05,R 3 946 000,"R3,712,000",Sold
L100539,Bryanston,Apartment,1.0,42.0,2023-06-24,2023-08-10,R 1 087 000,1051000,Sold
L102745,ROOIHUISKRAAL,House,6.0,346.0,2023-02-13,2023-03-11,R 3 826 000.00,"R3,586,000",Sold
L105945,Brooklyn,Apartment,1.0,82.0,2024-06-09,2024-08-21,"R1,658,000","R1,573,000",Sold
L105582,Menlo Park,House,2.0,168.0,2023-06-13,2023-07-08,R 3 570 000.00,3480000,Sold
L101145,Menlo Park,Apartment,1.0,63.0,2025-02-03,2025-04-29,R 1 377 000.00,"R1,352,000",Sold
L105127,Groenkloof,House,2.0,188.0,2025-08-08,,R 3 781 000,,Withdrawn
L104468,  sandton ,House,3.0,305.0,2023-12-14,2024-01-25,R 8 623 000.00,8335000,Sold
L100667,Sandton,House,2.0,171.0,2024-01-02,2024-02-18,"R6,181,000","R5,998,000",Sold
L103019,Brooklyn,Apartment,,92.0,2025-09-21,2025-10-26,2211000,2194000,Sold
L100357,Rooihuiskraal,Townhouse,2.0,160.0,2024-02-08,2024-03-06,2003000,1991000,Sold
L105063,Waterkloof Ridge,House,5.0,303.0,2023-04-27,,6942000,,Withdrawn
L102831,Lynnwood,Apartment,1.0,51.0,2023-12-30,2024-01-26,R 1 195 000,"R1,190,000",Sold
L102783,Menlo Pk,House,3.0,257.0,2025-11-22,2026-03-01,"R6,140,000",6140000,Sold
L101353,Brooklyn,Apartment,1.0,66.0,2023-04-25,2023-06-29,R 1 188 000.00,R 1 126 000,Sold
L105131,Groenkloof,House,3.0,,2024-10-03,2024-10-27,"R6,235,000",R 6 235 000.00,Sold
L100470,Lynnwood,House,6.0,367.0,2025-09-01,2025-10-05,"R8,252,000",R 8 252 000,Sold
L102703,Bryanston,House,2.0,194.0,2025-12-16,2026-01-10,R 6 179 000,6179000,Sold
L103330,Sandton,Apartment,1.0,76.0,2024-11-11,2024-12-07,R 2 295 000.00,R 2 274 000.00,Sold
L103637,Groenkloof,Apartment,1.0,94.0,2023-11-15,2023-12-28,R 1 906 000,1726000,Sold
L101396,Faerie Glen,House,4.0,242.0,2025-12-27,2026-03-18,4788000,R 4 459 000,Sold
L103584,Sandton,Apartment,2.0,73.0,2025-04-02,2025-04-30,R 2 361 000,2236000,Sold
L105484,Bryanston,House,1.0,132.0,2025-10-30,2025-12-08,4733000,"R4,733,000",Sold
L105262,Groenkloof,House,5.0,327.0,2025-09-12,2025-10-07,8460000,"R8,388,000",Sold
L103376,Waterkloof,Townhouse,1.0,112.0,2024-01-30,2024-02-23,"R2,717,000",2696000,Sold
L101256,Rooihuiskraal,House,1.0,162.0,2025-10-03,2025-11-13,2375000,R 2 292 000.00,Sold
L103512,Sandton,House,4.0,260.0,2025-11-07,2025-12-21,9269000,9098000,Sold
L101250,Waterkloof Ridge,House,2.0,139.0,2025-06-06,2025-10-04,"R4,765,000",R 4 581 000,Sold
L105348,Centurion,House,5.0,294.0,2024-12-18,2025-01-08,R 5 802 000,R 5 802 000,Sold
L105874,Groenkloof,House,4.0,249.0,2025-11-12,2025-12-07,6441000,R 6 191 000,Sold
L104298,Faerie Glen,Apartment,1.0,78.0,2023-03-13,2023-04-17,R 1 331 000.00,1243000,Sold
L103284,Groenkloof,House,5.0,227.0,2023-03-02,2023-03-30,R 4 095 000,4095000,Sold
L102933,Bryanston,Townhouse,2.0,143.0,2023-09-11,2023-10-11,"R3,689,000",R 3 689 000,Sold
L104175,Faerie  Glen,Apartment,1.0,77.0,2023-04-13,2023-05-21,1243000,R 1 164 000.00,Sold
L105268,Sandton,House,5.0,268.0,2026-01-14,2026-03-12,"R9,475,000",R 9 475 000.00,Sold
L104910,Waterkloof Ridge,Apartment,1.0,55.0,2024-10-22,2024-11-07,R 1 592 000,R 1 533 000.00,Sold
L101852,Faerie Glen,Apartment,2.0,89.0,2025-12-15,2025-12-31,"R1,585,000","R1,499,000",Sold
L105720,Rooihuiskraal,House,2.0,169.0,2025-01-23,2025-02-14,"R2,611,000",2500000,Sold
L105956,Faerie Glen,Apartment,1.0,73.0,2023-09-26,2023-10-20,R 1 133 000.00,"R1,108,000",Sold
L102105,Centurion,House,2.0,153.0,2023-06-26,2023-08-28,3070000,R 3 007 000,Sold
L100133,Menlo Park,House,2.0,197.0,2023-07-24,,R 4 147 000,,Withdrawn
L105236,Groenkloof,House,3.0,255.0,2024-10-28,2024-11-30,R 5 013 000,R 4 630 000.00,Sold
L105029,Waterkloof,Townhouse,3.0,216.0,2024-11-02,2024-12-02,6074000,R 5 572 000,Sold
L100928,Irene,House,3.0,165.0,2025-02-11,2025-03-04,R 3 161 000.00,R 3 160 000,Sold
L100823,Centurion,House,,379.0,2025-08-07,2025-10-10,"R8,134,000",R 7 811 000,Sold
L105552,Menlo Park,Apartment,2.0,116.0,2023-11-01,,"R2,503,000",,Withdrawn
L101531,Waterkloof Ridge,House,4.0,230.0,2023-06-05,2023-07-25,5325000,R 5 325 000.00,Sold
L101214,Brooklyn,Apartment,1.0,90.0,2024-05-17,2024-08-05,"R1,832,000",R 1 781 000.00,Sold
L100504,  faerie glen ,Apartment,1.0,,2025-11-26,2025-12-06,R 2 547 000,R 2 440 000.00,Sold
L104285,Groenkloof,House,4.0,288.0,2025-02-20,2025-03-28,R 6 720 000,R 6 325 000,Sold
L101996,Brooklyn,House,3.0,202.0,2024-05-15,2024-08-02,R 4 802 000,R 4 802 000.00,Sold
L103072,Bryanston,Apartment,2.0,113.0,2023-07-09,2023-09-10,R 2 886 000.00,"R2,886,000",Sold
L101958,Bryanston,House,6.0,443.0,2023-05-25,2023-06-14,"R13,463,000","R12,318,000",Sold
L101384,Sandton,House,5.0,353.0,2023-10-18,2023-11-19,"R10,435,000",10292000,Sold
L100894,Rooihuiskraal,House,1.0,124.0,2024-08-02,2023-01-01,"R1,749,000","R1,653,000",Sold
L104924,Lynnwood,House,4.0,234.0,2026-04-20,2026-05-13,"R6,540,000",R 6 209 000.00,Sold
L100455,Groenkloof,Apartment,1.0,90.0,2024-09-11,2024-10-07,1718000,R 1 625 000,Sold
L105665,Centurion,Apartment,1.0,68.0,2025-11-26,2025-12-14,1437000,R 1 388 000,Sold
L103709,Centurion,Apartment,1.0,93.0,2023-08-14,2023-08-25,1777000,1716000,Sold
L105640,Lynnwood,Apartment,2.0,93.0,2025-10-08,2026-01-21,"R2,090,000",R 2 013 000,Sold
L104849,Rooihuiskraal,House,6.0,364.0,2023-09-19,2023-11-27,R 5 532 000.00,5143000,Sold
L104748,Bryanston,House,6.0,433.0,2023-09-18,2023-10-20,R 12 249 000,R 11 535 000.00,Sold
L104268,  rooihuiskraal ,Apartment,,82.0,2023-09-06,2023-10-13,R 942 000.00,R 911 000.00,Sold
L103522,WATERKLOOF RIDGE,House,3.0,233.0,2023-09-14,2023-11-29,6540000,R 6 475 000.00,Sold
L104134,Faerie Glen,Apartment,2.0,95.0,2024-07-16,2024-10-04,R 1 430 000.00,"R1,430,000",Sold
L103602,Faerie Glen,Apartment,1.0,89.0,2025-05-23,2025-05-28,"R1,573,000","R1,539,000",Sold
L100713,Sandton,Apartment,1.0,78.0,2026-02-14,2026-03-16,"R2,671,000",2479000,Sold
L104186,Waterkloof Ridge,Apartment,1.0,89.0,2026-04-20,2026-05-15,2404000,2360000,Sold
L102214,Sandton,House,3.0,234.0,2024-08-08,2024-09-04,R 8 016 000.00,R 7 152 000,Sold
L105301,Irene,Townhouse,3.0,155.0,2024-12-27,2025-01-27,"R2,786,000",R 2 757 000.00,Sold
L102923,Centurion,House,4.0,280.0,2024-08-30,2024-10-05,"R5,934,000",R 5 714 000.00,Sold
L101810,Brooklyn,House,3.0,240.0,2023-05-22,2023-06-21,5076000,"R5,076,000",Sold
L103486,Centurion,Apartment,1.0,137.0,2026-01-02,2026-01-16,"R2,636,000","R2,636,000",Sold
L103141,Groenkloof,Townhouse,1.0,128.0,2024-02-07,2024-03-21,R 2 184 000,2080000,Sold
L101827,Faerie Glen,House,3.0,170.0,2026-01-31,2026-05-09,R 3 142 000.00,R 3 066 000.00,Sold
L101155,Waterkloof,Apartment,1.0,91.0,2026-04-04,2026-05-19,"R2,610,000",2610000,Sold
L101324,Menlo Park,Apartment,1.0,88.0,2025-03-05,2025-04-28,"R2,043,000",R 2 043 000,Sold
L104312,Brooklyn,Apartment,1.0,0.0,2024-12-28,,"R867,000",,Withdrawn
L100510,Waterkloof,Apartment,2.0,95.0,2024-05-22,2024-08-13,R 2 360 000,R 2 303 000.00,Sold
L101680,Centurion,Townhouse,4.0,282.0,2026-02-13,2026-04-08,R 6 816 000,6816000,Sold
L100499,Faerie Glen,Apartment,1.0,68.0,2024-05-22,2024-06-18,R 1 173 000,R 1 093 000.00,Sold
L105543,Irene,Apartment,1.0,77.0,2025-05-10,2025-08-07,1908000,1844000,Sold
L101856,Brooklyn,House,4.0,347.0,2026-03-25,2026-05-10,"R8,596,000","R8,596,000",Sold
L101388,Sandton,House,4.0,318.0,2025-04-21,2025-06-10,11735000,11244000,Sold
L103719,Lynnwood,House,3.0,181.0,2025-11-13,2025-12-04,R 4 061 000.00,R 4 014 000,Sold
L102386,Sandton,Townhouse,1.0,129.0,2023-02-05,2023-03-15,"R3,247,000",R 2 989 000.00,Sold
L103236,Sandton,House,2.0,124.0,2024-06-28,2024-08-13,3400000,R 3 400 000.00,Sold
L101540,Bryanston,Townhouse,3.0,193.0,2024-11-08,2024-12-19,5386000,"R4,892,000",Sold
L101217,Irene,Apartment,1.0,104.0,2024-01-17,2024-03-03,"R2,033,000",R 1 950 000,Sold
L102681,Bryanston,Apartment,2.0,81.0,2023-05-21,,1710000,,Withdrawn
L102993,Faerie Glen,House,4.0,292.0,2023-11-15,2024-01-03,4610000,4610000,Sold
L101191,Lynnwood,House,4.0,232.0,2025-06-26,2025-08-06,R 4 778 000.00,R 4 778 000,Sold
L105293,Centurion,Apartment,2.0,82.0,2023-12-14,2024-02-13,R 1 414 000,"R1,358,000",Sold
L101542,Menlo Park,Apartment,,82.0,2023-06-19,,R 1 598 000.00,,Withdrawn
L103301,Menlo Park,House,4.0,266.0,2025-08-26,2025-09-09,R 6 869 000,R 6 719 000,Sold
L103324,  irene ,House,3.0,204.0,2026-03-22,2026-04-23,5399000,5234000,Sold
L102539,Faerie Glen,House,3.0,237.0,2025-08-07,2025-09-16,"R3,984,000",R 3 849 000.00,Sold
L100953,GROENKLOOF,Apartment,1.0,60.0,2025-03-04,2025-04-22,R 1 247 000.00,1203000,Sold
L104846,Waterkloof Ridge,Apartment,3.0,112.0,2023-10-31,2023-12-11,R 2 969 000.00,2969000,Sold
L104330,Waterkloof Ridge,House,4.0,,2025-02-19,2025-04-04,"R7,025,000",7025000,Sold
L100732,Waterkloof Ridge,Apartment,1.0,106.0,2024-03-07,,R 2 695 000.00,,Withdrawn
L105639,Irene,Townhouse,2.0,166.0,2024-03-07,2024-03-27,R 2 901 000.00,R 2 705 000,Sold
L101156,Waterkloof,Apartment,1.0,116.0,2024-02-29,2024-04-08,R 3 080 000.00,R 3 022 000,Sold
L105664,Groenkloof,Apartment,1.0,79.0,2025-03-09,2025-04-15,R 1 727 000,R 1 727 000.00,Sold
L103294,Faerie Glen,House,2.0,164.0,2025-07-10,2025-08-17,"R3,204,000","R3,171,000",Sold
L102982,WATERKLOOF RIDGE,Apartment,1.0,63.0,2023-07-29,2023-08-26,R 1 585 000.00,1462000,Sold
L105305,Centurion,Apartment,1.0,88.0,2024-06-14,2024-07-29,R 1 747 000,"R1,711,000",Sold
L105161,Sandton,Apartment,2.0,101.0,2025-08-02,2025-08-25,R 3 077 000,R 3 077 000,Sold
L102156,Waterkloof Ridge,Apartment,1.0,79.0,2026-02-04,2026-02-17,2076000,R 2 076 000,Sold
L101062,Brooklyn,House,2.0,148.0,2024-11-24,2025-01-11,R 3 473 000,R 3 444 000,Sold
L102616,Groenkloof,Apartment,2.0,97.0,2024-12-31,2025-03-20,"R1,852,000",R 1 799 000,Sold
L101167,Faerie Glen,House,3.0,235.0,2025-07-01,,R 5 134 000,,Withdrawn
L103222,Rooihuiskraal,House,5.0,,2023-09-29,2023-11-29,R 4 222 000,R 3 826 000.00,Sold
L103636,Bryanston,Apartment,2.0,89.0,2025-11-26,2026-01-11,R 2 448 000.00,R 2 429 000.00,Sold
L102938,Brooklyn,House,5.0,360.0,2025-10-30,2025-12-02,"R8,998,000",8998000,Sold
L104491,Bryanston,House,1.0,74.0,2025-01-11,2025-02-27,"R2,054,000",1964000,Sold
L103140,Brooklyn,House,4.0,230.0,2023-05-18,2023-06-16,"R4,554,000",R 4 414 000.00,Sold
L104980,Sandton,House,5.0,296.0,2026-04-10,2026-04-29,11816000,R 11 314 000.00,Sold
L100143,Irene,Apartment,1.0,,2023-07-11,2023-10-17,1016000,R 983 000,Sold
L105677,Irene,Townhouse,2.0,139.0,2024-10-02,2024-11-19,"R2,440,000",R 2 380 000.00,Sold
L103577,Brooklyn,Apartment,1.0,77.0,2023-07-01,2023-07-26,R 1 797 000.00,"R1,797,000",Sold
L104946,Irene,Townhouse,1.0,162.0,2024-06-09,2024-07-14,R 2 965 000.00,2835000,Sold
L102782,Centurion,Townhouse,2.0,166.0,2023-08-10,2023-10-24,R 2 822 000.00,2786000,Sold
L100717,Waterkloof Ridge,Apartment,2.0,141.0,2026-01-24,2026-03-18,R 4 277 000,R 4 126 000,Sold
L101819,IRENE,House,2.0,161.0,2023-01-27,2023-05-04,R 2 451 000,2306000,Sold
L102502,Sandton,House,5.0,350.0,2024-11-13,2025-02-01,"R9,895,000",9649000,Sold
L104360,Brooklyn,Apartment,2.0,109.0,2023-04-08,,"R2,353,000",,Withdrawn
L104171,Centurion,House,3.0,231.0,2024-02-09,2024-02-24,R 4 086 000.00,3756000,Sold
L100395,Lynnwood,Apartment,2.0,122.0,2023-11-08,2023-12-10,2034000,2034000,Sold
L105911,  waterkloof ridge ,Apartment,1.0,68.0,2024-03-24,2024-04-19,R 1 560 000,"R1,508,000",Sold
L104492,Sandton,Townhouse,2.0,149.0,2025-04-04,2025-06-07,"R5,537,000","R5,537,000",Sold
L101365,Faerie Glen,House,4.0,265.0,2023-02-12,2023-03-10,4277000,R 4 255 000.00,Sold
L105569,Bryanston,Apartment,1.0,47.0,2023-05-17,2023-06-05,R 1 249 000,1249000,Sold
L100595,BROOKLYN,House,3.0,253.0,2023-02-18,2023-03-17,5140000,R 5 140 000,Sold
L103952,Sandton,Apartment,1.0,76.0,2023-07-12,2023-08-15,R 2 112 000.00,R 2 112 000.00,Sold
L105392,Sandton,Apartment,2.0,128.0,2023-10-20,2023-11-20,R 3 037 000.00,"R3,037,000",Sold
L104968,Waterkloof,Apartment,2.0,92.0,2023-10-10,2023-10-30,"R2,052,000",R 2 052 000.00,Sold
L102914,Lynnwood,House,2.0,142.0,2023-03-28,2023-05-07,"R2,595,000","R2,497,000",Sold
L102326,Groenkloof,Apartment,2.0,78.0,2023-06-10,2023-07-10,R 1 562 000.00,R 1 436 000.00,Sold
L103766,Faerie  Glen,House,5.0,324.0,2025-04-19,,"R7,018,000",,Withdrawn
L103440,  brooklyn ,Apartment,1.0,105.0,2025-02-13,,R 2 321 000.00,,Withdrawn
L103851,Brooklyn,Apartment,3.0,71.0,2024-09-16,2024-10-04,R 1 745 000,R 1 708 000.00,Sold
L104132,Lynnwood,House,3.0,170.0,2024-03-19,2024-03-30,R 3 867 000.00,R 3 763 000.00,Sold
L105606,Waterkloof,Apartment,3.0,127.0,2023-08-18,2023-09-05,"R3,095,000","R3,014,000",Sold
L102143,Rooihuiskraal,House,6.0,435.0,2023-06-27,2023-08-05,"R5,897,000",5589000,Sold
L105637,  centurion ,Apartment,1.0,113.0,2024-09-25,2024-10-03,R 2 093 000,R 2 047 000,Sold
L105073,Faerie Glen,House,2.0,122.0,2024-03-12,,"R1,910,000",,Withdrawn
L101571,Irene,Townhouse,3.0,144.0,2024-02-13,2024-02-25,2475000,2410000,Sold
L104079,Lynnwood,Apartment,2.0,107.0,2024-01-14,,"R2,241,000",,Withdrawn
L101122,Bryanston,Townhouse,2.0,160.0,2024-08-27,2024-09-20,4369000,4369000,Sold
L102786,Centurion,Apartment,2.0,101.0,2025-09-29,2025-11-14,2109000,R 2 109 000.00,Sold
L102967,Brooklyn,House,4.0,210.0,2023-06-30,2023-07-30,"R4,395,000",R 4 307 000,Sold
L102504,Brooklyn,Apartment,1.0,112.0,2024-09-01,2024-09-07,"R2,120,000",R 2 016 000.00,Sold
L103465,Rooihuiskraal,House,3.0,238.0,2024-06-11,2024-07-21,R 3 824 000.00,3594000,Sold
L100675,Lynnwood,House,3.0,251.0,2024-09-18,2024-10-09,5019000,R 4 892 000.00,Sold
L102808,Groenkloof,Townhouse,3.0,213.0,2024-07-24,2024-08-26,R 3 597 000.00,R 3 524 000,Sold
L103348,Rooihuiskraal,Apartment,1.0,69.0,2024-01-02,,"R974,000",,Withdrawn
L100728,Lynnwood,Apartment,1.0,101.0,2025-01-05,2025-02-25,R 1 990 000,"R1,990,000",Sold
L100412,Waterkloof Ridge,House,2.0,178.0,2023-02-14,2023-04-26,R 4 298 000,R 4 201 000,Sold
L103146,Centurion,House,4.0,263.0,2023-08-13,2023-09-04,"R4,788,000",R 4 584 000,Sold
L101516,Waterkloof Ridge,Apartment,2.0,53.0,2024-09-26,2024-10-13,"R1,217,000","R1,149,000",Sold
L100825,Waterkloof,Apartment,1.0,48.0,2026-01-16,2026-03-11,"R1,396,000",R 1 351 000,Sold
L103267,Rooihuiskraal,Apartment,1.0,50.0,2023-05-01,2023-05-30,677000,"R636,000",Sold
L103974,Waterkloof,Apartment,2.0,84.0,2023-06-16,2023-07-05,R 2 075 000.00,1949000,Sold
L100616,Centurion,House,3.0,258.0,2026-02-07,2026-04-24,R 6 264 000,R 5 949 000,Sold
L100114,Groenkloof,House,4.0,200.0,2025-07-20,2025-09-27,R 3 947 000.00,"R3,918,000",Sold
L100417,Rooihuiskraal,House,4.0,344.0,2024-02-08,2024-04-05,4801000,4646000,Sold
L103069,Lynnwood,House,3.0,183.0,2024-11-26,2025-01-02,3617000,R 3 553 000,Sold
L101625,Centurion,House,6.0,372.0,2023-02-13,2023-03-22,7343000,"R6,779,000",Sold
L104840,Bryanston,Apartment,2.0,111.0,2023-08-13,2023-09-17,R 2 880 000.00,"R2,727,000",Sold
L104185,Rooihuiskraal,House,,252.0,2026-02-08,2026-03-09,R 4 122 000,R 4 068 000.00,Sold
L102896,Sandton,House,2.0,151.0,2023-08-28,2023-11-22,"R4,738,000",4451000,Sold
L105710,Rooihuiskraal,Apartment,3.0,131.0,2025-01-08,2025-03-07,R 1 749 000,1685000,Sold
L102082,Centurion,House,4.0,279.0,2024-09-07,2024-10-18,5973000,R 5 708 000.00,Sold
L100753,Lynnwood,Townhouse,3.0,207.0,2023-04-05,2023-04-16,R 3 615 000,3511000,Sold
L102546,Sandton,Apartment,1.0,105.0,2025-04-08,2025-05-10,R 3 307 000.00,R 3 271 000.00,Sold
L103969,Waterkloof Ridge,House,2.0,182.0,2026-04-02,2026-04-27,R 6 631 000,"R6,631,000",Sold
L103373,Groenkloof,Townhouse,3.0,258.0,2024-09-14,2024-11-07,R 4 669 000,"R4,669,000",Sold
L104107,Centurion,Townhouse,2.0,165.0,2025-10-07,2025-11-18,3376000,"R3,251,000",Sold
L102444,Faerie Glen,Apartment,1.0,89.0,2024-04-13,2024-05-03,"R1,430,000","R1,430,000",Sold
L104380,Faerie Glen,Apartment,1.0,98.0,2024-01-14,2024-01-31,1777000,R 1 777 000,Sold
L101066,Lynnwood,Apartment,2.0,104.0,2023-03-05,2023-04-08,"R1,831,000",R 1 831 000.00,Sold
L103913,Menlo Park,House,6.0,424.0,2023-10-04,2023-10-25,"R9,173,000",R 9 173 000,Sold
L105287,FAERIE GLEN,Townhouse,3.0,199.0,2025-05-26,2025-07-16,R 4 320 000.00,R 4 156 000.00,Sold
L105536,Brooklyn,House,3.0,163.0,2025-06-09,2025-07-16,"R4,267,000",R 4 242 000.00,Sold
L105387,Groenkloof,Apartment,2.0,,2023-09-05,,R 2 380 000.00,,Withdrawn
L103498,Lynnwood,Townhouse,2.0,147.0,2025-04-28,,R 3 106 000,,Withdrawn
L102738,Centurion,Apartment,2.0,147.0,2024-12-02,2024-12-22,3110000,3110000,Sold
L105052,Faerie Glen,Apartment,1.0,92.0,2025-01-20,2025-02-24,1542000,R 1 455 000,Sold
L104000,Centurion,Apartment,1.0,64.0,2023-11-25,2023-12-21,1064000,R 1 064 000,Sold
L101568,Lynnwood,Townhouse,1.0,90.0,2026-04-21,2026-07-25,"R2,388,000",2388000,Sold
L102427,Centurion,House,5.0,261.0,2024-04-18,2024-05-06,"R4,754,000",R 4 499 000.00,Sold
L103746,BROOKLYN,Apartment,1.0,70.0,2025-03-02,2025-04-10,1943000,"R1,935,000",Sold
L105668,Centurion,House,3.0,172.0,2024-06-04,2024-07-18,"R3,380,000","R3,379,000",Sold
L101687,Faerie Glen,Apartment,1.0,66.0,2023-09-28,2023-10-15,"R1,037,000",R 1 008 000,Sold
L100851,Groenkloof,House,4.0,199.0,2023-02-05,2023-03-23,3348000,3348000,Sold
L103546,Faerie Glen,Apartment,,76.0,2025-09-19,2025-11-15,1156000,R 1 092 000,Sold
L100895,Bryanston,House,4.0,221.0,2025-01-05,2025-01-31,"R6,255,000",R 6 255 000.00,Sold
L104592,Centurion,Apartment,2.0,119.0,2024-07-26,2024-09-02,2118000,2054000,Sold
L100335,Irene,House,3.0,149.0,2026-04-22,,"R2,837,000",,Withdrawn
L102839,Waterkloof,Apartment,1.0,71.0,2024-10-14,2024-11-13,1997000,R 1 855 000.00,Sold
L103087,Lynnwood,Apartment,2.0,98.0,2023-11-20,2024-01-24,"R1,676,000",R 1 585 000,Sold
L104611,Brooklyn,House,1.0,122.0,2024-07-26,2024-09-13,2484000,R 2 430 000,Sold
L101348,Lynnwood,House,2.0,146.0,2026-04-20,2026-05-26,"R4,100,000",R 3 960 000.00,Sold
L101015,Groenkloof,Townhouse,3.0,209.0,2024-09-07,2024-09-29,R 3 860 000.00,3771000,Sold
L102816,Brooklyn,Apartment,1.0,111.0,2024-07-26,2024-09-05,R 2 357 000,2268000,Sold
L101631,Bryanston,Apartment,2.0,156.0,2024-03-26,,3821000,,Withdrawn
L102489,Irene,Apartment,,105.0,2023-12-29,2024-02-21,"R1,632,000",1544000,Sold
L103730,Sandton,House,5.0,351.0,2025-01-04,2025-01-15,R 11 175 000.00,R 10 361 000,Sold
L103251,  faerie glen ,House,2.0,167.0,2025-01-16,2025-02-02,2696000,"R2,696,000",Sold
L105662,Faerie Glen,House,3.0,209.0,2025-07-23,2025-08-28,R 3 884 000,R 3 824 000.00,Sold
L102070,Bryanston,House,6.0,309.0,2025-09-22,2025-11-09,10772000,R 10 749 000.00,Sold
L104452,Centurion,Apartment,1.0,67.0,2025-07-17,,R 1 171 000,,Withdrawn
L105974,Sandton,House,3.0,222.0,2023-05-07,2023-06-06,"R6,693,000","R6,546,000",Sold
L105408,Brooklyn,House,5.0,,2025-01-06,2025-03-15,"R7,739,000","R7,689,000",Sold
L101635,Lynnwood,House,5.0,343.0,2025-10-24,2026-01-10,R 6 673 000,6423000,Sold
L104646,Sandton,House,4.0,296.0,2024-04-15,2024-05-09,"R12,416,000","R12,296,000",Sold
L102479,SANDTON,Apartment,1.0,72.0,2023-05-20,2023-06-08,"R2,193,000",R 2 181 000.00,Sold
L102265,Waterkloof Ridge,Townhouse,2.0,108.0,2024-02-24,2024-03-12,R 3 559 000,R 3 446 000.00,Sold
L102959,Sandton,Apartment,1.0,90.0,2026-02-27,2026-04-20,R 3 354 000,"R3,312,000",Sold
L105323,Waterkloof,Apartment,1.0,65.0,2024-07-28,2024-08-09,R 1 647 000,1581000,Sold
L105781,Sandton,House,,235.0,2026-04-25,,R 10 182 000.00,,Withdrawn
L103059,  brooklyn ,Apartment,,97.0,2024-12-26,2025-03-24,R 2 116 000.00,R 2 022 000.00,Sold
L105053,Waterkloof Ridge,House,3.0,187.0,2026-02-22,2026-04-09,R 6 519 000,R 5 950 000.00,Sold
L102141,Lynnwood,House,3.0,217.0,2025-03-14,2025-04-19,"R4,830,000",R 4 830 000,Sold
L105104,Bryanston,Apartment,1.0,78.0,2023-02-10,2023-04-14,R 1 940 000,R 1 900 000,Sold
L103118,Brooklyn,Apartment,1.0,81.0,2023-11-11,2023-12-14,R 1 740 000,R 1 692 000,Sold
L105188,Bryanston,House,2.0,117.0,2023-11-11,2023-11-24,R 3 137 000,3137000,Sold
L105773,Faerie Glen,Apartment,2.0,97.0,2024-11-13,2025-01-19,"R1,618,000",R 1 556 000.00,Sold
L104045,Brooklyn,House,4.0,322.0,2025-05-14,2025-06-26,8258000,"R7,753,000",Sold
L103356,Irene,Townhouse,2.0,156.0,2023-10-25,2023-11-25,"R2,808,000",2715000,Sold
L102744,Menlo Park,Apartment,1.0,80.0,2025-04-20,2025-06-22,"R1,568,000",1490000,Sold
L105092,Menlo Park,Apartment,,84.0,2025-05-27,2025-06-28,R 1 836 000.00,"R1,779,000",Sold
L103506,Faerie Glen,Apartment,2.0,106.0,2025-08-11,,R 1 877 000,,Withdrawn
L101679,Faerie Glen,Townhouse,3.0,159.0,2026-04-25,2026-05-22,2834000,2731000,Sold
L104249,Rooihuiskraal,Townhouse,3.0,184.0,2025-02-17,2025-03-03,2796000,R 2 677 000.00,Sold
L103147,Centurion,House,2.0,113.0,2025-04-07,2025-05-07,1958000,"R1,921,000",Sold
L102294,Brooklyn,Apartment,2.0,94.0,2023-07-12,2023-09-02,R 2 138 000,R 2 138 000,Sold
L100580,Faerie Glen,Apartment,2.0,145.0,2024-03-28,2024-05-24,2097000,R 2 005 000,Sold
L101470,Sandton,House,5.0,360.0,2026-01-18,2026-04-09,R 12 947 000.00,12601000,Sold
L104799,ROOIHUISKRAAL,Apartment,2.0,144.0,2025-05-17,2025-08-01,R 1 987 000,"R1,921,000",Sold
L104070,LYNNWOOD,House,3.0,194.0,2025-01-23,,R 4 463 000,,Withdrawn
L105308,Groenkloof,House,4.0,263.0,2025-11-11,2025-12-31,R 5 639 000,R 5 233 000,Sold
L103343,Waterkloof Ridge,House,3.0,199.0,2026-01-29,,7206000,,Withdrawn
L104992,Centurion,Apartment,1.0,53.0,2023-10-19,,942000,,Withdrawn
L104583,SANDTON,House,4.0,259.0,2024-05-19,2024-07-19,7620000,7334000,Sold
L103672,Brooklyn,Townhouse,4.0,221.0,2026-03-11,,6176000,,Withdrawn
L100559,Faerie Glen,House,5.0,299.0,2025-03-08,2025-06-11,R 5 903 000,"R5,649,000",Sold
L105237,Waterkloof Ridge,Apartment,2.0,127.0,2024-05-09,2024-06-03,R 3 480 000.00,R 3 288 000.00,Sold
L105215,Lynnwood,House,3.0,191.0,2024-10-07,2025-01-04,R 3 750 000.00,R 3 426 000.00,Sold
L102849,Menlo Pk,Townhouse,2.0,115.0,2024-07-02,2024-07-16,R 3 279 000,"R3,038,000",Sold
L100512,Waterkloof,House,3.0,272.0,2025-07-20,2025-09-05,"R9,103,000",8904000,Sold
L104729,Lynnwood,Townhouse,2.0,112.0,2023-11-11,2023-12-13,R 1 957 000.00,R 1 957 000.00,Sold
L101081,Sandton,Apartment,1.0,98.0,2024-01-28,2024-03-08,R 3 268 000.00,R 3 058 000.00,Sold
L101664,Sandton,House,3.0,216.0,2023-06-20,2023-09-09,"R6,373,000",R 6 239 000,Sold
L101012,Lynnwood,House,2.0,149.0,2025-01-22,2025-03-02,R 3 057 000,R 2 980 000,Sold
L101931,Irene,Apartment,2.0,156.0,2025-06-08,2025-06-29,"R3,225,000",R 3 079 000,Sold
L101150,Waterkloof Ridge,Apartment,3.0,100.0,2024-06-13,2024-07-24,2305000,"R2,212,000",Sold
L102838,Menlo Park,House,6.0,427.0,2023-11-26,2024-01-11,8152000,R 8 122 000,Sold
L100116,Rooihuiskraal,House,4.0,154.0,2026-03-15,2026-04-15,R 3 098 000.00,R 3 098 000.00,Sold
L100740,Waterkloof,Apartment,1.0,88.0,2023-11-13,2023-12-23,"R2,036,000",R 1 985 000,Sold
L105873,Groenkloof,House,4.0,247.0,2024-09-26,2024-11-18,R 5 115 000.00,R 5 007 000,Sold
L105177,Waterkloof,Apartment,2.0,124.0,2025-02-22,2025-05-11,"R3,544,000",R 3 434 000.00,Sold
L103675,Bryanston,House,4.0,314.0,2024-03-27,2024-05-20,R 7 485 000,"R7,294,000",Sold
L100830,Irene,House,3.0,220.0,2026-02-09,2026-03-23,4695000,R 4 511 000.00,Sold
L100119,Irene,House,6.0,361.0,2024-09-10,2024-10-15,R 5 013 000,"R4,902,000",Sold
L104752,Menlo Park,Apartment,1.0,59.0,2025-10-02,2025-11-08,R 1 319 000.00,"R1,311,000",Sold
L105839,Groenkloof,House,4.0,274.0,2024-07-21,2024-07-24,"R5,715,000","R5,462,000",Sold
L105790,Bryanston,Apartment,1.0,98.0,2024-04-19,,3003000,,Withdrawn
L101652,Brooklyn,House,5.0,311.0,2024-06-18,2024-08-14,R 7 978 000.00,R 7 846 000,Sold
L100635,Waterkloof Ridge,House,3.0,301.0,2024-10-09,2024-11-14,"R8,776,000",R 8 545 000.00,Sold
L104465,  groenkloof ,Apartment,1.0,113.0,2025-08-24,2025-10-08,R 2 404 000.00,2387000,Sold
L104364,Centurion,House,3.0,226.0,2024-05-11,2024-07-07,R 4 940 000.00,R 4 897 000,Sold
L104142,WATERKLOOF,House,5.0,247.0,2023-03-13,2023-04-23,R 6 212 000.00,R 6 094 000,Sold
L100991,Rooihuiskraal,House,6.0,401.0,2026-01-21,2026-02-20,6146000,"R5,680,000",Sold
L100876,Lynnwood,House,2.0,136.0,2025-09-03,,R 3 186 000.00,,Withdrawn
L104869,Centurion,Townhouse,,167.0,2023-02-24,2023-04-24,"R2,806,000","R2,685,000",Sold
L105315,Lynnwood,House,6.0,391.0,2024-02-08,2024-03-08,R 8 544 000,R 8 432 000.00,Sold
L105222,  waterkloof ridge ,House,5.0,413.0,2024-02-18,,10182000,,Withdrawn
L100004,Waterkloof Ridge,House,6.0,446.0,2025-12-18,2026-01-27,R 15 729 000.00,15225000,Sold
L103051,Waterkloof Ridge,Apartment,1.0,106.0,2023-05-03,2023-06-07,R 2 579 000,"R2,378,000",Sold
L105691,Waterkloof Ridge,Apartment,3.0,163.0,2023-07-23,2023-07-30,R 4 096 000.00,R 3 969 000,Sold
L103124,Groenkloof,Apartment,1.0,76.0,2023-12-02,2023-12-16,R 1 507 000.00,1457000,Sold
L102660,Bryanston,House,3.0,99.0,2025-04-15,2025-07-06,"R2,947,000","R2,888,000",Sold
L102491,Lynnwood,Townhouse,3.0,173.0,2026-01-23,2026-02-15,3605000,R 3 553 000.00,Sold
L105173,  waterkloof ,Townhouse,2.0,159.0,2025-06-07,,R 3 468 000.00,,Withdrawn
L103854,Irene,House,,315.0,2024-10-29,2024-11-13,"R5,927,000","R5,845,000",Sold
L104933,Brooklyn,House,4.0,242.0,2023-06-08,2023-06-29,4915000,R 4 823 000.00,Sold
L104777,WATERKLOOF,House,4.0,284.0,2024-02-10,2024-04-05,"R7,026,000",R 6 747 000.00,Sold
L101715,Rooihuiskraal,House,3.0,190.0,2023-04-04,2023-05-17,3393000,3312000,Sold
L101148,Faerie Glen,Apartment,1.0,75.0,2025-05-20,2025-07-18,R 1 206 000,"R1,152,000",Sold
L103261,Centurion,House,3.0,193.0,2023-07-19,2023-10-16,R 3 388 000.00,R 3 285 000.00,Sold
L100574,Bryanston,House,3.0,237.0,2023-06-29,2023-07-23,R 6 078 000,5559000,Sold
L103769,Centurion,House,5.0,238.0,2024-09-03,2024-10-17,R 3 915 000,R 3 914 000,Sold
L103736,Brooklyn,House,2.0,169.0,2025-04-15,2025-06-08,3816000,R 3 758 000.00,Sold
L104146,Waterkloof,House,4.0,197.0,2023-02-11,2023-03-23,R 4 971 000,R 4 743 000,Sold
L100853,SANDTON,House,,268.0,2025-03-01,2025-03-22,9579000,R 9 455 000,Sold
L101982,Bryanston,Townhouse,3.0,236.0,2025-03-31,2025-05-29,6679000,6191000,Sold
L102774,Rooihuiskraal,Apartment,1.0,,2026-03-17,2026-05-25,R 774 000.00,"R698,000",Sold
L104929,Brooklyn,House,4.0,296.0,2025-07-21,2025-08-26,R 7 229 000,R 7 144 000,Sold
L105211,Brooklyn,Apartment,1.0,86.0,2025-10-28,2025-12-02,R 1 972 000,R 1 873 000,Sold
L101166,Bryanston,Apartment,1.0,115.0,2023-12-29,2024-01-07,R 2 543 000.00,R 2 391 000.00,Sold
L100971,Waterkloof,House,3.0,166.0,2025-03-05,2025-03-15,4485000,R 4 282 000,Sold
L102701,Faerie Glen,House,2.0,189.0,2025-06-16,2025-07-25,3287000,R 3 246 000.00,Sold
L104495,  menlo park ,Apartment,1.0,117.0,2024-05-13,2024-06-13,R 2 485 000,"R2,393,000",Sold
L103847,Centurion,House,5.0,301.0,2026-04-24,2026-05-18,R 6 425 000,R 6 155 000.00,Sold
L102368,Menlo Park,House,4.0,265.0,2023-05-12,2023-06-17,"R5,661,000",R 5 477 000.00,Sold
L104115,Brooklyn,House,3.0,185.0,2024-04-02,2024-06-01,R 4 474 000.00,"R4,209,000",Sold
L104780,Brooklyn,House,1.0,122.0,2025-03-12,2025-05-07,R 2 545 000,"R2,472,000",Sold
L104131,Irene,House,4.0,287.0,2024-12-28,2025-01-21,R 6 378 000.00,"R6,188,000",Sold
L102950,Groenkloof,House,3.0,317.0,2023-12-17,2024-01-19,R 6 391 000,R 6 391 000.00,Sold
L105625,Irene,House,2.0,102.0,2025-11-24,2026-02-28,R 2 225 000,R 2 169 000,Sold
L100524,Waterkloof Rdg,House,4.0,242.0,2025-02-02,2025-02-18,R 7 707 000.00,R 7 425 000,Sold
L102455,Faerie Glen,House,3.0,,2024-10-27,2024-12-14,R 3 476 000,3381000,Sold
L105016,Faerie Glen,House,3.0,251.0,2025-02-15,2025-03-03,R 5 203 000.00,R 5 168 000,Sold
L101841,Irene,House,,217.0,2024-11-07,2024-11-18,"R4,231,000",R 4 231 000,Sold
L100537,Groenkloof,Apartment,1.0,71.0,2023-02-26,2023-03-29,"R1,081,000","R1,071,000",Sold
L102806,Menlo Park,House,3.0,207.0,2023-05-26,2023-06-16,R 5 006 000,R 4 858 000.00,Sold
L105596,Sandton,House,2.0,184.0,2023-07-25,2023-09-01,"R6,764,000",R 6 545 000.00,Sold
L104341,Waterkloof Ridge,Townhouse,2.0,159.0,2025-10-14,,5265000,,Withdrawn
L103175,  waterkloof ,Townhouse,2.0,119.0,2025-08-10,2025-09-14,"R2,728,000",2728000,Sold
L100784,Sandton,Apartment,2.0,95.0,2024-01-09,2024-01-25,R 2 924 000,"R2,762,000",Sold
L104057,Sandton,House,3.0,125.0,2025-06-07,2025-06-26,"R4,768,000",R 4 734 000.00,Sold
L101409,Centurion,House,4.0,322.0,2024-04-09,2024-05-30,"R6,547,000",R 6 234 000,Sold
L102537,Menlo Park,Townhouse,3.0,165.0,2024-06-02,,R 3 445 000,,Withdrawn
L100154,Waterkloof Ridge,House,3.0,235.0,2023-11-28,2023-12-28,6116000,"R6,111,000",Sold
L103009,Rooihuiskraal,House,3.0,240.0,2023-06-04,2023-07-01,3124000,"R3,124,000",Sold
L101686,Faerie Glen,House,3.0,208.0,2025-06-09,2025-07-28,R 3 797 000.00,"R3,623,000",Sold
L102901,Sandton,Townhouse,2.0,137.0,2024-05-17,2024-06-04,"R4,019,000",R 4 019 000.00,Sold
L101074,Bryanston,Apartment,1.0,169.0,2023-05-26,2023-06-23,"R4,247,000",4168000,Sold
L104721,Faerie Glen,House,6.0,314.0,2023-07-13,2023-08-17,"R5,344,000","R5,210,000",Sold
L103863,Menlo Park,Townhouse,2.0,129.0,2024-11-03,2024-12-03,"R2,537,000","R2,445,000",Sold
L102733,Menlo Park,House,3.0,,2024-05-05,2024-06-03,"R6,592,000",R 6 592 000,Sold
L101895,Groenkloof,Apartment,2.0,,2024-09-18,2024-10-20,2343000,2292000,Sold
L105442,Bryanston,House,4.0,284.0,2025-11-22,2025-12-07,7533000,R 7 323 000.00,Sold
L100569,Faerie Glen,Townhouse,1.0,111.0,2025-02-02,2025-02-23,1583000,"R1,491,000",Sold
L101816,Rooihuiskraal,Apartment,1.0,62.0,2023-11-21,2024-02-07,889000,"R827,000",Sold
L102065,Sandton,House,3.0,168.0,2023-05-25,2023-08-12,R 5 092 000,R 4 694 000,Sold
L100127,Waterkloof Ridge,House,4.0,333.0,2025-08-23,2025-09-27,R 11 923 000.00,11841000,Sold
L103394,  centurion ,Apartment,2.0,107.0,2025-03-18,2025-05-06,R 2 360 000,R 2 204 000.00,Sold
L103327,Bryanston,House,3.0,188.0,2024-05-15,2024-05-23,6270000,"R6,067,000",Sold
L101310,Lynnwood,House,5.0,328.0,2023-01-03,2023-01-24,"R6,927,000",R 6 769 000.00,Sold
L102975,Bryanston,House,3.0,231.0,2023-06-30,2023-09-14,6513000,R 6 431 000,Sold
L100980,Sandton,Townhouse,3.0,183.0,2024-08-21,2024-08-29,"R5,845,000","R5,845,000",Sold
L102300,Sandton,Apartment,3.0,186.0,2023-07-28,2023-08-19,R 4 432 000.00,R 4 263 000.00,Sold
L100190,Sandton,Apartment,1.0,58.0,2023-09-07,2023-09-25,1858000,R 1 858 000,Sold
L101139,Centurion,House,2.0,192.0,2024-07-17,,3746000,,Withdrawn
L105088,Sandton,Apartment,1.0,110.0,2023-07-05,2023-08-15,2988000,R 2 950 000.00,Sold
L100699,Brooklyn,Apartment,1.0,41.0,2023-10-11,2023-12-02,R 707 000,R 677 000,Sold
L105840,Menlo Park,Townhouse,3.0,192.0,2025-10-29,2025-11-19,R 5 326 000.00,R 5 178 000,Sold
L100606,Bryanston,Apartment,1.0,46.0,2024-12-30,2025-02-08,1146000,R 1 120 000.00,Sold
L104276,Lynnwood,Apartment,2.0,74.0,2023-02-20,2023-03-27,R 1 386 000,1386000,Sold
L100301,Waterkloof Rdg,House,2.0,137.0,2023-02-14,2023-02-28,"R3,257,000",R 2 979 000,Sold
L103420,Bryanston,House,3.0,233.0,2025-06-27,2025-08-03,R 7 168 000.00,"R7,168,000",Sold
L105887,Groenkloof,House,4.0,170.0,2023-08-05,2023-09-12,"R3,931,000",R 3 805 000.00,Sold
L101060,Sandton,House,3.0,280.0,2025-11-29,2026-01-07,R 9 797 000,R 9 404 000,Sold
L102565,LYNNWOOD,House,4.0,276.0,2026-04-26,2026-06-25,7389000,6889000,Sold
L101194,Bryanston,Apartment,1.0,68.0,2025-11-07,2025-11-26,1646000,1553000,Sold
L101069,Lynnwood,Apartment,2.0,122.0,2024-01-11,2024-02-10,2430000,"R2,300,000",Sold
L102524,Sandton,House,2.0,101.0,2025-11-10,2025-12-06,R 3 591 000,"R3,503,000",Sold
L102205,IRENE,House,5.0,383.0,2024-05-15,2024-05-28,7360000,6543000,Sold
L101243,Waterkloof,Apartment,2.0,101.0,2025-08-03,2025-08-08,"R3,142,000",R 3 129 000,Sold
L100016,Faerie Glen,House,4.0,9.0,2023-04-11,2023-06-01,R 3 810 000.00,3553000,Sold
L103120,Groenkloof,Apartment,1.0,61.0,2023-05-09,2023-06-25,R 1 148 000.00,"R1,148,000",Sold
L100023,Bryanston,Apartment,1.0,75.0,2023-03-06,2023-04-01,1875000,R 1 875 000.00,Sold
L104642,  lynnwood ,Apartment,1.0,90.0,2026-02-06,2026-02-27,1786000,1772000,Sold
L104754,Sandton,Apartment,1.0,133.0,2023-07-21,2023-09-11,3867000,3864000,Sold
L100815,Bryanston,House,5.0,377.0,2023-09-09,2023-09-23,"R9,981,000",R 9 706 000.00,Sold
L103067,Groenkloof,Apartment,2.0,104.0,2026-01-10,2026-02-04,2138000,R 2 037 000.00,Sold
L105845,Bryanston,House,4.0,276.0,2024-04-10,2024-05-27,"R8,598,000",R 8 225 000,Sold
L105600,Faerie Glen,Apartment,1.0,89.0,2024-02-23,2024-04-06,R 1 238 000.00,R 1 218 000.00,Sold
L100959,Faerie Glen,Townhouse,3.0,154.0,2024-07-28,2024-09-26,2684000,2438000,Sold
L104893,Brooklyn,House,5.0,338.0,2025-05-05,2025-05-18,"R9,017,000",9017000,Sold
L100225,Sandton,House,3.0,197.0,2025-06-11,2025-07-30,R 7 720 000.00,6775000,Sold
L103354,Faerie Glen,Apartment,1.0,103.0,2025-01-15,2025-04-09,1738000,1738000,Sold
L102485,Menlo Park,Apartment,2.0,86.0,2026-04-20,2026-06-07,2246000,R 2 153 000,Sold
L100562,Bryanston,House,6.0,388.0,2025-11-10,2025-12-20,"R11,373,000",11262000,Sold
L103436,Menlo Park,House,5.0,,2023-09-22,2023-10-07,R 7 094 000,"R7,093,000",Sold
L101693,Centurion,House,3.0,272.0,2024-06-03,2024-06-28,R 4 874 000,R 4 525 000,Sold
L101045,Menlo Park,Townhouse,2.0,128.0,2026-02-14,2026-04-14,R 3 030 000,R 2 958 000,Sold
L103446,Centurion,House,1.0,133.0,2025-03-19,2025-04-25,"R3,177,000","R3,103,000",Sold
L104565,Centurion,House,6.0,376.0,2025-06-23,2025-08-27,"R7,170,000",7159000,Sold
L100954,Sandton,Apartment,1.0,60.0,2023-09-29,2023-10-16,R 2 157 000,2055000,Sold
L101580,Bryanston,House,3.0,235.0,2023-10-23,2023-12-12,"R6,141,000",R 5 811 000.00,Sold
L102735,Lynnwood,House,5.0,315.0,2024-01-02,,6826000,,Withdrawn
L100221,Faerie Glen,House,4.0,225.0,2024-07-06,2024-07-21,R 4 458 000.00,R 4 383 000.00,Sold
L104735,Centurion,House,3.0,229.0,2026-01-19,2026-02-20,R 3 652 000,R 3 476 000.00,Sold
L105890,Sandton,House,4.0,218.0,2023-04-23,2023-05-06,R 7 445 000,6828000,Sold
L101218,  centurion ,House,4.0,230.0,2023-09-01,2023-10-04,R 4 355 000.00,R 4 164 000,Sold
L105254,Rooihuiskraal,House,3.0,194.0,2025-10-11,2025-11-16,"R3,252,000",R 3 080 000.00,Sold
L105511,Faerie Glen,Townhouse,2.0,139.0,2025-09-01,,2694000,,Withdrawn
L101527,Lynnwood,Apartment,1.0,59.0,2025-05-24,2025-07-06,R 1 081 000.00,R 1 060 000.00,Sold
L103987,Lynnwood,Apartment,1.0,100.0,2024-03-16,2024-04-20,1747000,R 1 747 000.00,Sold
L102746,Groenkloof,Apartment,1.0,66.0,2025-07-13,2025-11-10,R 1 473 000.00,R 1 366 000,Sold
L101300,Groenkloof,House,3.0,206.0,2023-09-03,,4368000,,Withdrawn
L105986,Waterkloof,House,1.0,109.0,2024-09-24,2024-12-07,R 3 481 000,R 3 406 000,Sold
L105699,Waterkloof,Apartment,2.0,70.0,2023-06-17,2023-07-12,1654000,"R1,597,000",Sold
L100160,Waterkloof  Ridge,Apartment,1.0,62.0,2024-08-25,2024-10-25,"R1,775,000",R 1 693 000,Sold
L104067,Centurion,Townhouse,2.0,136.0,2024-08-03,2024-10-06,"R2,640,000",R 2 407 000,Sold
L105800,Lynnwood,Apartment,2.0,128.0,2025-01-10,2025-02-16,2543000,"R2,426,000",Sold
L100956,Rooihuiskraal,House,5.0,347.0,2025-07-07,2025-08-14,R 5 396 000.00,R 5 111 000.00,Sold
L103791,Menlo Park,House,4.0,269.0,2025-07-05,2025-08-15,6350000,6152000,Sold
L103234,Groenkloof,House,6.0,377.0,2024-05-01,2024-05-29,R 8 063 000,8063000,Sold
L102869,Waterkloof,Apartment,2.0,62.0,2025-10-04,2025-11-28,"R1,799,000","R1,799,000",Sold
L103777,Waterkloof,Apartment,3.0,111.0,2025-04-25,2025-06-04,R 2 838 000,R 2 786 000,Sold
L104433,Menlo Park,House,2.0,181.0,2025-12-02,2025-12-23,"R4,852,000","R4,852,000",Sold
L104973,Bryanston,House,3.0,186.0,2023-07-24,2023-10-06,"R5,417,000",R 5 417 000.00,Sold
L102961,Sandton,House,5.0,330.0,2024-03-01,2024-05-16,R 8 988 000,8575000,Sold
L102200,Waterkloof Ridge,House,1.0,142.0,2026-04-03,2026-06-05,R 4 856 000,R 4 856 000.00,Sold
L100098,Waterkloof Ridge,Apartment,1.0,83.0,2024-12-05,2025-01-03,R 2 072 000.00,1965000,Sold
L105949,Centurion,House,6.0,410.0,2023-04-18,2023-05-21,"R7,081,000","R7,081,000",Sold
L102557,Brooklyn,Apartment,1.0,142.0,2024-01-12,2024-01-28,R 2 845 000,R 2 845 000,Sold
L103183,Groenkloof,Townhouse,2.0,126.0,2025-03-09,2025-05-19,3046000,"R2,949,000",Sold
L100253,Brooklyn,House,3.0,204.0,2023-12-31,2024-02-03,R 4 925 000.00,"R4,777,000",Sold
L103923,Sandton,House,4.0,184.0,2023-09-07,2023-11-25,R 6 000 000,"R5,949,000",Sold
L104199,Waterkloof Ridge,Apartment,1.0,72.0,2024-10-04,,R 1 829 000.00,,Withdrawn
L101445,Irene,Apartment,2.0,109.0,2023-01-31,2023-02-14,2100000,R 1 889 000,Sold
L105539,Waterkloof,Apartment,1.0,79.0,2024-01-24,2024-03-02,1363000,1248000,Sold
L101648,Sandton,House,2.0,260.0,2024-09-29,2024-11-22,R 8 607 000,R 8 148 000,Sold
L104682,Rooihuiskraal,Apartment,1.0,91.0,2025-05-28,2025-06-16,R 1 354 000.00,"R1,274,000",Sold
L104723,Irene,House,4.0,242.0,2023-07-02,2023-07-21,R 3 903 000.00,R 3 752 000.00,Sold
L103991,Lynnwood,House,4.0,195.0,2023-10-25,2023-12-17,"R4,374,000",R 4 221 000.00,Sold
L101696,  groenkloof ,House,1.0,164.0,2024-09-06,2024-09-18,R 3 243 000.00,3165000,Sold
L103191,Waterkloof,House,4.0,252.0,2024-07-21,,"R6,864,000",,Withdrawn
L104499,Rooihuiskraal,Apartment,1.0,79.0,2024-06-30,2024-09-09,"R1,200,000",R 1 137 000,Sold
L101154,Faerie Glen,Apartment,1.0,97.0,2023-07-08,2023-07-19,R 1 338 000.00,"R1,258,000",Sold
L102255,Faerie Glen,House,4.0,306.0,2025-02-14,2025-03-25,R 5 701 000,"R5,655,000",Sold
L101682,Centurion,House,4.0,263.0,2023-02-10,,R 4 551 000,,Withdrawn
L103170,Sandton,House,6.0,353.0,2026-02-24,2026-04-23,"R12,639,000",R 12 449 000.00,Sold
L102056,Sandton,Apartment,3.0,166.0,2023-09-01,2023-10-03,R 5 063 000,"R4,981,000",Sold
L104090,Waterkloof Ridge,Apartment,2.0,127.0,2024-02-27,2024-04-10,3144000,R 3 102 000,Sold
L105969,Rooihuiskraal,House,2.0,141.0,2025-11-12,2026-01-21,R 2 047 000.00,2047000,Sold
L103108,Groenkloof,Apartment,1.0,78.0,2025-10-16,,1367000,,Withdrawn
L104548,Centurion,Apartment,,66.0,2023-09-05,2023-12-08,R 863 000,R 863 000.00,Sold
L103723,Lynnwood,House,1.0,186.0,2025-10-06,2026-01-11,5842000,"R5,562,000",Sold
L105423,Waterkloof,House,3.0,259.0,2025-01-01,2025-02-10,7477000,"R7,477,000",Sold
L102049,Menlo Park,Apartment,3.0,137.0,2023-05-12,2023-05-22,"R2,981,000",R 2 976 000,Sold
L104976,Lynnwood,House,4.0,317.0,2025-10-06,2025-11-19,"R8,106,000",7752000,Sold
L103643,Groenkloof,House,5.0,324.0,2026-01-10,2026-01-29,R 7 111 000.00,R 6 710 000.00,Sold
L102338,Irene,House,3.0,237.0,2025-04-27,2025-05-16,R 5 621 000,R 5 313 000,Sold
L100623,Lynnwood,House,1.0,136.0,2024-08-28,2024-10-26,R 3 162 000.00,R 3 090 000,Sold
L100262,Menlo Park,House,2.0,160.0,2023-04-04,,3224000,,Withdrawn
L105730,BROOKLYN,Apartment,1.0,76.0,2025-05-09,2025-06-26,R 1 710 000,R 1 649 000,Sold
L103369,Lynnwood,Apartment,1.0,61.0,2024-01-31,2024-04-27,"R906,000",R 894 000,Sold
L104061,  centurion ,House,4.0,277.0,2024-04-20,2024-05-16,R 4 881 000,R 4 853 000,Sold
L105534,Bryanston,House,6.0,595.0,2026-03-13,2026-04-02,R 17 359 000.00,"R17,359,000",Sold
L101802,Waterkloof Ridge,House,3.0,255.0,2023-01-17,2023-02-19,"R7,100,000","R6,958,000",Sold
L104736,Centurion,House,6.0,483.0,2026-03-15,2026-04-10,"R9,579,000",9579000,Sold
L102118,Waterkloof Ridge,House,5.0,369.0,2023-03-26,,9014000,,Withdrawn
L102385,Rooihuiskraal,House,3.0,176.0,2023-08-11,2023-10-04,2666000,R 2 600 000.00,Sold
L105759,WATERKLOOF,Apartment,1.0,93.0,2025-07-19,2025-08-05,R 2 486 000.00,"R2,466,000",Sold
L101959,Irene,Townhouse,3.0,153.0,2025-09-05,2025-09-20,R 2 589 000.00,2545000,Sold
L102976,Centurion,House,2.0,146.0,2023-05-05,2023-06-20,"R2,447,000",R 2 416 000.00,Sold
L100488,Irene,House,2.0,205.0,2023-11-30,,3648000,,Withdrawn
L101843,Sandton,Apartment,1.0,65.0,2026-01-27,2026-03-24,"R2,120,000","R2,120,000",Sold
L101734,Bryanston,Apartment,2.0,114.0,2025-06-03,2025-07-07,R 2 696 000.00,R 2 614 000,Sold
L102911,Waterkloof Ridge,House,4.0,324.0,2024-11-22,2024-12-26,9742000,R 9 259 000.00,Sold
L103219,Menlo Park,House,4.0,212.0,2023-12-30,2024-01-23,R 3 911 000,"R3,779,000",Sold
L100146,Menlo Park,Apartment,2.0,114.0,2025-10-09,2025-11-23,2576000,R 2 539 000,Sold
L105630,Lynnwood,Apartment,3.0,147.0,2024-05-14,2024-06-29,"R2,595,000","R2,595,000",Sold
L101986,Brooklyn,Townhouse,1.0,137.0,2023-07-10,2023-08-06,R 2 887 000.00,R 2 794 000.00,Sold
L101369,Menlo Park,Townhouse,1.0,174.0,2023-05-25,2023-06-13,4062000,4047000,Sold
L102811,Bryanston,Townhouse,1.0,145.0,2024-08-16,,R 4 072 000,,Withdrawn
L100659,LYNNWOOD,House,2.0,111.0,2024-11-12,2024-12-16,"R2,286,000",2064000,Sold
L101794,Sandton,Apartment,2.0,96.0,2023-05-04,2023-05-13,2495000,"R2,495,000",Sold
L102511,Lynnwood,House,3.0,5400.0,2023-01-20,2023-03-06,R 4 142 000.00,R 4 066 000,Sold
L103397,WATERKLOOF RIDGE,Apartment,1.0,82.0,2023-10-23,,"R1,615,000",,Withdrawn
L104282,Irene,House,3.0,222.0,2023-02-02,2023-03-19,"R3,425,000","R3,413,000",Sold
L101147,Rooihuiskraal,Apartment,2.0,115.0,2023-10-30,2023-11-25,R 1 599 000.00,R 1 592 000.00,Sold
L103272,Centurion,Townhouse,2.0,196.0,2023-02-24,2023-05-11,R 3 200 000,R 3 094 000.00,Sold
L100608,Centurion,House,5.0,328.0,2025-05-19,2025-06-07,R 7 267 000,R 7 267 000.00,Sold
L103582,Lynnwood,House,3.0,241.0,2025-01-01,,R 4 943 000.00,,Withdrawn
L101930,Centurion,House,4.0,202.0,2025-03-08,2025-05-16,R 4 378 000,"R4,219,000",Sold
L100197,Bryanston,House,3.0,208.0,2025-11-17,2026-02-06,"R8,212,000","R8,212,000",Sold
L102931,Groenkloof,House,5.0,371.0,2023-04-04,,7105000,,Withdrawn
L102327,Groenkloof,Apartment,1.0,94.0,2023-07-06,2023-08-25,1562000,1562000,Sold
L104389,Irene,House,6.0,418.0,2025-12-30,2026-01-16,R 7 285 000.00,R 6 942 000.00,Sold
L100766,Groenkloof,Apartment,1.0,67.0,2026-04-17,2026-08-01,"R1,467,000",1403000,Sold
L104496,Lynnwood,House,4.0,275.0,2023-12-14,2023-12-27,R 5 455 000.00,"R5,353,000",Sold
L104218,Sandton,House,2.0,,2023-07-06,2023-08-06,"R5,316,000","R5,316,000",Sold
L103255,Rooihuiskraal,House,5.0,275.0,2024-01-07,2024-03-12,R 3 938 000,"R3,891,000",Sold
L100202,  faerie glen ,Apartment,3.0,86.0,2026-03-27,2026-07-13,"R1,690,000",R 1 617 000.00,Sold
L103510,Sandton,Apartment,3.0,183.0,2023-07-19,2023-07-31,R 5 559 000,5270000,Sold
L104931,Irene,Apartment,2.0,93.0,2025-03-17,2025-05-01,R 1 989 000,R 1 910 000.00,Sold
L105535,Rooihuiskraal,House,5.0,322.0,2024-08-22,2024-11-19,"R5,638,000",5360000,Sold
L101733,Brooklyn,House,4.0,254.0,2023-11-19,2023-12-11,"R5,277,000",R 5 258 000.00,Sold
L105791,Centurion,Apartment,2.0,87.0,2025-11-28,2026-01-16,1551000,R 1 527 000.00,Sold
L102777,Faerie Glen,Apartment,2.0,94.0,2024-08-25,,1689000,,Withdrawn
L101707,Lynnwood,House,2.0,148.0,2023-10-27,2023-12-13,R 3 021 000.00,2964000,Sold
L105172,Bryanston,Apartment,1.0,109.0,2024-02-01,2024-03-27,R 3 052 000,R 3 052 000,Sold
L105249,Bryanston,House,6.0,404.0,2026-04-13,2026-05-28,"R13,980,000",13897000,Sold
L105757,Faerie Glen,House,2.0,153.0,2023-05-01,2023-05-19,2544000,2444000,Sold
L103474,Faerie Glen,House,6.0,310.0,2024-03-31,2024-04-28,5453000,R 5 237 000,Sold
L105855,Bryanston,House,4.0,265.0,2025-09-10,2025-10-16,"R9,132,000","R9,112,000",Sold
L100854,Groenkloof,House,2.0,163.0,2023-10-01,2023-11-28,3378000,3264000,Sold
L105685,Waterkloof,Apartment,2.0,113.0,2024-02-11,2024-03-15,R 2 633 000,"R2,575,000",Sold
L104737,Waterkloof,House,4.0,228.0,2026-02-07,2026-02-28,"R5,997,000",R 5 826 000.00,Sold
L104097,Irene,Townhouse,4.0,292.0,2024-06-06,2024-06-23,R 5 850 000,R 5 757 000,Sold
L102160,Lynnwood,House,3.0,252.0,2026-01-31,2026-03-03,4684000,R 4 454 000.00,Sold
L100698,Centurion,Apartment,2.0,77.0,2026-04-27,2026-07-07,1805000,1755000,Sold
L103311,Sandton,Apartment,2.0,149.0,2023-08-14,2023-10-26,R 3 353 000,R 3 324 000,Sold
L102999,Waterkloof Ridge,Apartment,1.0,78.0,2025-05-08,2025-06-13,R 2 236 000,R 2 199 000,Sold
L103696,  brooklyn ,House,3.0,243.0,2024-03-02,2024-04-28,5812000,"R5,331,000",Sold
L101636,Lynnwood,House,2.0,98.0,2025-07-23,2025-09-02,R 2 157 000.00,2157000,Sold
L103457,Sandton,House,4.0,329.0,2023-01-23,,"R9,276,000",,Withdrawn
L103581,Rooihuiskraal,House,3.0,250.0,2024-06-18,2024-07-27,R 3 815 000.00,R 3 680 000.00,Sold
L101291,Centurion,House,6.0,585.0,2025-12-23,2026-02-16,R 12 511 000,R 11 362 000.00,Sold
L104659,Groenkloof,House,3.0,219.0,2023-08-25,,R 4 558 000,,Withdrawn
L105616,Lynnwood,House,3.0,144.0,2025-08-24,2025-09-03,R 3 356 000,R 3 356 000,Sold
L101853,Rooihuiskraal,House,4.0,261.0,2025-02-10,2025-03-30,"R3,804,000",R 3 433 000,Sold
L105232,Lynnwood,House,4.0,288.0,2024-02-08,,"R5,774,000",,Withdrawn
L103763,Brooklyn,House,,326.0,2023-08-26,2023-11-01,R 7 490 000,R 7 078 000.00,Sold
L103304,Centurion,House,4.0,,2023-01-24,2023-04-10,R 5 423 000,R 5 423 000,Sold
L102187,Irene,House,3.0,233.0,2025-07-13,2025-09-26,5414000,"R5,200,000",Sold
L105727,Menlo Park,Apartment,3.0,119.0,2023-07-04,2023-07-27,R 2 179 000,"R2,114,000",Sold
L103743,Faerie Glen,Apartment,1.0,79.0,2024-05-31,2024-06-24,1228000,R 1 228 000,Sold
L103445,  menlo park ,House,6.0,405.0,2025-04-08,2025-06-16,R 9 061 000.00,"R8,290,000",Sold
L101998,Bryanston,House,2.0,187.0,2025-03-27,2025-04-21,"R6,509,000",R 6 385 000.00,Sold
L100663,Waterkloof,Apartment,1.0,98.0,2025-02-16,,R 2 645 000,,Withdrawn
L104779,Centurion,House,6.0,482.0,2023-03-04,2023-04-11,"R8,847,000",R 8 847 000.00,Sold
L105353,Centurion,House,5.0,289.0,2024-12-01,2025-01-29,4817000,"R4,817,000",Sold
L103748,Brooklyn,Apartment,1.0,72.0,2024-03-01,2024-03-20,"R1,383,000",R 1 383 000,Sold
L104413,Groenkloof,House,4.0,331.0,2025-07-09,2025-08-09,7558000,R 7 269 000.00,Sold
L104744,Waterkloof,Apartment,1.0,82.0,2025-10-11,2025-11-13,"R2,135,000","R2,135,000",Sold
L105530,Menlo Park,Apartment,2.0,106.0,2026-01-05,2026-01-22,R 2 156 000.00,2156000,Sold
L105575,Waterkloof Ridge,House,3.0,206.0,2025-12-15,2026-01-26,6283000,R 5 886 000.00,Sold
L100709,Lynnwood,House,1.0,161.0,2023-09-19,2023-10-25,"R3,254,000",3146000,Sold
L101282,Lynnwood,House,1.0,148.0,2024-11-29,2025-02-14,R 2 919 000,2864000,Sold
L105864,Centurion,House,6.0,386.0,2025-03-07,,"R8,612,000",,Withdrawn
L105068,  brooklyn ,House,2.0,150.0,2026-02-03,2026-02-28,R 3 617 000,"R3,503,000",Sold
L102675,Faerie Glen,Apartment,2.0,53.0,2025-11-19,,852000,,Withdrawn
L104029,Sandton,Apartment,2.0,93.0,2025-08-25,2025-11-07,"R3,151,000","R3,151,000",Sold
L101306,Irene,House,4.0,,2024-03-06,2024-04-02,4018000,R 3 794 000.00,Sold
L105496,Sandton,House,2.0,136.0,2024-06-01,,R 4 378 000.00,,Withdrawn
L105504,Bryanston,Townhouse,1.0,119.0,2025-03-01,2025-04-01,R 3 252 000,R 3 252 000,Sold
L102237,Menlo Park,House,3.0,275.0,2024-10-15,2024-11-02,"R6,496,000",6395000,Sold
L103302,Brooklyn,House,5.0,339.0,2024-08-22,,R 10 136 000,,Withdrawn
L105592,Irene,Townhouse,3.0,0.0,2025-08-18,2025-09-07,R 4 361 000,4193000,Sold
L102038,Irene,House,3.0,240.0,2024-04-28,,"R4,198,000",,Withdrawn
L101529,Brooklyn,House,4.0,207.0,2024-07-10,2024-08-30,"R5,033,000",5007000,Sold
L101663,Groenkloof,Townhouse,1.0,105.0,2024-09-18,2024-10-31,R 2 268 000.00,R 2 171 000,Sold
L105450,Waterkloof,Apartment,2.0,70.0,2025-06-29,2025-08-08,"R2,134,000",R 2 062 000.00,Sold
L100996,  centurion ,Apartment,1.0,52.0,2026-04-02,2026-04-30,"R1,004,000",1004000,Sold
L104634,Centurion,Apartment,2.0,118.0,2024-02-14,2024-03-06,"R1,844,000","R1,829,000",Sold
L103627,Centurion,House,5.0,281.0,2025-03-24,2025-04-14,5933000,R 5 933 000,Sold
L105739,MENLO PARK,Apartment,1.0,95.0,2023-12-29,2024-02-03,"R1,924,000",R 1 893 000.00,Sold
L105147,Faerie Glen,House,5.0,363.0,2023-10-06,2023-10-25,R 6 038 000,R 5 771 000.00,Sold
L104891,Brooklyn,House,3.0,260.0,2024-02-14,2024-03-28,R 5 890 000.00,R 5 659 000,Sold
L102693,Sandton,House,5.0,306.0,2025-10-03,2025-11-16,"R11,980,000",R 11 968 000,Sold
L103060,Irene,Apartment,1.0,70.0,2023-05-03,2023-08-24,R 1 082 000,"R1,027,000",Sold
L101597,Groenkloof,Apartment,2.0,112.0,2024-11-09,2024-12-07,R 1 951 000,R 1 935 000,Sold
L102729,Bryanston,House,4.0,293.0,2024-04-05,2024-05-14,9262000,8982000,Sold
L102625,Lynnwood,House,4.0,224.0,2023-01-17,2023-03-12,R 4 521 000,"R4,351,000",Sold
L105915,Irene,Apartment,1.0,66.0,2024-01-25,2024-04-27,R 1 087 000,1039000,Sold
L103157,WATERKLOOF,House,3.0,227.0,2025-11-07,2025-12-09,"R7,998,000",7827000,Sold
L103314,Brooklyn,House,6.0,498.0,2024-01-19,2024-03-02,"R11,908,000",R 11 585 000.00,Sold
L101722,Centurion,House,5.0,325.0,2025-12-24,2026-01-19,R 7 294 000.00,R 6 769 000.00,Sold
L105279,Centurion,House,2.0,169.0,2025-12-06,2025-12-28,"R3,427,000",R 3 362 000.00,Sold
L101059,Centurion,House,4.0,255.0,2023-07-18,2023-08-17,"R4,309,000","R4,160,000",Sold
L104636,Menlo Park,Townhouse,2.0,161.0,2026-04-20,2026-06-09,R 3 305 000.00,"R3,269,000",Sold
L103242,Sandton,House,2.0,162.0,2025-01-13,2025-03-04,6492000,R 6 305 000.00,Sold
L101678,Bryanston,Townhouse,2.0,152.0,2023-10-13,2023-10-24,3697000,R 3 668 000,Sold
L101757,Sandton,House,,352.0,2025-03-01,2025-04-14,14879000,14879000,Sold
L104191,Centurion,House,2.0,223.0,2024-04-07,2024-05-17,3922000,R 3 727 000,Sold
L105116,Irene,House,5.0,342.0,2024-06-18,2024-07-16,R 6 799 000.00,6487000,Sold
L100563,Centurion,Townhouse,1.0,101.0,2026-03-01,2026-03-20,R 2 007 000,R 1 982 000.00,Sold
L102790,  bryanston ,Townhouse,4.0,152.0,2025-02-20,,R 3 809 000.00,,Withdrawn
L100863,Irene,House,4.0,279.0,2025-11-02,2025-11-29,R 6 404 000,R 6 334 000,Sold
L101484,Centurion,House,1.0,103.0,2023-07-26,2023-09-22,R 2 229 000,R 2 177 000.00,Sold
L105977,Menlo Park,House,3.0,,2024-07-30,2024-08-25,R 4 530 000,4530000,Sold
L105134,BRYANSTON,Apartment,2.0,85.0,2023-09-21,2023-10-07,2040000,"R2,027,000",Sold
L100206,Waterkloof Ridge,House,3.0,246.0,2024-05-07,2024-06-15,R 7 456 000,7456000,Sold
L104488,Brooklyn,Townhouse,4.0,227.0,2025-04-29,2025-05-17,R 5 648 000,R 5 648 000.00,Sold
L100870,Centurion,Apartment,2.0,79.0,2023-03-31,2023-05-05,R 1 282 000.00,R 1 232 000,Sold
L104493,Waterkloof Ridge,House,3.0,154.0,2024-12-10,2025-01-23,4848000,4848000,Sold
L100502,Sandton,Apartment,1.0,85.0,2025-11-22,2026-02-05,"R2,431,000",2272000,Sold
L101028,Centurion,Apartment,2.0,150.0,2024-08-08,2024-09-03,2465000,R 2 304 000,Sold
L103840,Centurion,Apartment,1.0,86.0,2025-01-16,2025-04-23,R 1 313 000.00,R 1 263 000.00,Sold
L102690,Sandton,House,4.0,206.0,2026-01-16,2026-03-28,R 7 989 000.00,R 7 989 000.00,Sold
L105581,Menlo Park,Apartment,2.0,108.0,2025-07-17,2025-08-01,R 2 718 000,R 2 677 000,Sold
L105056,Faerie Glen Ext,House,4.0,358.0,2023-12-14,2024-01-19,5715000,R 5 293 000,Sold
L101570,Lynnwood,Apartment,1.0,74.0,2024-12-26,2025-02-07,1491000,"R1,448,000",Sold
L102773,  waterkloof ,Apartment,1.0,56.0,2023-10-29,2023-12-08,1101000,R 1 101 000,Sold
L105991,Centurion,House,2.0,92.0,2025-11-29,2026-01-20,R 1 692 000.00,R 1 581 000,Sold
L102731,Brooklyn,House,,273.0,2023-10-20,2023-11-08,R 4 753 000,4753000,Sold
L100804,Waterkloof Ridge,Townhouse,3.0,157.0,2024-02-07,2024-02-26,"R4,443,000",R 4 234 000,Sold
L105847,Groenkloof,House,6.0,381.0,2023-10-17,2023-11-07,R 7 900 000,7857000,Sold
L103645,Rooihuiskraal,House,3.0,253.0,2024-01-05,2024-01-19,R 4 090 000.00,R 3 922 000,Sold
L102454,Irene,House,4.0,231.0,2025-11-21,2026-01-30,4783000,R 4 783 000.00,Sold
L104598,Menlo Park,House,3.0,228.0,2023-05-27,2023-06-25,5646000,5184000,Sold
L103104,Centurion,Apartment,1.0,69.0,2023-03-11,2023-03-29,"R1,088,000","R1,064,000",Sold
L104875,Faerie Glen,Apartment,2.0,100.0,2025-04-28,,2002000,,Withdrawn
L105959,Brooklyn,House,3.0,305.0,2025-01-05,2025-02-05,R 8 279 000,8279000,Sold
L100200,Rooihuiskraal,House,2.0,175.0,2025-06-17,2025-08-03,R 3 327 000.00,R 3 069 000,Sold
L103099,Groenkloof,Townhouse,2.0,148.0,2023-12-05,2023-12-21,R 2 949 000.00,"R2,865,000",Sold
L102278,Bryanston,Townhouse,3.0,174.0,2025-02-20,2025-04-11,5777000,R 5 688 000,Sold
L103561,Faerie Glen,House,2.0,140.0,2024-04-30,,R 2 170 000,,Withdrawn
L105892,Faerie Glen,Apartment,2.0,115.0,2023-10-31,2023-12-03,2075000,"R2,075,000",Sold
L104474,Faerie Glen,House,4.0,307.0,2025-03-02,2025-03-29,4742000,R 4 444 000.00,Sold
L104514,Waterkloof Ridge,Townhouse,3.0,201.0,2025-09-05,2025-09-16,R 7 496 000.00,7273000,Sold
L105794,Rooihuiskraal,Apartment,2.0,68.0,2023-03-30,,R 982 000,,Withdrawn
L100391,Waterkloof Ridge,Apartment,1.0,47.0,2023-06-27,2023-07-26,"R894,000","R866,000",Sold
L105618,Irene,House,6.0,482.0,2024-02-27,2024-03-08,R 9 277 000.00,8765000,Sold
L105258,Lynnwood,House,5.0,254.0,2025-03-23,2025-04-10,5418000,"R5,418,000",Sold
L101495,Centurion,Apartment,,67.0,2024-02-21,2024-03-28,"R915,000",909000,Sold
L102695,Groenkloof,House,5.0,320.0,2025-08-09,2025-08-30,R 6 686 000.00,R 6 686 000,Sold
L102027,Menlo Park,Apartment,2.0,77.0,2023-11-13,2023-12-12,R 1 384 000,R 1 370 000,Sold
L105248,Waterkloof Ridge,House,2.0,182.0,2025-12-26,2026-02-01,5209000,R 5 061 000,Sold
L105463,Centurion,House,4.0,285.0,2023-09-22,2023-10-27,"R4,839,000",4783000,Sold
L102568,Centurion,Apartment,2.0,77.0,2023-11-18,2024-01-17,"R922,000","R878,000",Sold
L100064,Centurion,House,4.0,238.0,2024-06-04,2024-08-28,"R4,959,000",R 4 952 000,Sold
L103884,Sandton,House,3.0,240.0,2024-11-14,2024-12-20,"R7,607,000",7240000,Sold
L102062,Faerie Glen,House,5.0,357.0,2024-01-01,2024-02-15,5318000,"R4,941,000",Sold
L105276,Irene,House,2.0,123.0,2023-06-24,2023-09-03,R 2 314 000,R 2 199 000.00,Sold
L100492,Centurion,Apartment,2.0,117.0,2024-01-30,2024-03-30,R 1 634 000,R 1 634 000.00,Sold
L100379,Centurion,House,5.0,397.0,2023-05-21,2023-06-09,R 8 748 000.00,8113000,Sold
L104859,Brooklyn,House,3.0,191.0,2025-04-30,2025-05-14,R 4 345 000,4312000,Sold
L103993,Menlo Park,House,4.0,289.0,2023-11-30,2024-02-25,R 5 950 000,"R5,654,000",Sold
L104887,Centurion,Apartment,1.0,50.0,2023-07-26,2023-09-01,"R787,000",R 751 000,Sold
L101076,Faerie Glen,House,,282.0,2023-09-05,2023-12-11,4835000,"R4,739,000",Sold
L100878,Irene,Apartment,2.0,66.0,2025-12-14,2025-12-26,"R1,111,000",1094000,Sold
L100337,Centurion,House,3.0,266.0,2023-12-02,2024-01-27,"R5,023,000","R4,876,000",Sold
L101016,Centurion,House,,252.0,2024-01-31,2024-03-16,R 4 057 000.00,3979000,Sold
L101275,Menlo Park,Apartment,1.0,79.0,2025-08-14,,"R1,703,000",,Withdrawn
L103798,  lynnwood ,House,5.0,394.0,2024-07-27,2024-08-14,"R8,908,000",R 8 520 000.00,Sold
L104551,Centurion,House,6.0,482.0,2025-05-21,2025-06-23,"R9,607,000",R 9 563 000.00,Sold
L103342,Groenkloof,Apartment,1.0,54.0,2024-02-09,2024-03-29,1005000,1005000,Sold
L104911,Lynnwood,Apartment,1.0,75.0,2023-09-21,2023-10-22,R 1 322 000,1276000,Sold
L100995,Lynnwood,Apartment,1.0,76.0,2024-04-19,2024-05-22,1658000,R 1 595 000,Sold
L101981,Menlo Park,Townhouse,1.0,149.0,2024-07-30,,3752000,,Withdrawn
L104297,Irene,House,6.0,334.0,2025-02-26,2025-05-03,R 7 819 000.00,7710000,Sold
L100161,Sandton,Apartment,,96.0,2025-12-31,2026-01-17,2405000,2405000,Sold
L105675,Sandton,House,4.0,198.0,2024-02-03,2024-03-12,R 6 264 000,"R5,859,000",Sold
L104798,Bryanston,Townhouse,3.0,,2024-05-11,2024-06-23,"R3,959,000",R 3 860 000.00,Sold
L101500,Centurion,House,5.0,,2023-11-02,2024-01-18,5304000,R 5 304 000.00,Sold
L103843,Irene,Apartment,1.0,,2024-09-08,2024-12-14,2071000,1905000,Sold
L105225,Lynnwood,House,3.0,204.0,2024-02-20,2024-03-12,"R4,701,000",4701000,Sold
L102613,Rooihuiskraal,House,1.0,12000.0,2026-02-20,2026-04-24,R 2 981 000,"R2,789,000",Sold
L103461,Rooihuiskraal,House,6.0,460.0,2025-01-18,2025-03-16,"R6,081,000",R 5 810 000,Sold
L101021,CENTURION,Townhouse,4.0,206.0,2023-01-06,2023-02-14,R 3 488 000,3424000,Sold
L103073,Centurion,Apartment,2.0,108.0,2025-06-27,2025-07-18,2115000,2115000,Sold
L103943,  irene ,Apartment,1.0,75.0,2023-12-25,,R 1 420 000,,Withdrawn
L101585,Sandton,House,3.0,199.0,2024-08-24,2024-09-02,7148000,"R6,622,000",Sold
L101955,Sandton,Apartment,1.0,109.0,2024-08-30,2024-10-13,R 3 634 000.00,R 3 634 000,Sold
L103152,Menlo Park,House,5.0,327.0,2025-10-03,2025-11-23,R 6 368 000.00,6130000,Sold
L100034,Lynnwood,Townhouse,4.0,245.0,2023-02-25,2023-03-25,R 4 298 000,"R4,125,000",Sold
L104014,IRENE,Townhouse,3.0,125.0,2025-03-02,2025-04-27,2630000,2580000,Sold
L100775,Bryanston,House,4.0,242.0,2024-12-12,2025-01-08,8408000,"R8,223,000",Sold
L102556,  waterkloof ,Apartment,2.0,148.0,2023-02-03,2023-03-05,"R3,423,000",3333000,Sold
L101478,Faerie Glen,House,3.0,201.0,2025-06-10,2025-07-10,R 3 778 000,R 3 607 000,Sold
L105486,Bryanston,Townhouse,3.0,182.0,2023-12-31,2024-02-20,"R4,266,000",4244000,Sold
L101363,Waterkloof,Apartment,1.0,77.0,2024-01-19,2024-03-09,R 1 669 000.00,R 1 669 000,Sold
L102612,Faerie Glen,Apartment,2.0,78.0,2023-01-10,2023-01-31,1075000,R 971 000,Sold
L102824,Sandton,Apartment,3.0,,2023-06-13,2023-06-30,2220000,2144000,Sold
L102041,Rooihuiskraal,House,4.0,270.0,2025-12-18,2026-01-18,R 4 369 000,4148000,Sold
L100241,ROOIHUISKRAAL,House,4.0,235.0,2024-04-20,2024-07-18,4566000,4325000,Sold
L102061,Brooklyn,House,2.0,207.0,2023-01-08,2023-02-02,R 3 976 000.00,R 3 899 000.00,Sold
L102363,Bryanston,House,3.0,249.0,2026-02-02,2026-03-02,R 7 727 000,"R7,482,000",Sold
L100600,Lynnwood,House,5.0,359.0,2024-10-12,2024-11-12,R 7 629 000.00,R 7 259 000,Sold
L102435,Sandton,Apartment,2.0,65.0,2024-12-06,2025-01-08,"R1,642,000",R 1 625 000,Sold
L105393,  lynnwood ,House,3.0,152.0,2023-08-09,2023-10-07,R 2 899 000.00,2687000,Sold
L102888,Waterkloof Ridge,Apartment,1.0,65.0,2023-05-23,2023-08-06,"R1,800,000",R 1 795 000.00,Sold
L100646,Waterkloof,House,3.0,213.0,2025-07-07,2025-08-23,R 6 735 000,R 6 630 000.00,Sold
L103890,Waterkloof Ridge,Apartment,2.0,90.0,2024-06-01,2024-06-17,R 2 405 000.00,R 2 394 000.00,Sold
L103556,Faerie Glen,House,3.0,286.0,2024-01-01,2024-01-11,R 4 938 000,R 4 768 000,Sold
L103202,Sandton,House,1.0,97.0,2023-08-14,2023-09-27,R 2 828 000.00,"R2,622,000",Sold
L101528,Waterkloof Ridge,House,4.0,293.0,2025-12-09,2026-01-04,R 8 880 000,"R8,494,000",Sold
L101267,Sandton,Apartment,3.0,133.0,2024-06-17,2024-08-09,R 4 195 000,R 4 175 000.00,Sold
L101899,Waterkloof,House,3.0,140.0,2025-10-21,2025-10-28,"R3,798,000",R 3 608 000.00,Sold
L104658,Irene,House,5.0,336.0,2026-03-20,2026-03-31,7997000,R 7 592 000,Sold
L103005,Rooihuiskraal,Apartment,2.0,84.0,2024-11-19,2024-12-15,R 1 171 000,R 1 112 000,Sold
L102734,Brooklyn,Apartment,2.0,138.0,2024-01-15,2024-03-02,2351000,R 2 324 000,Sold
L100189,Brooklyn,Apartment,1.0,85.0,2024-08-25,2024-09-25,R 1 709 000,1709000,Sold
L101806,Waterkloof,Apartment,1.0,74.0,2024-11-17,2024-12-05,R 1 835 000.00,"R1,775,000",Sold
L100975,Irene,House,2.0,189.0,2024-06-15,2024-07-26,3128000,2953000,Sold
L102747,Groenkloof,Apartment,2.0,95.0,2025-04-02,2025-05-29,2044000,1961000,Sold
L102047,Faerie Glen,Townhouse,1.0,81.0,2023-05-17,2023-06-23,"R1,393,000","R1,380,000",Sold
L102558,Lynnwood,House,4.0,267.0,2024-02-10,2024-04-06,5229000,4944000,Sold
L101082,Sandton,Apartment,2.0,99.0,2023-07-28,2023-08-18,R 2 499 000.00,R 2 498 000.00,Sold
L100474,Brooklyn,House,2.0,140.0,2025-04-30,2025-05-21,R 3 274 000,R 3 185 000,Sold
L102904,Menlo  Park,Townhouse,2.0,110.0,2023-07-06,2023-08-18,R 2 042 000.00,R 2 009 000.00,Sold
L104843,Lynnwood,Apartment,1.0,103.0,2024-11-19,2025-02-06,2134000,2027000,Sold
L104117,Bryanston,House,4.0,298.0,2023-05-30,2023-07-07,R 8 227 000,7752000,Sold
L103385,CENTURION,House,2.0,88.0,2023-05-15,2023-06-12,R 1 513 000,"R1,419,000",Sold
L104555,Centurion,Townhouse,2.0,198.0,2023-07-31,2023-08-28,R 3 788 000,3779000,Sold
L101184,Groenkloof,House,6.0,374.0,2024-01-28,2024-02-20,"R7,876,000",R 7 462 000,Sold
L105051,Lynnwood,House,3.0,203.0,2025-02-01,2025-02-28,4944000,"R4,905,000",Sold
L105311,Brooklyn,Apartment,,83.0,2023-05-16,2023-05-24,R 1 689 000,R 1 565 000.00,Sold
L102433,Menlo Park,Apartment,1.0,90.0,2026-02-11,2026-03-09,R 1 976 000.00,"R1,814,000",Sold
L105611,Centurion,House,2.0,144.0,2025-06-08,2025-06-27,R 2 671 000,2516000,Sold
L102391,Rooihuiskraal,House,5.0,304.0,2024-08-30,2024-12-28,"R4,254,000",4026000,Sold
L100769,Irene,House,2.0,188.0,2024-11-17,2025-01-20,R 3 679 000,"R3,500,000",Sold
L101685,Brooklyn,Apartment,2.0,99.0,2026-02-03,2026-02-26,R 2 305 000,R 2 085 000.00,Sold
L100130,Groenkloof,House,4.0,285.0,2023-09-06,2023-11-02,R 5 192 000,5181000,Sold
L102919,Centurion,Apartment,2.0,148.0,2024-08-08,2024-10-17,2526000,R 2 492 000.00,Sold
L103171,Centurion,Apartment,2.0,108.0,2026-03-19,2026-05-25,1916000,R 1 831 000.00,Sold
L103444,Bryanston,Apartment,2.0,102.0,2023-08-30,2023-09-15,"R2,633,000",R 2 633 000.00,Sold
L105578,Bryanston,Apartment,1.0,62.0,2024-05-28,2024-07-20,1702000,R 1 660 000,Sold
L104426,Groenkloof,House,2.0,177.0,2026-01-29,2026-02-27,"R4,510,000",R 4 284 000.00,Sold
L105334,Menlo Park,House,2.0,210.0,2026-02-23,2026-04-30,"R5,677,000",R 5 473 000,Sold
L100466,Centurion,House,2.0,137.0,2025-04-03,2025-04-27,R 2 444 000,"R2,439,000",Sold
L105734,Groenkloof,Apartment,1.0,58.0,2025-04-20,2025-05-27,R 1 347 000.00,R 1 319 000.00,Sold
L103092,Bryanston,House,4.0,349.0,2023-06-24,,R 9 779 000,,Withdrawn
L103772,Centurion,Apartment,1.0,111.0,2024-11-20,2024-12-06,2133000,R 2 004 000,Sold
L105191,Centurion,House,4.0,301.0,2025-03-06,2025-05-06,"R5,516,000",R 5 317 000.00,Sold
L105226,Waterkloof Ridge,House,6.0,484.0,2026-04-03,2026-04-24,18320000,R 18 173 000,Sold
L105390,Irene,House,3.0,222.0,2023-12-28,2024-02-20,R 3 845 000,"R3,678,000",Sold
L100860,Centurion,House,5.0,306.0,2023-03-13,2023-04-11,R 5 613 000,"R5,613,000",Sold
